model_id,arm,operator_id,mutation_family,witness_id,evaluator_version,applicable,admissible,reference_output_hash,mutant_output_hash,evaluator_verdict,matched_control_id,control_verdict,pk_alignment_regime,normalization_triggered,root_cause_category,prediction,prediction_correct
address.states,B,GC1,grain_cardinality,corpus:address.states:cap2000,default,applicable,admissible,6e3dbf6eb768d106,0a119c292b9ac70c,rejected,SDL_rowdup:address.states:GC1,rejected,all_column_fallback,,,survive,
address.states,B,GC1,grain_cardinality,corpus:address.states:cap2000,verified,applicable,admissible,6e3dbf6eb768d106,0a119c292b9ac70c,SURVIVED,SDL_rowdup:address.states:GC1,SURVIVED,all_column_fallback,,,survive,True
address.states,B,PP1,population_predicates,corpus:address.states:cap2000,default,applicable,admissible,6e3dbf6eb768d106,b914a4d7ab2f3058,rejected,SDL_rowdrop:address.states:PP1,rejected,all_column_fallback,,,survive,
address.states,B,PP1,population_predicates,corpus:address.states:cap2000,verified,applicable,admissible,6e3dbf6eb768d106,b914a4d7ab2f3058,SURVIVED,SDL_rowdrop:address.states:PP1,SURVIVED,all_column_fallback,,,survive,True
address.states,B,RV1,representative_value,corpus:address.states:cap2000,-,NOT_APPLICABLE,,6e3dbf6eb768d106,,,SDL_rowdrop:address.states:RV1,,all_column_fallback,,,survive,
address.states,B,ME3,measures,corpus:address.states:cap2000,-,NOT_APPLICABLE,,6e3dbf6eb768d106,,,AOR_scale:address.states:ME3,,all_column_fallback,,,survive,
address.states,B,AB1,absence,corpus:address.states:cap2000,-,NOT_APPLICABLE,,6e3dbf6eb768d106,,,IR_constfill:address.states:AB1,,all_column_fallback,,,survive,
address.states,B,AB1R,absence,corpus:address.states:cap2000,-,NOT_APPLICABLE,,6e3dbf6eb768d106,,,IR_constzero:address.states:AB1R,,all_column_fallback,,,survive,
address.states,B,AB2,absence,corpus:address.states:cap2000,default,applicable,admissible,6e3dbf6eb768d106,acbf27ffd528289e,SURVIVED,IR_sentinel:address.states:AB2,rejected,all_column_fallback,,,reject,
address.states,B,AB2,absence,corpus:address.states:cap2000,verified,applicable,admissible,6e3dbf6eb768d106,acbf27ffd528289e,SURVIVED,IR_sentinel:address.states:AB2,rejected,all_column_fallback,,,reject,False
airline.airline__airlines,B,GC1,grain_cardinality,corpus:airline.airline__airlines:cap2000,default,applicable,admissible,41a3284fb03277c1,24ed3760e7063a43,rejected,SDL_rowdup:airline.airline__airlines:GC1,rejected,inferred_key,,,survive,
airline.airline__airlines,B,GC1,grain_cardinality,corpus:airline.airline__airlines:cap2000,verified,applicable,admissible,41a3284fb03277c1,24ed3760e7063a43,SURVIVED,SDL_rowdup:airline.airline__airlines:GC1,SURVIVED,inferred_key,,,survive,True
airline.airline__airlines,B,PP1,population_predicates,corpus:airline.airline__airlines:cap2000,default,applicable,admissible,41a3284fb03277c1,22226b767cd3b29a,rejected,SDL_rowdrop:airline.airline__airlines:PP1,rejected,inferred_key,,,survive,
airline.airline__airlines,B,PP1,population_predicates,corpus:airline.airline__airlines:cap2000,verified,applicable,admissible,41a3284fb03277c1,22226b767cd3b29a,SURVIVED,SDL_rowdrop:airline.airline__airlines:PP1,SURVIVED,inferred_key,,,survive,True
airline.airline__airlines,B,RV1,representative_value,corpus:airline.airline__airlines:cap2000,-,NOT_APPLICABLE,,41a3284fb03277c1,,,SDL_rowdrop:airline.airline__airlines:RV1,,inferred_key,,,survive,
airline.airline__airlines,B,ME3,measures,corpus:airline.airline__airlines:cap2000,-,NOT_APPLICABLE,,41a3284fb03277c1,,,AOR_scale:airline.airline__airlines:ME3,,inferred_key,,,survive,
airline.airline__airlines,B,AB1,absence,corpus:airline.airline__airlines:cap2000,-,NOT_APPLICABLE,,41a3284fb03277c1,,,IR_constfill:airline.airline__airlines:AB1,,inferred_key,,,survive,
airline.airline__airlines,B,AB1R,absence,corpus:airline.airline__airlines:cap2000,-,NOT_APPLICABLE,,41a3284fb03277c1,,,IR_constzero:airline.airline__airlines:AB1R,,inferred_key,,,survive,
airline.airline__airlines,B,AB2,absence,corpus:airline.airline__airlines:cap2000,default,applicable,admissible,41a3284fb03277c1,47d1a2a699d12bc1,SURVIVED,IR_sentinel:airline.airline__airlines:AB2,rejected,inferred_key,,,reject,
airline.airline__airlines,B,AB2,absence,corpus:airline.airline__airlines:cap2000,verified,applicable,admissible,41a3284fb03277c1,47d1a2a699d12bc1,SURVIVED,IR_sentinel:airline.airline__airlines:AB2,rejected,inferred_key,,,reject,False
airline.airline__airports,B,GC1,grain_cardinality,corpus:airline.airline__airports:cap2000,default,applicable,admissible,b001fe24798e1157,bbe33c80f1c8b2a9,rejected,SDL_rowdup:airline.airline__airports:GC1,rejected,inferred_key,,,survive,
airline.airline__airports,B,GC1,grain_cardinality,corpus:airline.airline__airports:cap2000,verified,applicable,admissible,b001fe24798e1157,bbe33c80f1c8b2a9,SURVIVED,SDL_rowdup:airline.airline__airports:GC1,SURVIVED,inferred_key,,,survive,True
airline.airline__airports,B,PP1,population_predicates,corpus:airline.airline__airports:cap2000,default,applicable,admissible,b001fe24798e1157,f374b0a0cc51730c,rejected,SDL_rowdrop:airline.airline__airports:PP1,rejected,inferred_key,,,survive,
airline.airline__airports,B,PP1,population_predicates,corpus:airline.airline__airports:cap2000,verified,applicable,admissible,b001fe24798e1157,f374b0a0cc51730c,SURVIVED,SDL_rowdrop:airline.airline__airports:PP1,SURVIVED,inferred_key,,,survive,True
airline.airline__airports,B,RV1,representative_value,corpus:airline.airline__airports:cap2000,-,NOT_APPLICABLE,,b001fe24798e1157,,,SDL_rowdrop:airline.airline__airports:RV1,,inferred_key,,,survive,
airline.airline__airports,B,ME3,measures,corpus:airline.airline__airports:cap2000,-,NOT_APPLICABLE,,b001fe24798e1157,,,AOR_scale:airline.airline__airports:ME3,,inferred_key,,,survive,
airline.airline__airports,B,AB1,absence,corpus:airline.airline__airports:cap2000,default,applicable,admissible,b001fe24798e1157,f1868f7c3d9fa544,rejected,IR_constfill:airline.airline__airports:AB1,rejected,inferred_key,,,survive,
airline.airline__airports,B,AB1,absence,corpus:airline.airline__airports:cap2000,verified,applicable,admissible,b001fe24798e1157,f1868f7c3d9fa544,SURVIVED,IR_constfill:airline.airline__airports:AB1,rejected,inferred_key,,,survive,True
airline.airline__airports,B,AB1R,absence,corpus:airline.airline__airports:cap2000,default,applicable,admissible,b001fe24798e1157,3a17e741942f34c5,rejected,IR_constzero:airline.airline__airports:AB1R,rejected,inferred_key,,,survive,
airline.airline__airports,B,AB1R,absence,corpus:airline.airline__airports:cap2000,verified,applicable,admissible,b001fe24798e1157,3a17e741942f34c5,SURVIVED,IR_constzero:airline.airline__airports:AB1R,rejected,inferred_key,,,survive,True
airline.airline__airports,B,AB2,absence,corpus:airline.airline__airports:cap2000,default,applicable,admissible,b001fe24798e1157,f66d43f47603a4f0,SURVIVED,IR_sentinel:airline.airline__airports:AB2,rejected,inferred_key,,,reject,
airline.airline__airports,B,AB2,absence,corpus:airline.airline__airports:cap2000,verified,applicable,admissible,b001fe24798e1157,f66d43f47603a4f0,SURVIVED,IR_sentinel:airline.airline__airports:AB2,rejected,inferred_key,,,reject,False
amplitude.amplitude__event_enhanced,B,GC1,grain_cardinality,corpus:amplitude.amplitude__event_enhanced:cap2000,default,applicable,admissible,dc897c7cbd057d81,0710ab63316b3f3c,rejected,SDL_rowdup:amplitude.amplitude__event_enhanced:GC1,rejected,inferred_key,,,survive,
amplitude.amplitude__event_enhanced,B,GC1,grain_cardinality,corpus:amplitude.amplitude__event_enhanced:cap2000,verified,applicable,admissible,dc897c7cbd057d81,0710ab63316b3f3c,SURVIVED,SDL_rowdup:amplitude.amplitude__event_enhanced:GC1,SURVIVED,inferred_key,,,survive,True
amplitude.amplitude__event_enhanced,B,PP1,population_predicates,corpus:amplitude.amplitude__event_enhanced:cap2000,default,applicable,admissible,dc897c7cbd057d81,d352f12938489a96,rejected,SDL_rowdrop:amplitude.amplitude__event_enhanced:PP1,rejected,inferred_key,,,survive,
amplitude.amplitude__event_enhanced,B,PP1,population_predicates,corpus:amplitude.amplitude__event_enhanced:cap2000,verified,applicable,admissible,dc897c7cbd057d81,d352f12938489a96,SURVIVED,SDL_rowdrop:amplitude.amplitude__event_enhanced:PP1,SURVIVED,inferred_key,,,survive,True
amplitude.amplitude__event_enhanced,B,RV1,representative_value,corpus:amplitude.amplitude__event_enhanced:cap2000,-,NOT_APPLICABLE,,dc897c7cbd057d81,,,SDL_rowdrop:amplitude.amplitude__event_enhanced:RV1,,inferred_key,,,survive,
amplitude.amplitude__event_enhanced,B,ME3,measures,corpus:amplitude.amplitude__event_enhanced:cap2000,-,NOT_APPLICABLE,,dc897c7cbd057d81,,,AOR_scale:amplitude.amplitude__event_enhanced:ME3,,inferred_key,,,survive,
amplitude.amplitude__event_enhanced,B,AB1,absence,corpus:amplitude.amplitude__event_enhanced:cap2000,-,NOT_APPLICABLE,,dc897c7cbd057d81,,,IR_constfill:amplitude.amplitude__event_enhanced:AB1,,inferred_key,,,survive,
amplitude.amplitude__event_enhanced,B,AB1R,absence,corpus:amplitude.amplitude__event_enhanced:cap2000,-,NOT_APPLICABLE,,dc897c7cbd057d81,,,IR_constzero:amplitude.amplitude__event_enhanced:AB1R,,inferred_key,,,survive,
amplitude.amplitude__event_enhanced,B,AB2,absence,corpus:amplitude.amplitude__event_enhanced:cap2000,default,applicable,admissible,dc897c7cbd057d81,7adcd76e0e8e6193,SURVIVED,IR_sentinel:amplitude.amplitude__event_enhanced:AB2,rejected,inferred_key,,,reject,
amplitude.amplitude__event_enhanced,B,AB2,absence,corpus:amplitude.amplitude__event_enhanced:cap2000,verified,applicable,admissible,dc897c7cbd057d81,7adcd76e0e8e6193,SURVIVED,IR_sentinel:amplitude.amplitude__event_enhanced:AB2,rejected,inferred_key,,,reject,False
amplitude.amplitude__sessions,B,GC1,grain_cardinality,corpus:amplitude.amplitude__sessions:cap2000,default,applicable,admissible,42c70605b1bcd7f8,5a1472141e05423c,rejected,SDL_rowdup:amplitude.amplitude__sessions:GC1,rejected,inferred_key,,,survive,
amplitude.amplitude__sessions,B,GC1,grain_cardinality,corpus:amplitude.amplitude__sessions:cap2000,verified,applicable,admissible,42c70605b1bcd7f8,5a1472141e05423c,SURVIVED,SDL_rowdup:amplitude.amplitude__sessions:GC1,SURVIVED,inferred_key,,,survive,True
amplitude.amplitude__sessions,B,PP1,population_predicates,corpus:amplitude.amplitude__sessions:cap2000,default,applicable,admissible,42c70605b1bcd7f8,2d4471da697a9360,rejected,SDL_rowdrop:amplitude.amplitude__sessions:PP1,rejected,inferred_key,,,survive,
amplitude.amplitude__sessions,B,PP1,population_predicates,corpus:amplitude.amplitude__sessions:cap2000,verified,applicable,admissible,42c70605b1bcd7f8,2d4471da697a9360,SURVIVED,SDL_rowdrop:amplitude.amplitude__sessions:PP1,SURVIVED,inferred_key,,,survive,True
amplitude.amplitude__sessions,B,RV1,representative_value,corpus:amplitude.amplitude__sessions:cap2000,-,NOT_APPLICABLE,,42c70605b1bcd7f8,,,SDL_rowdrop:amplitude.amplitude__sessions:RV1,,inferred_key,,,survive,
amplitude.amplitude__sessions,B,ME3,measures,corpus:amplitude.amplitude__sessions:cap2000,-,NOT_APPLICABLE,,42c70605b1bcd7f8,,,AOR_scale:amplitude.amplitude__sessions:ME3,,inferred_key,,,survive,
amplitude.amplitude__sessions,B,AB1,absence,corpus:amplitude.amplitude__sessions:cap2000,-,NOT_APPLICABLE,,42c70605b1bcd7f8,,,IR_constfill:amplitude.amplitude__sessions:AB1,,inferred_key,,,survive,
amplitude.amplitude__sessions,B,AB1R,absence,corpus:amplitude.amplitude__sessions:cap2000,-,NOT_APPLICABLE,,42c70605b1bcd7f8,,,IR_constzero:amplitude.amplitude__sessions:AB1R,,inferred_key,,,survive,
amplitude.amplitude__sessions,B,AB2,absence,corpus:amplitude.amplitude__sessions:cap2000,-,NOT_APPLICABLE,,42c70605b1bcd7f8,,,IR_sentinel:amplitude.amplitude__sessions:AB2,,inferred_key,,,reject,
amplitude.amplitude__user_enhanced,B,GC1,grain_cardinality,corpus:amplitude.amplitude__user_enhanced:cap2000,default,applicable,admissible,85257848c42e0933,1ac96ac0c673df62,rejected,SDL_rowdup:amplitude.amplitude__user_enhanced:GC1,rejected,inferred_key,,,survive,
amplitude.amplitude__user_enhanced,B,GC1,grain_cardinality,corpus:amplitude.amplitude__user_enhanced:cap2000,verified,applicable,admissible,85257848c42e0933,1ac96ac0c673df62,SURVIVED,SDL_rowdup:amplitude.amplitude__user_enhanced:GC1,SURVIVED,inferred_key,,,survive,True
amplitude.amplitude__user_enhanced,B,PP1,population_predicates,corpus:amplitude.amplitude__user_enhanced:cap2000,default,applicable,admissible,85257848c42e0933,ed9582b52f205047,rejected,SDL_rowdrop:amplitude.amplitude__user_enhanced:PP1,rejected,inferred_key,,,survive,
amplitude.amplitude__user_enhanced,B,PP1,population_predicates,corpus:amplitude.amplitude__user_enhanced:cap2000,verified,applicable,admissible,85257848c42e0933,ed9582b52f205047,SURVIVED,SDL_rowdrop:amplitude.amplitude__user_enhanced:PP1,SURVIVED,inferred_key,,,survive,True
amplitude.amplitude__user_enhanced,B,RV1,representative_value,corpus:amplitude.amplitude__user_enhanced:cap2000,-,NOT_APPLICABLE,,85257848c42e0933,,,SDL_rowdrop:amplitude.amplitude__user_enhanced:RV1,,inferred_key,,,survive,
amplitude.amplitude__user_enhanced,B,ME3,measures,corpus:amplitude.amplitude__user_enhanced:cap2000,-,NOT_APPLICABLE,,85257848c42e0933,,,AOR_scale:amplitude.amplitude__user_enhanced:ME3,,inferred_key,,,survive,
amplitude.amplitude__user_enhanced,B,AB1,absence,corpus:amplitude.amplitude__user_enhanced:cap2000,-,NOT_APPLICABLE,,85257848c42e0933,,,IR_constfill:amplitude.amplitude__user_enhanced:AB1,,inferred_key,,,survive,
amplitude.amplitude__user_enhanced,B,AB1R,absence,corpus:amplitude.amplitude__user_enhanced:cap2000,-,NOT_APPLICABLE,,85257848c42e0933,,,IR_constzero:amplitude.amplitude__user_enhanced:AB1R,,inferred_key,,,survive,
amplitude.amplitude__user_enhanced,B,AB2,absence,corpus:amplitude.amplitude__user_enhanced:cap2000,-,NOT_APPLICABLE,,85257848c42e0933,,,IR_sentinel:amplitude.amplitude__user_enhanced:AB2,,inferred_key,,,reject,
app_store.apps,B,GC1,grain_cardinality,corpus:app_store.apps:cap2000,default,applicable,admissible,66229e745a29e22e,427fd379e993bd67,rejected,SDL_rowdup:app_store.apps:GC1,rejected,all_column_fallback,,,survive,
app_store.apps,B,GC1,grain_cardinality,corpus:app_store.apps:cap2000,verified,applicable,admissible,66229e745a29e22e,427fd379e993bd67,SURVIVED,SDL_rowdup:app_store.apps:GC1,SURVIVED,all_column_fallback,,,survive,True
app_store.apps,B,PP1,population_predicates,corpus:app_store.apps:cap2000,default,applicable,admissible,66229e745a29e22e,47cf1715c3ecd518,rejected,SDL_rowdrop:app_store.apps:PP1,rejected,all_column_fallback,,,survive,
app_store.apps,B,PP1,population_predicates,corpus:app_store.apps:cap2000,verified,applicable,admissible,66229e745a29e22e,47cf1715c3ecd518,SURVIVED,SDL_rowdrop:app_store.apps:PP1,SURVIVED,all_column_fallback,,,survive,True
app_store.apps,B,RV1,representative_value,corpus:app_store.apps:cap2000,-,NOT_APPLICABLE,,66229e745a29e22e,,,SDL_rowdrop:app_store.apps:RV1,,all_column_fallback,,,survive,
app_store.apps,B,ME3,measures,corpus:app_store.apps:cap2000,default,applicable,admissible,66229e745a29e22e,55d32df3c96ebfc5,rejected,AOR_scale:app_store.apps:ME3,rejected,all_column_fallback,,,survive,
app_store.apps,B,ME3,measures,corpus:app_store.apps:cap2000,verified,applicable,admissible,66229e745a29e22e,55d32df3c96ebfc5,SURVIVED,AOR_scale:app_store.apps:ME3,rejected,all_column_fallback,,,survive,True
app_store.apps,B,AB1,absence,corpus:app_store.apps:cap2000,default,applicable,admissible,66229e745a29e22e,3ef3ae1d5b3935f1,rejected,IR_constfill:app_store.apps:AB1,rejected,all_column_fallback,,,survive,
app_store.apps,B,AB1,absence,corpus:app_store.apps:cap2000,verified,applicable,admissible,66229e745a29e22e,3ef3ae1d5b3935f1,SURVIVED,IR_constfill:app_store.apps:AB1,rejected,all_column_fallback,,,survive,True
app_store.apps,B,AB1R,absence,corpus:app_store.apps:cap2000,default,applicable,admissible,66229e745a29e22e,4d779f475283f145,rejected,IR_constzero:app_store.apps:AB1R,rejected,all_column_fallback,,,survive,
app_store.apps,B,AB1R,absence,corpus:app_store.apps:cap2000,verified,applicable,admissible,66229e745a29e22e,4d779f475283f145,SURVIVED,IR_constzero:app_store.apps:AB1R,rejected,all_column_fallback,,,survive,True
app_store.apps,B,AB2,absence,corpus:app_store.apps:cap2000,default,applicable,admissible,66229e745a29e22e,981bb6b7aef4a06f,SURVIVED,IR_sentinel:app_store.apps:AB2,rejected,all_column_fallback,,,reject,
app_store.apps,B,AB2,absence,corpus:app_store.apps:cap2000,verified,applicable,admissible,66229e745a29e22e,981bb6b7aef4a06f,SURVIVED,IR_sentinel:app_store.apps:AB2,rejected,all_column_fallback,,,reject,False
apple_store.apple_store__device_report,B,GC1,grain_cardinality,corpus:apple_store.apple_store__device_report:cap2000,default,applicable,admissible,03ed38dca2d4a534,5422053840db255e,rejected,SDL_rowdup:apple_store.apple_store__device_report:GC1,rejected,all_column_fallback,,,survive,
apple_store.apple_store__device_report,B,GC1,grain_cardinality,corpus:apple_store.apple_store__device_report:cap2000,verified,applicable,admissible,03ed38dca2d4a534,5422053840db255e,SURVIVED,SDL_rowdup:apple_store.apple_store__device_report:GC1,SURVIVED,all_column_fallback,,,survive,True
apple_store.apple_store__device_report,B,PP1,population_predicates,corpus:apple_store.apple_store__device_report:cap2000,default,applicable,admissible,03ed38dca2d4a534,4a1dbaecb2c2d5be,rejected,SDL_rowdrop:apple_store.apple_store__device_report:PP1,rejected,all_column_fallback,,,survive,
apple_store.apple_store__device_report,B,PP1,population_predicates,corpus:apple_store.apple_store__device_report:cap2000,verified,applicable,admissible,03ed38dca2d4a534,4a1dbaecb2c2d5be,SURVIVED,SDL_rowdrop:apple_store.apple_store__device_report:PP1,rejected,all_column_fallback,,,survive,True
apple_store.apple_store__device_report,B,RV1,representative_value,corpus:apple_store.apple_store__device_report:cap2000,-,NOT_APPLICABLE,,03ed38dca2d4a534,,,SDL_rowdrop:apple_store.apple_store__device_report:RV1,,all_column_fallback,,,survive,
apple_store.apple_store__device_report,B,ME3,measures,corpus:apple_store.apple_store__device_report:cap2000,-,NOT_APPLICABLE,,03ed38dca2d4a534,,,AOR_scale:apple_store.apple_store__device_report:ME3,,all_column_fallback,,,survive,
apple_store.apple_store__device_report,B,AB1,absence,corpus:apple_store.apple_store__device_report:cap2000,-,NOT_APPLICABLE,,03ed38dca2d4a534,,,IR_constfill:apple_store.apple_store__device_report:AB1,,all_column_fallback,,,survive,
apple_store.apple_store__device_report,B,AB1R,absence,corpus:apple_store.apple_store__device_report:cap2000,-,NOT_APPLICABLE,,03ed38dca2d4a534,,,IR_constzero:apple_store.apple_store__device_report:AB1R,,all_column_fallback,,,survive,
apple_store.apple_store__device_report,B,AB2,absence,corpus:apple_store.apple_store__device_report:cap2000,-,NOT_APPLICABLE,,03ed38dca2d4a534,,,IR_sentinel:apple_store.apple_store__device_report:AB2,,all_column_fallback,,,reject,
apple_store.apple_store__overview_report,B,GC1,grain_cardinality,corpus:apple_store.apple_store__overview_report:cap2000,default,applicable,admissible,d0687370d3a3976d,c0b4b460c336be58,rejected,SDL_rowdup:apple_store.apple_store__overview_report:GC1,rejected,all_column_fallback,,,survive,
apple_store.apple_store__overview_report,B,GC1,grain_cardinality,corpus:apple_store.apple_store__overview_report:cap2000,verified,applicable,admissible,d0687370d3a3976d,c0b4b460c336be58,SURVIVED,SDL_rowdup:apple_store.apple_store__overview_report:GC1,SURVIVED,all_column_fallback,,,survive,True
apple_store.apple_store__overview_report,B,PP1,population_predicates,corpus:apple_store.apple_store__overview_report:cap2000,default,applicable,admissible,d0687370d3a3976d,7f2bbf1f67898863,rejected,SDL_rowdrop:apple_store.apple_store__overview_report:PP1,rejected,all_column_fallback,,,survive,
apple_store.apple_store__overview_report,B,PP1,population_predicates,corpus:apple_store.apple_store__overview_report:cap2000,verified,applicable,admissible,d0687370d3a3976d,7f2bbf1f67898863,SURVIVED,SDL_rowdrop:apple_store.apple_store__overview_report:PP1,SURVIVED,all_column_fallback,,,survive,True
apple_store.apple_store__overview_report,B,RV1,representative_value,corpus:apple_store.apple_store__overview_report:cap2000,-,NOT_APPLICABLE,,d0687370d3a3976d,,,SDL_rowdrop:apple_store.apple_store__overview_report:RV1,,all_column_fallback,,,survive,
apple_store.apple_store__overview_report,B,ME3,measures,corpus:apple_store.apple_store__overview_report:cap2000,-,NOT_APPLICABLE,,d0687370d3a3976d,,,AOR_scale:apple_store.apple_store__overview_report:ME3,,all_column_fallback,,,survive,
apple_store.apple_store__overview_report,B,AB1,absence,corpus:apple_store.apple_store__overview_report:cap2000,-,NOT_APPLICABLE,,d0687370d3a3976d,,,IR_constfill:apple_store.apple_store__overview_report:AB1,,all_column_fallback,,,survive,
apple_store.apple_store__overview_report,B,AB1R,absence,corpus:apple_store.apple_store__overview_report:cap2000,-,NOT_APPLICABLE,,d0687370d3a3976d,,,IR_constzero:apple_store.apple_store__overview_report:AB1R,,all_column_fallback,,,survive,
apple_store.apple_store__overview_report,B,AB2,absence,corpus:apple_store.apple_store__overview_report:cap2000,-,NOT_APPLICABLE,,d0687370d3a3976d,,,IR_sentinel:apple_store.apple_store__overview_report:AB2,,all_column_fallback,,,reject,
apple_store.apple_store__platform_version_report,B,GC1,grain_cardinality,corpus:apple_store.apple_store__platform_version_report:cap2000,default,applicable,admissible,da8d8eaba724976c,5f8f082e7ace79d1,rejected,SDL_rowdup:apple_store.apple_store__platform_version_report:GC1,rejected,all_column_fallback,,,survive,
apple_store.apple_store__platform_version_report,B,GC1,grain_cardinality,corpus:apple_store.apple_store__platform_version_report:cap2000,verified,applicable,admissible,da8d8eaba724976c,5f8f082e7ace79d1,SURVIVED,SDL_rowdup:apple_store.apple_store__platform_version_report:GC1,SURVIVED,all_column_fallback,,,survive,True
apple_store.apple_store__platform_version_report,B,PP1,population_predicates,corpus:apple_store.apple_store__platform_version_report:cap2000,default,applicable,admissible,da8d8eaba724976c,b41347e79d4274c6,rejected,SDL_rowdrop:apple_store.apple_store__platform_version_report:PP1,rejected,all_column_fallback,,,survive,
apple_store.apple_store__platform_version_report,B,PP1,population_predicates,corpus:apple_store.apple_store__platform_version_report:cap2000,verified,applicable,admissible,da8d8eaba724976c,b41347e79d4274c6,SURVIVED,SDL_rowdrop:apple_store.apple_store__platform_version_report:PP1,SURVIVED,all_column_fallback,,,survive,True
apple_store.apple_store__platform_version_report,B,RV1,representative_value,corpus:apple_store.apple_store__platform_version_report:cap2000,-,NOT_APPLICABLE,,da8d8eaba724976c,,,SDL_rowdrop:apple_store.apple_store__platform_version_report:RV1,,all_column_fallback,,,survive,
apple_store.apple_store__platform_version_report,B,ME3,measures,corpus:apple_store.apple_store__platform_version_report:cap2000,-,NOT_APPLICABLE,,da8d8eaba724976c,,,AOR_scale:apple_store.apple_store__platform_version_report:ME3,,all_column_fallback,,,survive,
apple_store.apple_store__platform_version_report,B,AB1,absence,corpus:apple_store.apple_store__platform_version_report:cap2000,-,NOT_APPLICABLE,,da8d8eaba724976c,,,IR_constfill:apple_store.apple_store__platform_version_report:AB1,,all_column_fallback,,,survive,
apple_store.apple_store__platform_version_report,B,AB1R,absence,corpus:apple_store.apple_store__platform_version_report:cap2000,-,NOT_APPLICABLE,,da8d8eaba724976c,,,IR_constzero:apple_store.apple_store__platform_version_report:AB1R,,all_column_fallback,,,survive,
apple_store.apple_store__platform_version_report,B,AB2,absence,corpus:apple_store.apple_store__platform_version_report:cap2000,-,NOT_APPLICABLE,,da8d8eaba724976c,,,IR_sentinel:apple_store.apple_store__platform_version_report:AB2,,all_column_fallback,,,reject,
apple_store.apple_store__source_type_report,B,GC1,grain_cardinality,corpus:apple_store.apple_store__source_type_report:cap2000,default,applicable,admissible,ed825ee421208215,db9aeb972e50452a,rejected,SDL_rowdup:apple_store.apple_store__source_type_report:GC1,rejected,all_column_fallback,,,survive,
apple_store.apple_store__source_type_report,B,GC1,grain_cardinality,corpus:apple_store.apple_store__source_type_report:cap2000,verified,applicable,admissible,ed825ee421208215,db9aeb972e50452a,SURVIVED,SDL_rowdup:apple_store.apple_store__source_type_report:GC1,SURVIVED,all_column_fallback,,,survive,True
apple_store.apple_store__source_type_report,B,PP1,population_predicates,corpus:apple_store.apple_store__source_type_report:cap2000,default,applicable,admissible,ed825ee421208215,b1947ea7564bba30,rejected,SDL_rowdrop:apple_store.apple_store__source_type_report:PP1,rejected,all_column_fallback,,,survive,
apple_store.apple_store__source_type_report,B,PP1,population_predicates,corpus:apple_store.apple_store__source_type_report:cap2000,verified,applicable,admissible,ed825ee421208215,b1947ea7564bba30,SURVIVED,SDL_rowdrop:apple_store.apple_store__source_type_report:PP1,SURVIVED,all_column_fallback,,,survive,True
apple_store.apple_store__source_type_report,B,RV1,representative_value,corpus:apple_store.apple_store__source_type_report:cap2000,-,NOT_APPLICABLE,,ed825ee421208215,,,SDL_rowdrop:apple_store.apple_store__source_type_report:RV1,,all_column_fallback,,,survive,
apple_store.apple_store__source_type_report,B,ME3,measures,corpus:apple_store.apple_store__source_type_report:cap2000,-,NOT_APPLICABLE,,ed825ee421208215,,,AOR_scale:apple_store.apple_store__source_type_report:ME3,,all_column_fallback,,,survive,
apple_store.apple_store__source_type_report,B,AB1,absence,corpus:apple_store.apple_store__source_type_report:cap2000,-,NOT_APPLICABLE,,ed825ee421208215,,,IR_constfill:apple_store.apple_store__source_type_report:AB1,,all_column_fallback,,,survive,
apple_store.apple_store__source_type_report,B,AB1R,absence,corpus:apple_store.apple_store__source_type_report:cap2000,-,NOT_APPLICABLE,,ed825ee421208215,,,IR_constzero:apple_store.apple_store__source_type_report:AB1R,,all_column_fallback,,,survive,
apple_store.apple_store__source_type_report,B,AB2,absence,corpus:apple_store.apple_store__source_type_report:cap2000,-,NOT_APPLICABLE,,ed825ee421208215,,,IR_sentinel:apple_store.apple_store__source_type_report:AB2,,all_column_fallback,,,reject,
asana.asana__project,B,GC1,grain_cardinality,corpus:asana.asana__project:cap2000,default,applicable,admissible,d6c9bf3744734fed,f86c2f9d762ae05f,rejected,SDL_rowdup:asana.asana__project:GC1,rejected,inferred_key,,,survive,
asana.asana__project,B,GC1,grain_cardinality,corpus:asana.asana__project:cap2000,verified,applicable,admissible,d6c9bf3744734fed,f86c2f9d762ae05f,SURVIVED,SDL_rowdup:asana.asana__project:GC1,SURVIVED,inferred_key,,,survive,True
asana.asana__project,B,PP1,population_predicates,corpus:asana.asana__project:cap2000,default,applicable,admissible,d6c9bf3744734fed,0443c2aa32402cc5,rejected,SDL_rowdrop:asana.asana__project:PP1,rejected,inferred_key,,,survive,
asana.asana__project,B,PP1,population_predicates,corpus:asana.asana__project:cap2000,verified,applicable,admissible,d6c9bf3744734fed,0443c2aa32402cc5,SURVIVED,SDL_rowdrop:asana.asana__project:PP1,SURVIVED,inferred_key,,,survive,True
asana.asana__project,B,RV1,representative_value,corpus:asana.asana__project:cap2000,-,NOT_APPLICABLE,,d6c9bf3744734fed,,,SDL_rowdrop:asana.asana__project:RV1,,inferred_key,,,survive,
asana.asana__project,B,ME3,measures,corpus:asana.asana__project:cap2000,-,NOT_APPLICABLE,,d6c9bf3744734fed,,,AOR_scale:asana.asana__project:ME3,,inferred_key,,,survive,
asana.asana__project,B,AB1,absence,corpus:asana.asana__project:cap2000,-,NOT_APPLICABLE,,d6c9bf3744734fed,,,IR_constfill:asana.asana__project:AB1,,inferred_key,,,survive,
asana.asana__project,B,AB1R,absence,corpus:asana.asana__project:cap2000,-,NOT_APPLICABLE,,d6c9bf3744734fed,,,IR_constzero:asana.asana__project:AB1R,,inferred_key,,,survive,
asana.asana__project,B,AB2,absence,corpus:asana.asana__project:cap2000,default,applicable,admissible,d6c9bf3744734fed,5151ac5d9813d223,SURVIVED,IR_sentinel:asana.asana__project:AB2,rejected,inferred_key,,,reject,
asana.asana__project,B,AB2,absence,corpus:asana.asana__project:cap2000,verified,applicable,admissible,d6c9bf3744734fed,5151ac5d9813d223,SURVIVED,IR_sentinel:asana.asana__project:AB2,rejected,inferred_key,,,reject,False
asana.asana__tag,B,GC1,grain_cardinality,corpus:asana.asana__tag:cap2000,default,applicable,admissible,63d6c8fda9cabb2e,43ff8bd2e829fa7a,rejected,SDL_rowdup:asana.asana__tag:GC1,rejected,inferred_key,,,survive,
asana.asana__tag,B,GC1,grain_cardinality,corpus:asana.asana__tag:cap2000,verified,applicable,admissible,63d6c8fda9cabb2e,43ff8bd2e829fa7a,SURVIVED,SDL_rowdup:asana.asana__tag:GC1,SURVIVED,inferred_key,,,survive,True
asana.asana__tag,B,PP1,population_predicates,corpus:asana.asana__tag:cap2000,default,applicable,admissible,63d6c8fda9cabb2e,60ffbf6470135bac,rejected,SDL_rowdrop:asana.asana__tag:PP1,rejected,inferred_key,,,survive,
asana.asana__tag,B,PP1,population_predicates,corpus:asana.asana__tag:cap2000,verified,applicable,admissible,63d6c8fda9cabb2e,60ffbf6470135bac,SURVIVED,SDL_rowdrop:asana.asana__tag:PP1,SURVIVED,inferred_key,,,survive,True
asana.asana__tag,B,RV1,representative_value,corpus:asana.asana__tag:cap2000,-,NOT_APPLICABLE,,63d6c8fda9cabb2e,,,SDL_rowdrop:asana.asana__tag:RV1,,inferred_key,,,survive,
asana.asana__tag,B,ME3,measures,corpus:asana.asana__tag:cap2000,-,NOT_APPLICABLE,,63d6c8fda9cabb2e,,,AOR_scale:asana.asana__tag:ME3,,inferred_key,,,survive,
asana.asana__tag,B,AB1,absence,corpus:asana.asana__tag:cap2000,-,NOT_APPLICABLE,,63d6c8fda9cabb2e,,,IR_constfill:asana.asana__tag:AB1,,inferred_key,,,survive,
asana.asana__tag,B,AB1R,absence,corpus:asana.asana__tag:cap2000,-,NOT_APPLICABLE,,63d6c8fda9cabb2e,,,IR_constzero:asana.asana__tag:AB1R,,inferred_key,,,survive,
asana.asana__tag,B,AB2,absence,corpus:asana.asana__tag:cap2000,-,NOT_APPLICABLE,,63d6c8fda9cabb2e,,,IR_sentinel:asana.asana__tag:AB2,,inferred_key,,,reject,
asana.asana__task,B,GC1,grain_cardinality,corpus:asana.asana__task:cap2000,-,NOT_APPLICABLE,,65a47e8f056f716b,,,SDL_rowdup:asana.asana__task:GC1,,inferred_key,,,survive,
asana.asana__task,B,PP1,population_predicates,corpus:asana.asana__task:cap2000,-,NOT_APPLICABLE,,65a47e8f056f716b,,,SDL_rowdrop:asana.asana__task:PP1,,inferred_key,,,survive,
asana.asana__task,B,RV1,representative_value,corpus:asana.asana__task:cap2000,-,NOT_APPLICABLE,,65a47e8f056f716b,,,SDL_rowdrop:asana.asana__task:RV1,,inferred_key,,,survive,
asana.asana__task,B,ME3,measures,corpus:asana.asana__task:cap2000,-,NOT_APPLICABLE,,65a47e8f056f716b,,,AOR_scale:asana.asana__task:ME3,,inferred_key,,,survive,
asana.asana__task,B,AB1,absence,corpus:asana.asana__task:cap2000,-,NOT_APPLICABLE,,65a47e8f056f716b,,,IR_constfill:asana.asana__task:AB1,,inferred_key,,,survive,
asana.asana__task,B,AB1R,absence,corpus:asana.asana__task:cap2000,-,NOT_APPLICABLE,,65a47e8f056f716b,,,IR_constzero:asana.asana__task:AB1R,,inferred_key,,,survive,
asana.asana__task,B,AB2,absence,corpus:asana.asana__task:cap2000,default,applicable,admissible,65a47e8f056f716b,45634bfea6549a0f,SURVIVED,IR_sentinel:asana.asana__task:AB2,rejected,inferred_key,,,reject,
asana.asana__task,B,AB2,absence,corpus:asana.asana__task:cap2000,verified,applicable,admissible,65a47e8f056f716b,45634bfea6549a0f,SURVIVED,IR_sentinel:asana.asana__task:AB2,rejected,inferred_key,,,reject,False
asana.asana__team,B,GC1,grain_cardinality,corpus:asana.asana__team:cap2000,default,applicable,admissible,f1a72b153cea2674,3d22e9465df03806,rejected,SDL_rowdup:asana.asana__team:GC1,rejected,inferred_key,,,survive,
asana.asana__team,B,GC1,grain_cardinality,corpus:asana.asana__team:cap2000,verified,applicable,admissible,f1a72b153cea2674,3d22e9465df03806,SURVIVED,SDL_rowdup:asana.asana__team:GC1,SURVIVED,inferred_key,,,survive,True
asana.asana__team,B,PP1,population_predicates,corpus:asana.asana__team:cap2000,default,applicable,admissible,f1a72b153cea2674,612f80b934a156e2,rejected,SDL_rowdrop:asana.asana__team:PP1,rejected,inferred_key,,,survive,
asana.asana__team,B,PP1,population_predicates,corpus:asana.asana__team:cap2000,verified,applicable,admissible,f1a72b153cea2674,612f80b934a156e2,SURVIVED,SDL_rowdrop:asana.asana__team:PP1,SURVIVED,inferred_key,,,survive,True
asana.asana__team,B,RV1,representative_value,corpus:asana.asana__team:cap2000,-,NOT_APPLICABLE,,f1a72b153cea2674,,,SDL_rowdrop:asana.asana__team:RV1,,inferred_key,,,survive,
asana.asana__team,B,ME3,measures,corpus:asana.asana__team:cap2000,-,NOT_APPLICABLE,,f1a72b153cea2674,,,AOR_scale:asana.asana__team:ME3,,inferred_key,,,survive,
asana.asana__team,B,AB1,absence,corpus:asana.asana__team:cap2000,-,NOT_APPLICABLE,,f1a72b153cea2674,,,IR_constfill:asana.asana__team:AB1,,inferred_key,,,survive,
asana.asana__team,B,AB1R,absence,corpus:asana.asana__team:cap2000,-,NOT_APPLICABLE,,f1a72b153cea2674,,,IR_constzero:asana.asana__team:AB1R,,inferred_key,,,survive,
asana.asana__team,B,AB2,absence,corpus:asana.asana__team:cap2000,default,applicable,admissible,f1a72b153cea2674,b6ab8baa64156c81,SURVIVED,IR_sentinel:asana.asana__team:AB2,rejected,inferred_key,,,reject,
asana.asana__team,B,AB2,absence,corpus:asana.asana__team:cap2000,verified,applicable,admissible,f1a72b153cea2674,b6ab8baa64156c81,SURVIVED,IR_sentinel:asana.asana__team:AB2,rejected,inferred_key,,,reject,False
asana.asana__user,B,GC1,grain_cardinality,corpus:asana.asana__user:cap2000,default,applicable,admissible,122ba34d5e7f9b4a,193c608cf4473386,rejected,SDL_rowdup:asana.asana__user:GC1,rejected,inferred_key,,,survive,
asana.asana__user,B,GC1,grain_cardinality,corpus:asana.asana__user:cap2000,verified,applicable,admissible,122ba34d5e7f9b4a,193c608cf4473386,SURVIVED,SDL_rowdup:asana.asana__user:GC1,SURVIVED,inferred_key,,,survive,True
asana.asana__user,B,PP1,population_predicates,corpus:asana.asana__user:cap2000,default,applicable,admissible,122ba34d5e7f9b4a,17306318fa8c4bb1,rejected,SDL_rowdrop:asana.asana__user:PP1,rejected,inferred_key,,,survive,
asana.asana__user,B,PP1,population_predicates,corpus:asana.asana__user:cap2000,verified,applicable,admissible,122ba34d5e7f9b4a,17306318fa8c4bb1,SURVIVED,SDL_rowdrop:asana.asana__user:PP1,SURVIVED,inferred_key,,,survive,True
asana.asana__user,B,RV1,representative_value,corpus:asana.asana__user:cap2000,-,NOT_APPLICABLE,,122ba34d5e7f9b4a,,,SDL_rowdrop:asana.asana__user:RV1,,inferred_key,,,survive,
asana.asana__user,B,ME3,measures,corpus:asana.asana__user:cap2000,-,NOT_APPLICABLE,,122ba34d5e7f9b4a,,,AOR_scale:asana.asana__user:ME3,,inferred_key,,,survive,
asana.asana__user,B,AB1,absence,corpus:asana.asana__user:cap2000,-,NOT_APPLICABLE,,122ba34d5e7f9b4a,,,IR_constfill:asana.asana__user:AB1,,inferred_key,,,survive,
asana.asana__user,B,AB1R,absence,corpus:asana.asana__user:cap2000,-,NOT_APPLICABLE,,122ba34d5e7f9b4a,,,IR_constzero:asana.asana__user:AB1R,,inferred_key,,,survive,
asana.asana__user,B,AB2,absence,corpus:asana.asana__user:cap2000,-,NOT_APPLICABLE,,122ba34d5e7f9b4a,,,IR_sentinel:asana.asana__user:AB2,,inferred_key,,,reject,
authors.conferences,B,GC1,grain_cardinality,corpus:authors.conferences:cap2000,default,applicable,admissible,23bd2bb47446e18e,39fe275e663d05b1,rejected,SDL_rowdup:authors.conferences:GC1,rejected,inferred_key,,,survive,
authors.conferences,B,GC1,grain_cardinality,corpus:authors.conferences:cap2000,verified,applicable,admissible,23bd2bb47446e18e,39fe275e663d05b1,SURVIVED,SDL_rowdup:authors.conferences:GC1,SURVIVED,inferred_key,,,survive,True
authors.conferences,B,PP1,population_predicates,corpus:authors.conferences:cap2000,default,applicable,admissible,23bd2bb47446e18e,71bab3351acfb877,rejected,SDL_rowdrop:authors.conferences:PP1,rejected,inferred_key,,,survive,
authors.conferences,B,PP1,population_predicates,corpus:authors.conferences:cap2000,verified,applicable,admissible,23bd2bb47446e18e,71bab3351acfb877,SURVIVED,SDL_rowdrop:authors.conferences:PP1,SURVIVED,inferred_key,,,survive,True
authors.conferences,B,RV1,representative_value,corpus:authors.conferences:cap2000,-,NOT_APPLICABLE,,23bd2bb47446e18e,,,SDL_rowdrop:authors.conferences:RV1,,inferred_key,,,survive,
authors.conferences,B,ME3,measures,corpus:authors.conferences:cap2000,-,NOT_APPLICABLE,,23bd2bb47446e18e,,,AOR_scale:authors.conferences:ME3,,inferred_key,,,survive,
authors.conferences,B,AB1,absence,corpus:authors.conferences:cap2000,-,NOT_APPLICABLE,,23bd2bb47446e18e,,,IR_constfill:authors.conferences:AB1,,inferred_key,,,survive,
authors.conferences,B,AB1R,absence,corpus:authors.conferences:cap2000,-,NOT_APPLICABLE,,23bd2bb47446e18e,,,IR_constzero:authors.conferences:AB1R,,inferred_key,,,survive,
authors.conferences,B,AB2,absence,corpus:authors.conferences:cap2000,default,applicable,admissible,23bd2bb47446e18e,6a7a7f435d571423,SURVIVED,IR_sentinel:authors.conferences:AB2,rejected,inferred_key,,,reject,
authors.conferences,B,AB2,absence,corpus:authors.conferences:cap2000,verified,applicable,admissible,23bd2bb47446e18e,6a7a7f435d571423,SURVIVED,IR_sentinel:authors.conferences:AB2,rejected,inferred_key,,,reject,False
beer_factory.beer_factory__customers,B,GC1,grain_cardinality,corpus:beer_factory.beer_factory__customers:cap2000,default,applicable,admissible,9b099f37aa2c6122,2c84a3e5f5a884dc,rejected,SDL_rowdup:beer_factory.beer_factory__customers:GC1,rejected,inferred_key,,,survive,
beer_factory.beer_factory__customers,B,GC1,grain_cardinality,corpus:beer_factory.beer_factory__customers:cap2000,verified,applicable,admissible,9b099f37aa2c6122,2c84a3e5f5a884dc,SURVIVED,SDL_rowdup:beer_factory.beer_factory__customers:GC1,SURVIVED,inferred_key,,,survive,True
beer_factory.beer_factory__customers,B,PP1,population_predicates,corpus:beer_factory.beer_factory__customers:cap2000,default,applicable,admissible,9b099f37aa2c6122,c34f56da3a52650a,rejected,SDL_rowdrop:beer_factory.beer_factory__customers:PP1,rejected,inferred_key,,,survive,
beer_factory.beer_factory__customers,B,PP1,population_predicates,corpus:beer_factory.beer_factory__customers:cap2000,verified,applicable,admissible,9b099f37aa2c6122,c34f56da3a52650a,SURVIVED,SDL_rowdrop:beer_factory.beer_factory__customers:PP1,SURVIVED,inferred_key,,,survive,True
beer_factory.beer_factory__customers,B,RV1,representative_value,corpus:beer_factory.beer_factory__customers:cap2000,-,NOT_APPLICABLE,,9b099f37aa2c6122,,,SDL_rowdrop:beer_factory.beer_factory__customers:RV1,,inferred_key,,,survive,
beer_factory.beer_factory__customers,B,ME3,measures,corpus:beer_factory.beer_factory__customers:cap2000,-,NOT_APPLICABLE,,9b099f37aa2c6122,,,AOR_scale:beer_factory.beer_factory__customers:ME3,,inferred_key,,,survive,
beer_factory.beer_factory__customers,B,AB1,absence,corpus:beer_factory.beer_factory__customers:cap2000,-,NOT_APPLICABLE,,9b099f37aa2c6122,,,IR_constfill:beer_factory.beer_factory__customers:AB1,,inferred_key,,,survive,
beer_factory.beer_factory__customers,B,AB1R,absence,corpus:beer_factory.beer_factory__customers:cap2000,-,NOT_APPLICABLE,,9b099f37aa2c6122,,,IR_constzero:beer_factory.beer_factory__customers:AB1R,,inferred_key,,,survive,
beer_factory.beer_factory__customers,B,AB2,absence,corpus:beer_factory.beer_factory__customers:cap2000,-,NOT_APPLICABLE,,9b099f37aa2c6122,,,IR_sentinel:beer_factory.beer_factory__customers:AB2,,inferred_key,,,reject,
beer_factory.brands,B,GC1,grain_cardinality,corpus:beer_factory.brands:cap2000,default,applicable,admissible,11144526b368d75c,4f7a68fdc6c0d27b,rejected,SDL_rowdup:beer_factory.brands:GC1,rejected,inferred_key,,,survive,
beer_factory.brands,B,GC1,grain_cardinality,corpus:beer_factory.brands:cap2000,verified,applicable,admissible,11144526b368d75c,4f7a68fdc6c0d27b,SURVIVED,SDL_rowdup:beer_factory.brands:GC1,SURVIVED,inferred_key,,,survive,True
beer_factory.brands,B,PP1,population_predicates,corpus:beer_factory.brands:cap2000,default,applicable,admissible,11144526b368d75c,2cc3ca2c51890866,rejected,SDL_rowdrop:beer_factory.brands:PP1,rejected,inferred_key,,,survive,
beer_factory.brands,B,PP1,population_predicates,corpus:beer_factory.brands:cap2000,verified,applicable,admissible,11144526b368d75c,2cc3ca2c51890866,SURVIVED,SDL_rowdrop:beer_factory.brands:PP1,SURVIVED,inferred_key,,,survive,True
beer_factory.brands,B,RV1,representative_value,corpus:beer_factory.brands:cap2000,-,NOT_APPLICABLE,,11144526b368d75c,,,SDL_rowdrop:beer_factory.brands:RV1,,inferred_key,,,survive,
beer_factory.brands,B,ME3,measures,corpus:beer_factory.brands:cap2000,-,NOT_APPLICABLE,,11144526b368d75c,,,AOR_scale:beer_factory.brands:ME3,,inferred_key,,,survive,
beer_factory.brands,B,AB1,absence,corpus:beer_factory.brands:cap2000,-,NOT_APPLICABLE,,11144526b368d75c,,,IR_constfill:beer_factory.brands:AB1,,inferred_key,,,survive,
beer_factory.brands,B,AB1R,absence,corpus:beer_factory.brands:cap2000,-,NOT_APPLICABLE,,11144526b368d75c,,,IR_constzero:beer_factory.brands:AB1R,,inferred_key,,,survive,
beer_factory.brands,B,AB2,absence,corpus:beer_factory.brands:cap2000,default,applicable,admissible,11144526b368d75c,2c169a085aacfabc,SURVIVED,IR_sentinel:beer_factory.brands:AB2,rejected,inferred_key,,,reject,
beer_factory.brands,B,AB2,absence,corpus:beer_factory.brands:cap2000,verified,applicable,admissible,11144526b368d75c,2c169a085aacfabc,SURVIVED,IR_sentinel:beer_factory.brands:AB2,rejected,inferred_key,,,reject,False
bike_share_1.stations,B,GC1,grain_cardinality,corpus:bike_share_1.stations:cap2000,default,applicable,admissible,34e47774c9d0ef21,7590b2b30c5383a0,rejected,SDL_rowdup:bike_share_1.stations:GC1,rejected,inferred_key,,,survive,
bike_share_1.stations,B,GC1,grain_cardinality,corpus:bike_share_1.stations:cap2000,verified,applicable,admissible,34e47774c9d0ef21,7590b2b30c5383a0,SURVIVED,SDL_rowdup:bike_share_1.stations:GC1,SURVIVED,inferred_key,,,survive,True
bike_share_1.stations,B,PP1,population_predicates,corpus:bike_share_1.stations:cap2000,default,applicable,admissible,34e47774c9d0ef21,567964fa12ef5142,rejected,SDL_rowdrop:bike_share_1.stations:PP1,rejected,inferred_key,,,survive,
bike_share_1.stations,B,PP1,population_predicates,corpus:bike_share_1.stations:cap2000,verified,applicable,admissible,34e47774c9d0ef21,567964fa12ef5142,SURVIVED,SDL_rowdrop:bike_share_1.stations:PP1,SURVIVED,inferred_key,,,survive,True
bike_share_1.stations,B,RV1,representative_value,corpus:bike_share_1.stations:cap2000,-,NOT_APPLICABLE,,34e47774c9d0ef21,,,SDL_rowdrop:bike_share_1.stations:RV1,,inferred_key,,,survive,
bike_share_1.stations,B,ME3,measures,corpus:bike_share_1.stations:cap2000,-,NOT_APPLICABLE,,34e47774c9d0ef21,,,AOR_scale:bike_share_1.stations:ME3,,inferred_key,,,survive,
bike_share_1.stations,B,AB1,absence,corpus:bike_share_1.stations:cap2000,-,NOT_APPLICABLE,,34e47774c9d0ef21,,,IR_constfill:bike_share_1.stations:AB1,,inferred_key,,,survive,
bike_share_1.stations,B,AB1R,absence,corpus:bike_share_1.stations:cap2000,-,NOT_APPLICABLE,,34e47774c9d0ef21,,,IR_constzero:bike_share_1.stations:AB1R,,inferred_key,,,survive,
bike_share_1.stations,B,AB2,absence,corpus:bike_share_1.stations:cap2000,-,NOT_APPLICABLE,,34e47774c9d0ef21,,,IR_sentinel:bike_share_1.stations:AB2,,inferred_key,,,reject,
book_publishing_company.book_publishers,B,GC1,grain_cardinality,corpus:book_publishing_company.book_publishers:cap2000,default,applicable,admissible,f5bdb78c219e626c,20944373b6ba18c3,rejected,SDL_rowdup:book_publishing_company.book_publishers:GC1,rejected,inferred_key,,,survive,
book_publishing_company.book_publishers,B,GC1,grain_cardinality,corpus:book_publishing_company.book_publishers:cap2000,verified,applicable,admissible,f5bdb78c219e626c,20944373b6ba18c3,SURVIVED,SDL_rowdup:book_publishing_company.book_publishers:GC1,SURVIVED,inferred_key,,,survive,True
book_publishing_company.book_publishers,B,PP1,population_predicates,corpus:book_publishing_company.book_publishers:cap2000,default,applicable,admissible,f5bdb78c219e626c,4ad7a7004011952a,rejected,SDL_rowdrop:book_publishing_company.book_publishers:PP1,rejected,inferred_key,,,survive,
book_publishing_company.book_publishers,B,PP1,population_predicates,corpus:book_publishing_company.book_publishers:cap2000,verified,applicable,admissible,f5bdb78c219e626c,4ad7a7004011952a,SURVIVED,SDL_rowdrop:book_publishing_company.book_publishers:PP1,SURVIVED,inferred_key,,,survive,True
book_publishing_company.book_publishers,B,RV1,representative_value,corpus:book_publishing_company.book_publishers:cap2000,-,NOT_APPLICABLE,,f5bdb78c219e626c,,,SDL_rowdrop:book_publishing_company.book_publishers:RV1,,inferred_key,,,survive,
book_publishing_company.book_publishers,B,ME3,measures,corpus:book_publishing_company.book_publishers:cap2000,-,NOT_APPLICABLE,,f5bdb78c219e626c,,,AOR_scale:book_publishing_company.book_publishers:ME3,,inferred_key,,,survive,
book_publishing_company.book_publishers,B,AB1,absence,corpus:book_publishing_company.book_publishers:cap2000,-,NOT_APPLICABLE,,f5bdb78c219e626c,,,IR_constfill:book_publishing_company.book_publishers:AB1,,inferred_key,,,survive,
book_publishing_company.book_publishers,B,AB1R,absence,corpus:book_publishing_company.book_publishers:cap2000,-,NOT_APPLICABLE,,f5bdb78c219e626c,,,IR_constzero:book_publishing_company.book_publishers:AB1R,,inferred_key,,,survive,
book_publishing_company.book_publishers,B,AB2,absence,corpus:book_publishing_company.book_publishers:cap2000,default,applicable,admissible,f5bdb78c219e626c,67c7c6250e6a5e6f,SURVIVED,IR_sentinel:book_publishing_company.book_publishers:AB2,rejected,inferred_key,,,reject,
book_publishing_company.book_publishers,B,AB2,absence,corpus:book_publishing_company.book_publishers:cap2000,verified,applicable,admissible,f5bdb78c219e626c,67c7c6250e6a5e6f,SURVIVED,IR_sentinel:book_publishing_company.book_publishers:AB2,rejected,inferred_key,,,reject,False
book_publishing_company.book_stores,B,GC1,grain_cardinality,corpus:book_publishing_company.book_stores:cap2000,default,applicable,admissible,f4e2e6fc9b3a4589,c99e59a1c0b1b8dd,rejected,SDL_rowdup:book_publishing_company.book_stores:GC1,rejected,inferred_key,,,survive,
book_publishing_company.book_stores,B,GC1,grain_cardinality,corpus:book_publishing_company.book_stores:cap2000,verified,applicable,admissible,f4e2e6fc9b3a4589,c99e59a1c0b1b8dd,SURVIVED,SDL_rowdup:book_publishing_company.book_stores:GC1,SURVIVED,inferred_key,,,survive,True
book_publishing_company.book_stores,B,PP1,population_predicates,corpus:book_publishing_company.book_stores:cap2000,default,applicable,admissible,f4e2e6fc9b3a4589,8bbf4e663192a587,rejected,SDL_rowdrop:book_publishing_company.book_stores:PP1,rejected,inferred_key,,,survive,
book_publishing_company.book_stores,B,PP1,population_predicates,corpus:book_publishing_company.book_stores:cap2000,verified,applicable,admissible,f4e2e6fc9b3a4589,8bbf4e663192a587,SURVIVED,SDL_rowdrop:book_publishing_company.book_stores:PP1,SURVIVED,inferred_key,,,survive,True
book_publishing_company.book_stores,B,RV1,representative_value,corpus:book_publishing_company.book_stores:cap2000,-,NOT_APPLICABLE,,f4e2e6fc9b3a4589,,,SDL_rowdrop:book_publishing_company.book_stores:RV1,,inferred_key,,,survive,
book_publishing_company.book_stores,B,ME3,measures,corpus:book_publishing_company.book_stores:cap2000,-,NOT_APPLICABLE,,f4e2e6fc9b3a4589,,,AOR_scale:book_publishing_company.book_stores:ME3,,inferred_key,,,survive,
book_publishing_company.book_stores,B,AB1,absence,corpus:book_publishing_company.book_stores:cap2000,-,NOT_APPLICABLE,,f4e2e6fc9b3a4589,,,IR_constfill:book_publishing_company.book_stores:AB1,,inferred_key,,,survive,
book_publishing_company.book_stores,B,AB1R,absence,corpus:book_publishing_company.book_stores:cap2000,-,NOT_APPLICABLE,,f4e2e6fc9b3a4589,,,IR_constzero:book_publishing_company.book_stores:AB1R,,inferred_key,,,survive,
book_publishing_company.book_stores,B,AB2,absence,corpus:book_publishing_company.book_stores:cap2000,-,NOT_APPLICABLE,,f4e2e6fc9b3a4589,,,IR_sentinel:book_publishing_company.book_stores:AB2,,inferred_key,,,reject,
book_publishing_company.book_titles,B,GC1,grain_cardinality,corpus:book_publishing_company.book_titles:cap2000,default,applicable,admissible,8e5e98a1f56005be,51efaf011b42e1f5,rejected,SDL_rowdup:book_publishing_company.book_titles:GC1,rejected,inferred_key,,,survive,
book_publishing_company.book_titles,B,GC1,grain_cardinality,corpus:book_publishing_company.book_titles:cap2000,verified,applicable,admissible,8e5e98a1f56005be,51efaf011b42e1f5,SURVIVED,SDL_rowdup:book_publishing_company.book_titles:GC1,SURVIVED,inferred_key,,,survive,True
book_publishing_company.book_titles,B,PP1,population_predicates,corpus:book_publishing_company.book_titles:cap2000,default,applicable,admissible,8e5e98a1f56005be,fd6f5a9d45210060,rejected,SDL_rowdrop:book_publishing_company.book_titles:PP1,rejected,inferred_key,,,survive,
book_publishing_company.book_titles,B,PP1,population_predicates,corpus:book_publishing_company.book_titles:cap2000,verified,applicable,admissible,8e5e98a1f56005be,fd6f5a9d45210060,SURVIVED,SDL_rowdrop:book_publishing_company.book_titles:PP1,SURVIVED,inferred_key,,,survive,True
book_publishing_company.book_titles,B,RV1,representative_value,corpus:book_publishing_company.book_titles:cap2000,-,NOT_APPLICABLE,,8e5e98a1f56005be,,,SDL_rowdrop:book_publishing_company.book_titles:RV1,,inferred_key,,,survive,
book_publishing_company.book_titles,B,ME3,measures,corpus:book_publishing_company.book_titles:cap2000,-,NOT_APPLICABLE,,8e5e98a1f56005be,,,AOR_scale:book_publishing_company.book_titles:ME3,,inferred_key,,,survive,
book_publishing_company.book_titles,B,AB1,absence,corpus:book_publishing_company.book_titles:cap2000,default,applicable,admissible,8e5e98a1f56005be,d491129b4c9571de,rejected,IR_constfill:book_publishing_company.book_titles:AB1,rejected,inferred_key,,,survive,
book_publishing_company.book_titles,B,AB1,absence,corpus:book_publishing_company.book_titles:cap2000,verified,applicable,admissible,8e5e98a1f56005be,d491129b4c9571de,SURVIVED,IR_constfill:book_publishing_company.book_titles:AB1,rejected,inferred_key,,,survive,True
book_publishing_company.book_titles,B,AB1R,absence,corpus:book_publishing_company.book_titles:cap2000,default,applicable,admissible,8e5e98a1f56005be,19a544466a991d9b,rejected,IR_constzero:book_publishing_company.book_titles:AB1R,rejected,inferred_key,,,survive,
book_publishing_company.book_titles,B,AB1R,absence,corpus:book_publishing_company.book_titles:cap2000,verified,applicable,admissible,8e5e98a1f56005be,19a544466a991d9b,SURVIVED,IR_constzero:book_publishing_company.book_titles:AB1R,rejected,inferred_key,,,survive,True
book_publishing_company.book_titles,B,AB2,absence,corpus:book_publishing_company.book_titles:cap2000,default,applicable,admissible,8e5e98a1f56005be,6795c8fdc4e2c3ce,SURVIVED,IR_sentinel:book_publishing_company.book_titles:AB2,rejected,inferred_key,,,reject,
book_publishing_company.book_titles,B,AB2,absence,corpus:book_publishing_company.book_titles:cap2000,verified,applicable,admissible,8e5e98a1f56005be,6795c8fdc4e2c3ce,SURVIVED,IR_sentinel:book_publishing_company.book_titles:AB2,rejected,inferred_key,,,reject,False
books.authors,B,GC1,grain_cardinality,corpus:books.authors:cap2000,default,applicable,admissible,d2ec23ce6e911563,220f98c3976b6cd0,rejected,SDL_rowdup:books.authors:GC1,rejected,inferred_key,,,survive,
books.authors,B,GC1,grain_cardinality,corpus:books.authors:cap2000,verified,applicable,admissible,d2ec23ce6e911563,220f98c3976b6cd0,SURVIVED,SDL_rowdup:books.authors:GC1,SURVIVED,inferred_key,,,survive,True
books.authors,B,PP1,population_predicates,corpus:books.authors:cap2000,default,applicable,admissible,d2ec23ce6e911563,f4e704ea7342905b,rejected,SDL_rowdrop:books.authors:PP1,rejected,inferred_key,,,survive,
books.authors,B,PP1,population_predicates,corpus:books.authors:cap2000,verified,applicable,admissible,d2ec23ce6e911563,f4e704ea7342905b,SURVIVED,SDL_rowdrop:books.authors:PP1,SURVIVED,inferred_key,,,survive,True
books.authors,B,RV1,representative_value,corpus:books.authors:cap2000,-,NOT_APPLICABLE,,d2ec23ce6e911563,,,SDL_rowdrop:books.authors:RV1,,inferred_key,,,survive,
books.authors,B,ME3,measures,corpus:books.authors:cap2000,-,NOT_APPLICABLE,,d2ec23ce6e911563,,,AOR_scale:books.authors:ME3,,inferred_key,,,survive,
books.authors,B,AB1,absence,corpus:books.authors:cap2000,-,NOT_APPLICABLE,,d2ec23ce6e911563,,,IR_constfill:books.authors:AB1,,inferred_key,,,survive,
books.authors,B,AB1R,absence,corpus:books.authors:cap2000,-,NOT_APPLICABLE,,d2ec23ce6e911563,,,IR_constzero:books.authors:AB1R,,inferred_key,,,survive,
books.authors,B,AB2,absence,corpus:books.authors:cap2000,default,applicable,admissible,d2ec23ce6e911563,59cd8c3ec2728d06,SURVIVED,IR_sentinel:books.authors:AB2,rejected,inferred_key,,,reject,
books.authors,B,AB2,absence,corpus:books.authors:cap2000,verified,applicable,admissible,d2ec23ce6e911563,59cd8c3ec2728d06,SURVIVED,IR_sentinel:books.authors:AB2,rejected,inferred_key,,,reject,False
books.customers,B,GC1,grain_cardinality,corpus:books.customers:cap2000,default,applicable,admissible,e8f67cf3f35e0534,b458fae1283e1e43,rejected,SDL_rowdup:books.customers:GC1,rejected,inferred_key,,,survive,
books.customers,B,GC1,grain_cardinality,corpus:books.customers:cap2000,verified,applicable,admissible,e8f67cf3f35e0534,b458fae1283e1e43,SURVIVED,SDL_rowdup:books.customers:GC1,SURVIVED,inferred_key,,,survive,True
books.customers,B,PP1,population_predicates,corpus:books.customers:cap2000,default,applicable,admissible,e8f67cf3f35e0534,a17acc1663cbcbe1,rejected,SDL_rowdrop:books.customers:PP1,rejected,inferred_key,,,survive,
books.customers,B,PP1,population_predicates,corpus:books.customers:cap2000,verified,applicable,admissible,e8f67cf3f35e0534,a17acc1663cbcbe1,SURVIVED,SDL_rowdrop:books.customers:PP1,SURVIVED,inferred_key,,,survive,True
books.customers,B,RV1,representative_value,corpus:books.customers:cap2000,-,NOT_APPLICABLE,,e8f67cf3f35e0534,,,SDL_rowdrop:books.customers:RV1,,inferred_key,,,survive,
books.customers,B,ME3,measures,corpus:books.customers:cap2000,-,NOT_APPLICABLE,,e8f67cf3f35e0534,,,AOR_scale:books.customers:ME3,,inferred_key,,,survive,
books.customers,B,AB1,absence,corpus:books.customers:cap2000,default,applicable,admissible,e8f67cf3f35e0534,14e21d14a1a75bf9,rejected,IR_constfill:books.customers:AB1,rejected,inferred_key,,,survive,
books.customers,B,AB1,absence,corpus:books.customers:cap2000,verified,applicable,admissible,e8f67cf3f35e0534,14e21d14a1a75bf9,SURVIVED,IR_constfill:books.customers:AB1,rejected,inferred_key,,,survive,True
books.customers,B,AB1R,absence,corpus:books.customers:cap2000,default,applicable,admissible,e8f67cf3f35e0534,b372744be4dbb0c7,rejected,IR_constzero:books.customers:AB1R,rejected,inferred_key,,,survive,
books.customers,B,AB1R,absence,corpus:books.customers:cap2000,verified,applicable,admissible,e8f67cf3f35e0534,b372744be4dbb0c7,SURVIVED,IR_constzero:books.customers:AB1R,rejected,inferred_key,,,survive,True
books.customers,B,AB2,absence,corpus:books.customers:cap2000,default,applicable,admissible,e8f67cf3f35e0534,635567198f8dbd0b,SURVIVED,IR_sentinel:books.customers:AB2,rejected,inferred_key,,,reject,
books.customers,B,AB2,absence,corpus:books.customers:cap2000,verified,applicable,admissible,e8f67cf3f35e0534,635567198f8dbd0b,SURVIVED,IR_sentinel:books.customers:AB2,rejected,inferred_key,,,reject,False
books.publishers,B,GC1,grain_cardinality,corpus:books.publishers:cap2000,default,applicable,admissible,4d042d975bb84823,4759997a1417e6d8,rejected,SDL_rowdup:books.publishers:GC1,rejected,inferred_key,,,survive,
books.publishers,B,GC1,grain_cardinality,corpus:books.publishers:cap2000,verified,applicable,admissible,4d042d975bb84823,4759997a1417e6d8,SURVIVED,SDL_rowdup:books.publishers:GC1,SURVIVED,inferred_key,,,survive,True
books.publishers,B,PP1,population_predicates,corpus:books.publishers:cap2000,default,applicable,admissible,4d042d975bb84823,17d15fdcb329e40d,rejected,SDL_rowdrop:books.publishers:PP1,rejected,inferred_key,,,survive,
books.publishers,B,PP1,population_predicates,corpus:books.publishers:cap2000,verified,applicable,admissible,4d042d975bb84823,17d15fdcb329e40d,SURVIVED,SDL_rowdrop:books.publishers:PP1,SURVIVED,inferred_key,,,survive,True
books.publishers,B,RV1,representative_value,corpus:books.publishers:cap2000,-,NOT_APPLICABLE,,4d042d975bb84823,,,SDL_rowdrop:books.publishers:RV1,,inferred_key,,,survive,
books.publishers,B,ME3,measures,corpus:books.publishers:cap2000,-,NOT_APPLICABLE,,4d042d975bb84823,,,AOR_scale:books.publishers:ME3,,inferred_key,,,survive,
books.publishers,B,AB1,absence,corpus:books.publishers:cap2000,-,NOT_APPLICABLE,,4d042d975bb84823,,,IR_constfill:books.publishers:AB1,,inferred_key,,,survive,
books.publishers,B,AB1R,absence,corpus:books.publishers:cap2000,-,NOT_APPLICABLE,,4d042d975bb84823,,,IR_constzero:books.publishers:AB1R,,inferred_key,,,survive,
books.publishers,B,AB2,absence,corpus:books.publishers:cap2000,-,NOT_APPLICABLE,,4d042d975bb84823,,,IR_sentinel:books.publishers:AB2,,inferred_key,,,reject,
california_schools.ca__schools,B,GC1,grain_cardinality,corpus:california_schools.ca__schools:cap2000,default,applicable,admissible,c93051b0dae70b59,da24dcc5ac8ac641,rejected,SDL_rowdup:california_schools.ca__schools:GC1,rejected,all_column_fallback,,,survive,
california_schools.ca__schools,B,GC1,grain_cardinality,corpus:california_schools.ca__schools:cap2000,verified,applicable,admissible,c93051b0dae70b59,da24dcc5ac8ac641,SURVIVED,SDL_rowdup:california_schools.ca__schools:GC1,SURVIVED,all_column_fallback,,,survive,True
california_schools.ca__schools,B,PP1,population_predicates,corpus:california_schools.ca__schools:cap2000,default,applicable,admissible,c93051b0dae70b59,b0b4e1ad7021b049,rejected,SDL_rowdrop:california_schools.ca__schools:PP1,rejected,all_column_fallback,,,survive,
california_schools.ca__schools,B,PP1,population_predicates,corpus:california_schools.ca__schools:cap2000,verified,applicable,admissible,c93051b0dae70b59,b0b4e1ad7021b049,SURVIVED,SDL_rowdrop:california_schools.ca__schools:PP1,rejected,all_column_fallback,,,survive,True
california_schools.ca__schools,B,RV1,representative_value,corpus:california_schools.ca__schools:cap2000,-,NOT_APPLICABLE,,c93051b0dae70b59,,,SDL_rowdrop:california_schools.ca__schools:RV1,,all_column_fallback,,,survive,
california_schools.ca__schools,B,ME3,measures,corpus:california_schools.ca__schools:cap2000,default,applicable,admissible,c93051b0dae70b59,a9254d8ca5bac5e0,rejected,AOR_scale:california_schools.ca__schools:ME3,rejected,all_column_fallback,,,survive,
california_schools.ca__schools,B,ME3,measures,corpus:california_schools.ca__schools:cap2000,verified,applicable,admissible,c93051b0dae70b59,a9254d8ca5bac5e0,SURVIVED,AOR_scale:california_schools.ca__schools:ME3,rejected,all_column_fallback,,,survive,True
california_schools.ca__schools,B,AB1,absence,corpus:california_schools.ca__schools:cap2000,default,applicable,admissible,c93051b0dae70b59,63d620bc80e2dd3f,rejected,IR_constfill:california_schools.ca__schools:AB1,rejected,all_column_fallback,,,survive,
california_schools.ca__schools,B,AB1,absence,corpus:california_schools.ca__schools:cap2000,verified,applicable,admissible,c93051b0dae70b59,63d620bc80e2dd3f,SURVIVED,IR_constfill:california_schools.ca__schools:AB1,rejected,all_column_fallback,,,survive,True
california_schools.ca__schools,B,AB1R,absence,corpus:california_schools.ca__schools:cap2000,default,applicable,admissible,c93051b0dae70b59,cdc28fdaf597ca7b,rejected,IR_constzero:california_schools.ca__schools:AB1R,rejected,all_column_fallback,,,survive,
california_schools.ca__schools,B,AB1R,absence,corpus:california_schools.ca__schools:cap2000,verified,applicable,admissible,c93051b0dae70b59,cdc28fdaf597ca7b,SURVIVED,IR_constzero:california_schools.ca__schools:AB1R,rejected,all_column_fallback,,,survive,True
california_schools.ca__schools,B,AB2,absence,corpus:california_schools.ca__schools:cap2000,default,applicable,admissible,c93051b0dae70b59,3799b9d1cb889a57,SURVIVED,IR_sentinel:california_schools.ca__schools:AB2,rejected,all_column_fallback,,,reject,
california_schools.ca__schools,B,AB2,absence,corpus:california_schools.ca__schools:cap2000,verified,applicable,admissible,c93051b0dae70b59,3799b9d1cb889a57,SURVIVED,IR_sentinel:california_schools.ca__schools:AB2,rejected,all_column_fallback,,,reject,False
car_retails.car_retails__customers,B,GC1,grain_cardinality,corpus:car_retails.car_retails__customers:cap2000,default,applicable,admissible,4aeb92c3caec70aa,b8efae44c3e5468b,rejected,SDL_rowdup:car_retails.car_retails__customers:GC1,rejected,all_column_fallback,,,survive,
car_retails.car_retails__customers,B,GC1,grain_cardinality,corpus:car_retails.car_retails__customers:cap2000,verified,applicable,admissible,4aeb92c3caec70aa,b8efae44c3e5468b,SURVIVED,SDL_rowdup:car_retails.car_retails__customers:GC1,SURVIVED,all_column_fallback,,,survive,True
car_retails.car_retails__customers,B,PP1,population_predicates,corpus:car_retails.car_retails__customers:cap2000,default,applicable,admissible,4aeb92c3caec70aa,8e4cad69c2d70151,rejected,SDL_rowdrop:car_retails.car_retails__customers:PP1,rejected,all_column_fallback,,,survive,
car_retails.car_retails__customers,B,PP1,population_predicates,corpus:car_retails.car_retails__customers:cap2000,verified,applicable,admissible,4aeb92c3caec70aa,8e4cad69c2d70151,SURVIVED,SDL_rowdrop:car_retails.car_retails__customers:PP1,SURVIVED,all_column_fallback,,,survive,True
car_retails.car_retails__customers,B,RV1,representative_value,corpus:car_retails.car_retails__customers:cap2000,-,NOT_APPLICABLE,,4aeb92c3caec70aa,,,SDL_rowdrop:car_retails.car_retails__customers:RV1,,all_column_fallback,,,survive,
car_retails.car_retails__customers,B,ME3,measures,corpus:car_retails.car_retails__customers:cap2000,-,NOT_APPLICABLE,,4aeb92c3caec70aa,,,AOR_scale:car_retails.car_retails__customers:ME3,,all_column_fallback,,,survive,
car_retails.car_retails__customers,B,AB1,absence,corpus:car_retails.car_retails__customers:cap2000,-,NOT_APPLICABLE,,4aeb92c3caec70aa,,,IR_constfill:car_retails.car_retails__customers:AB1,,all_column_fallback,,,survive,
car_retails.car_retails__customers,B,AB1R,absence,corpus:car_retails.car_retails__customers:cap2000,-,NOT_APPLICABLE,,4aeb92c3caec70aa,,,IR_constzero:car_retails.car_retails__customers:AB1R,,all_column_fallback,,,survive,
car_retails.car_retails__customers,B,AB2,absence,corpus:car_retails.car_retails__customers:cap2000,-,NOT_APPLICABLE,,4aeb92c3caec70aa,,,IR_sentinel:car_retails.car_retails__customers:AB2,,all_column_fallback,,,reject,
car_retails.car_retails__employees,B,GC1,grain_cardinality,corpus:car_retails.car_retails__employees:cap2000,default,applicable,admissible,51dbc49c4cdb8f31,9a62659adbfa4ba9,rejected,SDL_rowdup:car_retails.car_retails__employees:GC1,rejected,all_column_fallback,,,survive,
car_retails.car_retails__employees,B,GC1,grain_cardinality,corpus:car_retails.car_retails__employees:cap2000,verified,applicable,admissible,51dbc49c4cdb8f31,9a62659adbfa4ba9,SURVIVED,SDL_rowdup:car_retails.car_retails__employees:GC1,SURVIVED,all_column_fallback,,,survive,True
car_retails.car_retails__employees,B,PP1,population_predicates,corpus:car_retails.car_retails__employees:cap2000,default,applicable,admissible,51dbc49c4cdb8f31,bd9da896c49a1b76,rejected,SDL_rowdrop:car_retails.car_retails__employees:PP1,rejected,all_column_fallback,,,survive,
car_retails.car_retails__employees,B,PP1,population_predicates,corpus:car_retails.car_retails__employees:cap2000,verified,applicable,admissible,51dbc49c4cdb8f31,bd9da896c49a1b76,SURVIVED,SDL_rowdrop:car_retails.car_retails__employees:PP1,SURVIVED,all_column_fallback,,,survive,True
car_retails.car_retails__employees,B,RV1,representative_value,corpus:car_retails.car_retails__employees:cap2000,-,NOT_APPLICABLE,,51dbc49c4cdb8f31,,,SDL_rowdrop:car_retails.car_retails__employees:RV1,,all_column_fallback,,,survive,
car_retails.car_retails__employees,B,ME3,measures,corpus:car_retails.car_retails__employees:cap2000,-,NOT_APPLICABLE,,51dbc49c4cdb8f31,,,AOR_scale:car_retails.car_retails__employees:ME3,,all_column_fallback,,,survive,
car_retails.car_retails__employees,B,AB1,absence,corpus:car_retails.car_retails__employees:cap2000,-,NOT_APPLICABLE,,51dbc49c4cdb8f31,,,IR_constfill:car_retails.car_retails__employees:AB1,,all_column_fallback,,,survive,
car_retails.car_retails__employees,B,AB1R,absence,corpus:car_retails.car_retails__employees:cap2000,-,NOT_APPLICABLE,,51dbc49c4cdb8f31,,,IR_constzero:car_retails.car_retails__employees:AB1R,,all_column_fallback,,,survive,
car_retails.car_retails__employees,B,AB2,absence,corpus:car_retails.car_retails__employees:cap2000,default,applicable,admissible,51dbc49c4cdb8f31,80f377f13073fedf,SURVIVED,IR_sentinel:car_retails.car_retails__employees:AB2,rejected,all_column_fallback,,,reject,
car_retails.car_retails__employees,B,AB2,absence,corpus:car_retails.car_retails__employees:cap2000,verified,applicable,admissible,51dbc49c4cdb8f31,80f377f13073fedf,SURVIVED,IR_sentinel:car_retails.car_retails__employees:AB2,rejected,all_column_fallback,,,reject,False
car_retails.car_retails__products,B,GC1,grain_cardinality,corpus:car_retails.car_retails__products:cap2000,default,applicable,admissible,63a9fb3787e0d11f,7e568af8f3e3ecd0,rejected,SDL_rowdup:car_retails.car_retails__products:GC1,rejected,all_column_fallback,,,survive,
car_retails.car_retails__products,B,GC1,grain_cardinality,corpus:car_retails.car_retails__products:cap2000,verified,applicable,admissible,63a9fb3787e0d11f,7e568af8f3e3ecd0,SURVIVED,SDL_rowdup:car_retails.car_retails__products:GC1,SURVIVED,all_column_fallback,,,survive,True
car_retails.car_retails__products,B,PP1,population_predicates,corpus:car_retails.car_retails__products:cap2000,default,applicable,admissible,63a9fb3787e0d11f,1e659e88c5aa0855,rejected,SDL_rowdrop:car_retails.car_retails__products:PP1,rejected,all_column_fallback,,,survive,
car_retails.car_retails__products,B,PP1,population_predicates,corpus:car_retails.car_retails__products:cap2000,verified,applicable,admissible,63a9fb3787e0d11f,1e659e88c5aa0855,SURVIVED,SDL_rowdrop:car_retails.car_retails__products:PP1,SURVIVED,all_column_fallback,,,survive,True
car_retails.car_retails__products,B,RV1,representative_value,corpus:car_retails.car_retails__products:cap2000,-,NOT_APPLICABLE,,63a9fb3787e0d11f,,,SDL_rowdrop:car_retails.car_retails__products:RV1,,all_column_fallback,,,survive,
car_retails.car_retails__products,B,ME3,measures,corpus:car_retails.car_retails__products:cap2000,-,NOT_APPLICABLE,,63a9fb3787e0d11f,,,AOR_scale:car_retails.car_retails__products:ME3,,all_column_fallback,,,survive,
car_retails.car_retails__products,B,AB1,absence,corpus:car_retails.car_retails__products:cap2000,-,NOT_APPLICABLE,,63a9fb3787e0d11f,,,IR_constfill:car_retails.car_retails__products:AB1,,all_column_fallback,,,survive,
car_retails.car_retails__products,B,AB1R,absence,corpus:car_retails.car_retails__products:cap2000,-,NOT_APPLICABLE,,63a9fb3787e0d11f,,,IR_constzero:car_retails.car_retails__products:AB1R,,all_column_fallback,,,survive,
car_retails.car_retails__products,B,AB2,absence,corpus:car_retails.car_retails__products:cap2000,default,applicable,admissible,63a9fb3787e0d11f,68e04a4574dbdeb5,SURVIVED,IR_sentinel:car_retails.car_retails__products:AB2,rejected,all_column_fallback,,,reject,
car_retails.car_retails__products,B,AB2,absence,corpus:car_retails.car_retails__products:cap2000,verified,applicable,admissible,63a9fb3787e0d11f,68e04a4574dbdeb5,SURVIVED,IR_sentinel:car_retails.car_retails__products:AB2,SURVIVED,all_column_fallback,,,reject,False
card_games.card_games__sets,B,GC1,grain_cardinality,corpus:card_games.card_games__sets:cap2000,default,applicable,admissible,6e487acbefe8e06c,715090724b3642ba,rejected,SDL_rowdup:card_games.card_games__sets:GC1,rejected,inferred_key,,,survive,
card_games.card_games__sets,B,GC1,grain_cardinality,corpus:card_games.card_games__sets:cap2000,verified,applicable,admissible,6e487acbefe8e06c,715090724b3642ba,SURVIVED,SDL_rowdup:card_games.card_games__sets:GC1,SURVIVED,inferred_key,,,survive,True
card_games.card_games__sets,B,PP1,population_predicates,corpus:card_games.card_games__sets:cap2000,default,applicable,admissible,6e487acbefe8e06c,ef54ed577414993d,rejected,SDL_rowdrop:card_games.card_games__sets:PP1,rejected,inferred_key,,,survive,
card_games.card_games__sets,B,PP1,population_predicates,corpus:card_games.card_games__sets:cap2000,verified,applicable,admissible,6e487acbefe8e06c,ef54ed577414993d,SURVIVED,SDL_rowdrop:card_games.card_games__sets:PP1,SURVIVED,inferred_key,,,survive,True
card_games.card_games__sets,B,RV1,representative_value,corpus:card_games.card_games__sets:cap2000,-,NOT_APPLICABLE,,6e487acbefe8e06c,,,SDL_rowdrop:card_games.card_games__sets:RV1,,inferred_key,,,survive,
card_games.card_games__sets,B,ME3,measures,corpus:card_games.card_games__sets:cap2000,-,NOT_APPLICABLE,,6e487acbefe8e06c,,,AOR_scale:card_games.card_games__sets:ME3,,inferred_key,,,survive,
card_games.card_games__sets,B,AB1,absence,corpus:card_games.card_games__sets:cap2000,-,NOT_APPLICABLE,,6e487acbefe8e06c,,,IR_constfill:card_games.card_games__sets:AB1,,inferred_key,,,survive,
card_games.card_games__sets,B,AB1R,absence,corpus:card_games.card_games__sets:cap2000,-,NOT_APPLICABLE,,6e487acbefe8e06c,,,IR_constzero:card_games.card_games__sets:AB1R,,inferred_key,,,survive,
card_games.card_games__sets,B,AB2,absence,corpus:card_games.card_games__sets:cap2000,default,applicable,admissible,6e487acbefe8e06c,0516dc188430d053,SURVIVED,IR_sentinel:card_games.card_games__sets:AB2,rejected,inferred_key,,,reject,
card_games.card_games__sets,B,AB2,absence,corpus:card_games.card_games__sets:cap2000,verified,applicable,admissible,6e487acbefe8e06c,0516dc188430d053,SURVIVED,IR_sentinel:card_games.card_games__sets:AB2,rejected,inferred_key,,,reject,False
cars.countries,B,GC1,grain_cardinality,corpus:cars.countries:cap2000,default,applicable,admissible,95dee769f3c69fbf,0d9b2706d79f02d4,rejected,SDL_rowdup:cars.countries:GC1,rejected,all_column_fallback,,,survive,
cars.countries,B,GC1,grain_cardinality,corpus:cars.countries:cap2000,verified,applicable,admissible,95dee769f3c69fbf,0d9b2706d79f02d4,SURVIVED,SDL_rowdup:cars.countries:GC1,SURVIVED,all_column_fallback,,,survive,True
cars.countries,B,PP1,population_predicates,corpus:cars.countries:cap2000,-,NOT_APPLICABLE,,95dee769f3c69fbf,,,SDL_rowdrop:cars.countries:PP1,,all_column_fallback,,,survive,
cars.countries,B,RV1,representative_value,corpus:cars.countries:cap2000,-,NOT_APPLICABLE,,95dee769f3c69fbf,,,SDL_rowdrop:cars.countries:RV1,,all_column_fallback,,,survive,
cars.countries,B,ME3,measures,corpus:cars.countries:cap2000,-,NOT_APPLICABLE,,95dee769f3c69fbf,,,AOR_scale:cars.countries:ME3,,all_column_fallback,,,survive,
cars.countries,B,AB1,absence,corpus:cars.countries:cap2000,-,NOT_APPLICABLE,,95dee769f3c69fbf,,,IR_constfill:cars.countries:AB1,,all_column_fallback,,,survive,
cars.countries,B,AB1R,absence,corpus:cars.countries:cap2000,-,NOT_APPLICABLE,,95dee769f3c69fbf,,,IR_constzero:cars.countries:AB1R,,all_column_fallback,,,survive,
cars.countries,B,AB2,absence,corpus:cars.countries:cap2000,-,NOT_APPLICABLE,,95dee769f3c69fbf,,,IR_sentinel:cars.countries:AB2,,all_column_fallback,,,reject,
chicago_crime.community_areas,B,GC1,grain_cardinality,corpus:chicago_crime.community_areas:cap2000,default,applicable,admissible,bbaa6c4e9cb4deca,e7846ea1d807120c,rejected,SDL_rowdup:chicago_crime.community_areas:GC1,rejected,all_column_fallback,,,survive,
chicago_crime.community_areas,B,GC1,grain_cardinality,corpus:chicago_crime.community_areas:cap2000,verified,applicable,admissible,bbaa6c4e9cb4deca,e7846ea1d807120c,SURVIVED,SDL_rowdup:chicago_crime.community_areas:GC1,SURVIVED,all_column_fallback,,,survive,True
chicago_crime.community_areas,B,PP1,population_predicates,corpus:chicago_crime.community_areas:cap2000,default,applicable,admissible,bbaa6c4e9cb4deca,59423b126544ee39,rejected,SDL_rowdrop:chicago_crime.community_areas:PP1,rejected,all_column_fallback,,,survive,
chicago_crime.community_areas,B,PP1,population_predicates,corpus:chicago_crime.community_areas:cap2000,verified,applicable,admissible,bbaa6c4e9cb4deca,59423b126544ee39,SURVIVED,SDL_rowdrop:chicago_crime.community_areas:PP1,SURVIVED,all_column_fallback,,,survive,True
chicago_crime.community_areas,B,RV1,representative_value,corpus:chicago_crime.community_areas:cap2000,-,NOT_APPLICABLE,,bbaa6c4e9cb4deca,,,SDL_rowdrop:chicago_crime.community_areas:RV1,,all_column_fallback,,,survive,
chicago_crime.community_areas,B,ME3,measures,corpus:chicago_crime.community_areas:cap2000,-,NOT_APPLICABLE,,bbaa6c4e9cb4deca,,,AOR_scale:chicago_crime.community_areas:ME3,,all_column_fallback,,,survive,
chicago_crime.community_areas,B,AB1,absence,corpus:chicago_crime.community_areas:cap2000,-,NOT_APPLICABLE,,bbaa6c4e9cb4deca,,,IR_constfill:chicago_crime.community_areas:AB1,,all_column_fallback,,,survive,
chicago_crime.community_areas,B,AB1R,absence,corpus:chicago_crime.community_areas:cap2000,-,NOT_APPLICABLE,,bbaa6c4e9cb4deca,,,IR_constzero:chicago_crime.community_areas:AB1R,,all_column_fallback,,,survive,
chicago_crime.community_areas,B,AB2,absence,corpus:chicago_crime.community_areas:cap2000,-,NOT_APPLICABLE,,bbaa6c4e9cb4deca,,,IR_sentinel:chicago_crime.community_areas:AB2,,all_column_fallback,,,reject,
chicago_crime.districts,B,GC1,grain_cardinality,corpus:chicago_crime.districts:cap2000,default,applicable,admissible,25670f3df0ce614a,f94e4f93d2fa8aa5,rejected,SDL_rowdup:chicago_crime.districts:GC1,rejected,all_column_fallback,,,survive,
chicago_crime.districts,B,GC1,grain_cardinality,corpus:chicago_crime.districts:cap2000,verified,applicable,admissible,25670f3df0ce614a,f94e4f93d2fa8aa5,SURVIVED,SDL_rowdup:chicago_crime.districts:GC1,SURVIVED,all_column_fallback,,,survive,True
chicago_crime.districts,B,PP1,population_predicates,corpus:chicago_crime.districts:cap2000,default,applicable,admissible,25670f3df0ce614a,e637a1ff72fc89f0,rejected,SDL_rowdrop:chicago_crime.districts:PP1,rejected,all_column_fallback,,,survive,
chicago_crime.districts,B,PP1,population_predicates,corpus:chicago_crime.districts:cap2000,verified,applicable,admissible,25670f3df0ce614a,e637a1ff72fc89f0,SURVIVED,SDL_rowdrop:chicago_crime.districts:PP1,SURVIVED,all_column_fallback,,,survive,True
chicago_crime.districts,B,RV1,representative_value,corpus:chicago_crime.districts:cap2000,-,NOT_APPLICABLE,,25670f3df0ce614a,,,SDL_rowdrop:chicago_crime.districts:RV1,,all_column_fallback,,,survive,
chicago_crime.districts,B,ME3,measures,corpus:chicago_crime.districts:cap2000,-,NOT_APPLICABLE,,25670f3df0ce614a,,,AOR_scale:chicago_crime.districts:ME3,,all_column_fallback,,,survive,
chicago_crime.districts,B,AB1,absence,corpus:chicago_crime.districts:cap2000,-,NOT_APPLICABLE,,25670f3df0ce614a,,,IR_constfill:chicago_crime.districts:AB1,,all_column_fallback,,,survive,
chicago_crime.districts,B,AB1R,absence,corpus:chicago_crime.districts:cap2000,-,NOT_APPLICABLE,,25670f3df0ce614a,,,IR_constzero:chicago_crime.districts:AB1R,,all_column_fallback,,,survive,
chicago_crime.districts,B,AB2,absence,corpus:chicago_crime.districts:cap2000,-,NOT_APPLICABLE,,25670f3df0ce614a,,,IR_sentinel:chicago_crime.districts:AB2,,all_column_fallback,,,reject,
citeseer.citeseer_paper,B,GC1,grain_cardinality,corpus:citeseer.citeseer_paper:cap2000,default,applicable,admissible,4d7b3cf72aa75f4c,2330cf7b9cc65dae,rejected,SDL_rowdup:citeseer.citeseer_paper:GC1,rejected,inferred_key,,,survive,
citeseer.citeseer_paper,B,GC1,grain_cardinality,corpus:citeseer.citeseer_paper:cap2000,verified,applicable,admissible,4d7b3cf72aa75f4c,2330cf7b9cc65dae,SURVIVED,SDL_rowdup:citeseer.citeseer_paper:GC1,SURVIVED,inferred_key,,,survive,True
citeseer.citeseer_paper,B,PP1,population_predicates,corpus:citeseer.citeseer_paper:cap2000,default,applicable,admissible,4d7b3cf72aa75f4c,7341100b7cbc42d4,rejected,SDL_rowdrop:citeseer.citeseer_paper:PP1,rejected,inferred_key,,,survive,
citeseer.citeseer_paper,B,PP1,population_predicates,corpus:citeseer.citeseer_paper:cap2000,verified,applicable,admissible,4d7b3cf72aa75f4c,7341100b7cbc42d4,SURVIVED,SDL_rowdrop:citeseer.citeseer_paper:PP1,SURVIVED,inferred_key,,,survive,True
citeseer.citeseer_paper,B,RV1,representative_value,corpus:citeseer.citeseer_paper:cap2000,-,NOT_APPLICABLE,,4d7b3cf72aa75f4c,,,SDL_rowdrop:citeseer.citeseer_paper:RV1,,inferred_key,,,survive,
citeseer.citeseer_paper,B,ME3,measures,corpus:citeseer.citeseer_paper:cap2000,-,NOT_APPLICABLE,,4d7b3cf72aa75f4c,,,AOR_scale:citeseer.citeseer_paper:ME3,,inferred_key,,,survive,
citeseer.citeseer_paper,B,AB1,absence,corpus:citeseer.citeseer_paper:cap2000,-,NOT_APPLICABLE,,4d7b3cf72aa75f4c,,,IR_constfill:citeseer.citeseer_paper:AB1,,inferred_key,,,survive,
citeseer.citeseer_paper,B,AB1R,absence,corpus:citeseer.citeseer_paper:cap2000,-,NOT_APPLICABLE,,4d7b3cf72aa75f4c,,,IR_constzero:citeseer.citeseer_paper:AB1R,,inferred_key,,,survive,
citeseer.citeseer_paper,B,AB2,absence,corpus:citeseer.citeseer_paper:cap2000,-,NOT_APPLICABLE,,4d7b3cf72aa75f4c,,,IR_sentinel:citeseer.citeseer_paper:AB2,,inferred_key,,,reject,
codebase_comments.repository,B,GC1,grain_cardinality,corpus:codebase_comments.repository:cap2000,default,applicable,admissible,57aec4851c0004d9,ed80c9d137984c88,rejected,SDL_rowdup:codebase_comments.repository:GC1,rejected,inferred_key,,,survive,
codebase_comments.repository,B,GC1,grain_cardinality,corpus:codebase_comments.repository:cap2000,verified,applicable,admissible,57aec4851c0004d9,ed80c9d137984c88,SURVIVED,SDL_rowdup:codebase_comments.repository:GC1,SURVIVED,inferred_key,,,survive,True
codebase_comments.repository,B,PP1,population_predicates,corpus:codebase_comments.repository:cap2000,default,applicable,admissible,57aec4851c0004d9,d1b0ec90646bbbd2,rejected,SDL_rowdrop:codebase_comments.repository:PP1,rejected,inferred_key,,,survive,
codebase_comments.repository,B,PP1,population_predicates,corpus:codebase_comments.repository:cap2000,verified,applicable,admissible,57aec4851c0004d9,d1b0ec90646bbbd2,SURVIVED,SDL_rowdrop:codebase_comments.repository:PP1,SURVIVED,inferred_key,,,survive,True
codebase_comments.repository,B,RV1,representative_value,corpus:codebase_comments.repository:cap2000,-,NOT_APPLICABLE,,57aec4851c0004d9,,,SDL_rowdrop:codebase_comments.repository:RV1,,inferred_key,,,survive,
codebase_comments.repository,B,ME3,measures,corpus:codebase_comments.repository:cap2000,-,NOT_APPLICABLE,,57aec4851c0004d9,,,AOR_scale:codebase_comments.repository:ME3,,inferred_key,,,survive,
codebase_comments.repository,B,AB1,absence,corpus:codebase_comments.repository:cap2000,-,NOT_APPLICABLE,,57aec4851c0004d9,,,IR_constfill:codebase_comments.repository:AB1,,inferred_key,,,survive,
codebase_comments.repository,B,AB1R,absence,corpus:codebase_comments.repository:cap2000,-,NOT_APPLICABLE,,57aec4851c0004d9,,,IR_constzero:codebase_comments.repository:AB1R,,inferred_key,,,survive,
codebase_comments.repository,B,AB2,absence,corpus:codebase_comments.repository:cap2000,default,applicable,admissible,57aec4851c0004d9,29059b05474dc9fe,SURVIVED,IR_sentinel:codebase_comments.repository:AB2,rejected,inferred_key,,,reject,
codebase_comments.repository,B,AB2,absence,corpus:codebase_comments.repository:cap2000,verified,applicable,admissible,57aec4851c0004d9,29059b05474dc9fe,SURVIVED,IR_sentinel:codebase_comments.repository:AB2,rejected,inferred_key,,,reject,False
codebase_community.codebase_community__posts,B,GC1,grain_cardinality,corpus:codebase_community.codebase_community__posts:cap2000,default,applicable,admissible,9f4e7a3ec0edcae8,212fdf54b8eba693,rejected,SDL_rowdup:codebase_community.codebase_community__posts:GC1,rejected,inferred_key,,,survive,
codebase_community.codebase_community__posts,B,GC1,grain_cardinality,corpus:codebase_community.codebase_community__posts:cap2000,verified,applicable,admissible,9f4e7a3ec0edcae8,212fdf54b8eba693,SURVIVED,SDL_rowdup:codebase_community.codebase_community__posts:GC1,SURVIVED,inferred_key,,,survive,True
codebase_community.codebase_community__posts,B,PP1,population_predicates,corpus:codebase_community.codebase_community__posts:cap2000,default,applicable,admissible,9f4e7a3ec0edcae8,249d1306cddc3b73,rejected,SDL_rowdrop:codebase_community.codebase_community__posts:PP1,rejected,inferred_key,,,survive,
codebase_community.codebase_community__posts,B,PP1,population_predicates,corpus:codebase_community.codebase_community__posts:cap2000,verified,applicable,admissible,9f4e7a3ec0edcae8,249d1306cddc3b73,SURVIVED,SDL_rowdrop:codebase_community.codebase_community__posts:PP1,SURVIVED,inferred_key,,,survive,True
codebase_community.codebase_community__posts,B,RV1,representative_value,corpus:codebase_community.codebase_community__posts:cap2000,-,NOT_APPLICABLE,,9f4e7a3ec0edcae8,,,SDL_rowdrop:codebase_community.codebase_community__posts:RV1,,inferred_key,,,survive,
codebase_community.codebase_community__posts,B,ME3,measures,corpus:codebase_community.codebase_community__posts:cap2000,-,NOT_APPLICABLE,,9f4e7a3ec0edcae8,,,AOR_scale:codebase_community.codebase_community__posts:ME3,,inferred_key,,,survive,
codebase_community.codebase_community__posts,B,AB1,absence,corpus:codebase_community.codebase_community__posts:cap2000,default,applicable,admissible,9f4e7a3ec0edcae8,96a2dea9d69f3fca,rejected,IR_constfill:codebase_community.codebase_community__posts:AB1,rejected,inferred_key,,,survive,
codebase_community.codebase_community__posts,B,AB1,absence,corpus:codebase_community.codebase_community__posts:cap2000,verified,applicable,admissible,9f4e7a3ec0edcae8,96a2dea9d69f3fca,SURVIVED,IR_constfill:codebase_community.codebase_community__posts:AB1,rejected,inferred_key,,,survive,True
codebase_community.codebase_community__posts,B,AB1R,absence,corpus:codebase_community.codebase_community__posts:cap2000,default,applicable,admissible,9f4e7a3ec0edcae8,d93c6ef0c1251a1a,rejected,IR_constzero:codebase_community.codebase_community__posts:AB1R,rejected,inferred_key,,,survive,
codebase_community.codebase_community__posts,B,AB1R,absence,corpus:codebase_community.codebase_community__posts:cap2000,verified,applicable,admissible,9f4e7a3ec0edcae8,d93c6ef0c1251a1a,SURVIVED,IR_constzero:codebase_community.codebase_community__posts:AB1R,rejected,inferred_key,,,survive,True
codebase_community.codebase_community__posts,B,AB2,absence,corpus:codebase_community.codebase_community__posts:cap2000,default,applicable,admissible,9f4e7a3ec0edcae8,6edae8e5ce398e81,SURVIVED,IR_sentinel:codebase_community.codebase_community__posts:AB2,rejected,inferred_key,,,reject,
codebase_community.codebase_community__posts,B,AB2,absence,corpus:codebase_community.codebase_community__posts:cap2000,verified,applicable,admissible,9f4e7a3ec0edcae8,6edae8e5ce398e81,SURVIVED,IR_sentinel:codebase_community.codebase_community__posts:AB2,rejected,inferred_key,,,reject,False
codebase_community.codebase_community__users,B,GC1,grain_cardinality,corpus:codebase_community.codebase_community__users:cap2000,default,applicable,admissible,c23816c88544f44b,82faf5b1b75ae727,rejected,SDL_rowdup:codebase_community.codebase_community__users:GC1,rejected,inferred_key,,,survive,
codebase_community.codebase_community__users,B,GC1,grain_cardinality,corpus:codebase_community.codebase_community__users:cap2000,verified,applicable,admissible,c23816c88544f44b,82faf5b1b75ae727,SURVIVED,SDL_rowdup:codebase_community.codebase_community__users:GC1,SURVIVED,inferred_key,,,survive,True
codebase_community.codebase_community__users,B,PP1,population_predicates,corpus:codebase_community.codebase_community__users:cap2000,default,applicable,admissible,c23816c88544f44b,83feaf08a7142c9a,rejected,SDL_rowdrop:codebase_community.codebase_community__users:PP1,rejected,inferred_key,,,survive,
codebase_community.codebase_community__users,B,PP1,population_predicates,corpus:codebase_community.codebase_community__users:cap2000,verified,applicable,admissible,c23816c88544f44b,83feaf08a7142c9a,SURVIVED,SDL_rowdrop:codebase_community.codebase_community__users:PP1,SURVIVED,inferred_key,,,survive,True
codebase_community.codebase_community__users,B,RV1,representative_value,corpus:codebase_community.codebase_community__users:cap2000,-,NOT_APPLICABLE,,c23816c88544f44b,,,SDL_rowdrop:codebase_community.codebase_community__users:RV1,,inferred_key,,,survive,
codebase_community.codebase_community__users,B,ME3,measures,corpus:codebase_community.codebase_community__users:cap2000,-,NOT_APPLICABLE,,c23816c88544f44b,,,AOR_scale:codebase_community.codebase_community__users:ME3,,inferred_key,,,survive,
codebase_community.codebase_community__users,B,AB1,absence,corpus:codebase_community.codebase_community__users:cap2000,-,NOT_APPLICABLE,,c23816c88544f44b,,,IR_constfill:codebase_community.codebase_community__users:AB1,,inferred_key,,,survive,
codebase_community.codebase_community__users,B,AB1R,absence,corpus:codebase_community.codebase_community__users:cap2000,-,NOT_APPLICABLE,,c23816c88544f44b,,,IR_constzero:codebase_community.codebase_community__users:AB1R,,inferred_key,,,survive,
codebase_community.codebase_community__users,B,AB2,absence,corpus:codebase_community.codebase_community__users:cap2000,default,applicable,admissible,c23816c88544f44b,2e5b31ed2a21c2f2,SURVIVED,IR_sentinel:codebase_community.codebase_community__users:AB2,rejected,inferred_key,,,reject,
codebase_community.codebase_community__users,B,AB2,absence,corpus:codebase_community.codebase_community__users:cap2000,verified,applicable,admissible,c23816c88544f44b,2e5b31ed2a21c2f2,SURVIVED,IR_sentinel:codebase_community.codebase_community__users:AB2,rejected,inferred_key,,,reject,False
coinmarketcap.coinmarket__coins,B,GC1,grain_cardinality,corpus:coinmarketcap.coinmarket__coins:cap2000,default,applicable,admissible,a5bde14ceb816b06,40a34cbf68c97f59,rejected,SDL_rowdup:coinmarketcap.coinmarket__coins:GC1,rejected,inferred_key,,,survive,
coinmarketcap.coinmarket__coins,B,GC1,grain_cardinality,corpus:coinmarketcap.coinmarket__coins:cap2000,verified,applicable,admissible,a5bde14ceb816b06,40a34cbf68c97f59,SURVIVED,SDL_rowdup:coinmarketcap.coinmarket__coins:GC1,SURVIVED,inferred_key,,,survive,True
coinmarketcap.coinmarket__coins,B,PP1,population_predicates,corpus:coinmarketcap.coinmarket__coins:cap2000,default,applicable,admissible,a5bde14ceb816b06,fecdef0c78f52184,rejected,SDL_rowdrop:coinmarketcap.coinmarket__coins:PP1,rejected,inferred_key,,,survive,
coinmarketcap.coinmarket__coins,B,PP1,population_predicates,corpus:coinmarketcap.coinmarket__coins:cap2000,verified,applicable,admissible,a5bde14ceb816b06,fecdef0c78f52184,SURVIVED,SDL_rowdrop:coinmarketcap.coinmarket__coins:PP1,SURVIVED,inferred_key,,,survive,True
coinmarketcap.coinmarket__coins,B,RV1,representative_value,corpus:coinmarketcap.coinmarket__coins:cap2000,-,NOT_APPLICABLE,,a5bde14ceb816b06,,,SDL_rowdrop:coinmarketcap.coinmarket__coins:RV1,,inferred_key,,,survive,
coinmarketcap.coinmarket__coins,B,ME3,measures,corpus:coinmarketcap.coinmarket__coins:cap2000,-,NOT_APPLICABLE,,a5bde14ceb816b06,,,AOR_scale:coinmarketcap.coinmarket__coins:ME3,,inferred_key,,,survive,
coinmarketcap.coinmarket__coins,B,AB1,absence,corpus:coinmarketcap.coinmarket__coins:cap2000,-,NOT_APPLICABLE,,a5bde14ceb816b06,,,IR_constfill:coinmarketcap.coinmarket__coins:AB1,,inferred_key,,,survive,
coinmarketcap.coinmarket__coins,B,AB1R,absence,corpus:coinmarketcap.coinmarket__coins:cap2000,-,NOT_APPLICABLE,,a5bde14ceb816b06,,,IR_constzero:coinmarketcap.coinmarket__coins:AB1R,,inferred_key,,,survive,
coinmarketcap.coinmarket__coins,B,AB2,absence,corpus:coinmarketcap.coinmarket__coins:cap2000,default,applicable,admissible,a5bde14ceb816b06,d6554d28d2989b41,SURVIVED,IR_sentinel:coinmarketcap.coinmarket__coins:AB2,rejected,inferred_key,,,reject,
coinmarketcap.coinmarket__coins,B,AB2,absence,corpus:coinmarketcap.coinmarket__coins:cap2000,verified,applicable,admissible,a5bde14ceb816b06,d6554d28d2989b41,SURVIVED,IR_sentinel:coinmarketcap.coinmarket__coins:AB2,rejected,inferred_key,,,reject,False
college_completion.states,B,GC1,grain_cardinality,corpus:college_completion.states:cap2000,default,applicable,admissible,8497d6e238bb25d3,2b700b2a9c619662,rejected,SDL_rowdup:college_completion.states:GC1,rejected,all_column_fallback,,,survive,
college_completion.states,B,GC1,grain_cardinality,corpus:college_completion.states:cap2000,verified,applicable,admissible,8497d6e238bb25d3,2b700b2a9c619662,SURVIVED,SDL_rowdup:college_completion.states:GC1,SURVIVED,all_column_fallback,,,survive,True
college_completion.states,B,PP1,population_predicates,corpus:college_completion.states:cap2000,default,applicable,admissible,8497d6e238bb25d3,fc97181b3a814e30,rejected,SDL_rowdrop:college_completion.states:PP1,rejected,all_column_fallback,,,survive,
college_completion.states,B,PP1,population_predicates,corpus:college_completion.states:cap2000,verified,applicable,admissible,8497d6e238bb25d3,fc97181b3a814e30,SURVIVED,SDL_rowdrop:college_completion.states:PP1,SURVIVED,all_column_fallback,,,survive,True
college_completion.states,B,RV1,representative_value,corpus:college_completion.states:cap2000,-,NOT_APPLICABLE,,8497d6e238bb25d3,,,SDL_rowdrop:college_completion.states:RV1,,all_column_fallback,,,survive,
college_completion.states,B,ME3,measures,corpus:college_completion.states:cap2000,-,NOT_APPLICABLE,,8497d6e238bb25d3,,,AOR_scale:college_completion.states:ME3,,all_column_fallback,,,survive,
college_completion.states,B,AB1,absence,corpus:college_completion.states:cap2000,-,NOT_APPLICABLE,,8497d6e238bb25d3,,,IR_constfill:college_completion.states:AB1,,all_column_fallback,,,survive,
college_completion.states,B,AB1R,absence,corpus:college_completion.states:cap2000,-,NOT_APPLICABLE,,8497d6e238bb25d3,,,IR_constzero:college_completion.states:AB1R,,all_column_fallback,,,survive,
college_completion.states,B,AB2,absence,corpus:college_completion.states:cap2000,-,NOT_APPLICABLE,,8497d6e238bb25d3,,,IR_sentinel:college_completion.states:AB2,,all_column_fallback,,,reject,
computer_student.courses,B,GC1,grain_cardinality,corpus:computer_student.courses:cap2000,default,applicable,admissible,fdaf95f5c3652e1c,f4b2b8f08a1619a2,rejected,SDL_rowdup:computer_student.courses:GC1,rejected,inferred_key,,,survive,
computer_student.courses,B,GC1,grain_cardinality,corpus:computer_student.courses:cap2000,verified,applicable,admissible,fdaf95f5c3652e1c,f4b2b8f08a1619a2,SURVIVED,SDL_rowdup:computer_student.courses:GC1,SURVIVED,inferred_key,,,survive,True
computer_student.courses,B,PP1,population_predicates,corpus:computer_student.courses:cap2000,default,applicable,admissible,fdaf95f5c3652e1c,fb93071852ff81d9,rejected,SDL_rowdrop:computer_student.courses:PP1,rejected,inferred_key,,,survive,
computer_student.courses,B,PP1,population_predicates,corpus:computer_student.courses:cap2000,verified,applicable,admissible,fdaf95f5c3652e1c,fb93071852ff81d9,SURVIVED,SDL_rowdrop:computer_student.courses:PP1,SURVIVED,inferred_key,,,survive,True
computer_student.courses,B,RV1,representative_value,corpus:computer_student.courses:cap2000,-,NOT_APPLICABLE,,fdaf95f5c3652e1c,,,SDL_rowdrop:computer_student.courses:RV1,,inferred_key,,,survive,
computer_student.courses,B,ME3,measures,corpus:computer_student.courses:cap2000,-,NOT_APPLICABLE,,fdaf95f5c3652e1c,,,AOR_scale:computer_student.courses:ME3,,inferred_key,,,survive,
computer_student.courses,B,AB1,absence,corpus:computer_student.courses:cap2000,-,NOT_APPLICABLE,,fdaf95f5c3652e1c,,,IR_constfill:computer_student.courses:AB1,,inferred_key,,,survive,
computer_student.courses,B,AB1R,absence,corpus:computer_student.courses:cap2000,-,NOT_APPLICABLE,,fdaf95f5c3652e1c,,,IR_constzero:computer_student.courses:AB1R,,inferred_key,,,survive,
computer_student.courses,B,AB2,absence,corpus:computer_student.courses:cap2000,-,NOT_APPLICABLE,,fdaf95f5c3652e1c,,,IR_sentinel:computer_student.courses:AB2,,inferred_key,,,reject,
cookbook.recipes,B,GC1,grain_cardinality,corpus:cookbook.recipes:cap2000,default,applicable,admissible,d52f8100688504d6,504d35818d7ec531,rejected,SDL_rowdup:cookbook.recipes:GC1,rejected,inferred_key,,,survive,
cookbook.recipes,B,GC1,grain_cardinality,corpus:cookbook.recipes:cap2000,verified,applicable,admissible,d52f8100688504d6,504d35818d7ec531,SURVIVED,SDL_rowdup:cookbook.recipes:GC1,SURVIVED,inferred_key,,,survive,True
cookbook.recipes,B,PP1,population_predicates,corpus:cookbook.recipes:cap2000,default,applicable,admissible,d52f8100688504d6,ec8f907b6b09678b,rejected,SDL_rowdrop:cookbook.recipes:PP1,rejected,inferred_key,,,survive,
cookbook.recipes,B,PP1,population_predicates,corpus:cookbook.recipes:cap2000,verified,applicable,admissible,d52f8100688504d6,ec8f907b6b09678b,SURVIVED,SDL_rowdrop:cookbook.recipes:PP1,SURVIVED,inferred_key,,,survive,True
cookbook.recipes,B,RV1,representative_value,corpus:cookbook.recipes:cap2000,-,NOT_APPLICABLE,,d52f8100688504d6,,,SDL_rowdrop:cookbook.recipes:RV1,,inferred_key,,,survive,
cookbook.recipes,B,ME3,measures,corpus:cookbook.recipes:cap2000,-,NOT_APPLICABLE,,d52f8100688504d6,,,AOR_scale:cookbook.recipes:ME3,,inferred_key,,,survive,
cookbook.recipes,B,AB1,absence,corpus:cookbook.recipes:cap2000,default,applicable,admissible,d52f8100688504d6,74928fe85c978751,rejected,IR_constfill:cookbook.recipes:AB1,rejected,inferred_key,,,survive,
cookbook.recipes,B,AB1,absence,corpus:cookbook.recipes:cap2000,verified,applicable,admissible,d52f8100688504d6,74928fe85c978751,SURVIVED,IR_constfill:cookbook.recipes:AB1,rejected,inferred_key,,,survive,True
cookbook.recipes,B,AB1R,absence,corpus:cookbook.recipes:cap2000,default,applicable,admissible,d52f8100688504d6,cc7887ad7631e1cb,rejected,IR_constzero:cookbook.recipes:AB1R,rejected,inferred_key,,,survive,
cookbook.recipes,B,AB1R,absence,corpus:cookbook.recipes:cap2000,verified,applicable,admissible,d52f8100688504d6,cc7887ad7631e1cb,SURVIVED,IR_constzero:cookbook.recipes:AB1R,rejected,inferred_key,,,survive,True
cookbook.recipes,B,AB2,absence,corpus:cookbook.recipes:cap2000,default,applicable,admissible,d52f8100688504d6,a5c74c5c6764e9d0,SURVIVED,IR_sentinel:cookbook.recipes:AB2,rejected,inferred_key,,,reject,
cookbook.recipes,B,AB2,absence,corpus:cookbook.recipes:cap2000,verified,applicable,admissible,d52f8100688504d6,a5c74c5c6764e9d0,SURVIVED,IR_sentinel:cookbook.recipes:AB2,rejected,inferred_key,,,reject,False
cs_semester.courses,B,GC1,grain_cardinality,corpus:cs_semester.courses:cap2000,default,applicable,admissible,758a37cb1194044b,8b85b1ec34280ad9,rejected,SDL_rowdup:cs_semester.courses:GC1,rejected,inferred_key,,,survive,
cs_semester.courses,B,GC1,grain_cardinality,corpus:cs_semester.courses:cap2000,verified,applicable,admissible,758a37cb1194044b,8b85b1ec34280ad9,SURVIVED,SDL_rowdup:cs_semester.courses:GC1,SURVIVED,inferred_key,,,survive,True
cs_semester.courses,B,PP1,population_predicates,corpus:cs_semester.courses:cap2000,default,applicable,admissible,758a37cb1194044b,68e4b791f6dedb57,rejected,SDL_rowdrop:cs_semester.courses:PP1,rejected,inferred_key,,,survive,
cs_semester.courses,B,PP1,population_predicates,corpus:cs_semester.courses:cap2000,verified,applicable,admissible,758a37cb1194044b,68e4b791f6dedb57,SURVIVED,SDL_rowdrop:cs_semester.courses:PP1,SURVIVED,inferred_key,,,survive,True
cs_semester.courses,B,RV1,representative_value,corpus:cs_semester.courses:cap2000,-,NOT_APPLICABLE,,758a37cb1194044b,,,SDL_rowdrop:cs_semester.courses:RV1,,inferred_key,,,survive,
cs_semester.courses,B,ME3,measures,corpus:cs_semester.courses:cap2000,-,NOT_APPLICABLE,,758a37cb1194044b,,,AOR_scale:cs_semester.courses:ME3,,inferred_key,,,survive,
cs_semester.courses,B,AB1,absence,corpus:cs_semester.courses:cap2000,-,NOT_APPLICABLE,,758a37cb1194044b,,,IR_constfill:cs_semester.courses:AB1,,inferred_key,,,survive,
cs_semester.courses,B,AB1R,absence,corpus:cs_semester.courses:cap2000,-,NOT_APPLICABLE,,758a37cb1194044b,,,IR_constzero:cs_semester.courses:AB1R,,inferred_key,,,survive,
cs_semester.courses,B,AB2,absence,corpus:cs_semester.courses:cap2000,-,NOT_APPLICABLE,,758a37cb1194044b,,,IR_sentinel:cs_semester.courses:AB2,,inferred_key,,,reject,
cs_semester.professors,B,GC1,grain_cardinality,corpus:cs_semester.professors:cap2000,default,applicable,admissible,49c4cabe8faa35f8,322da2b78d448941,rejected,SDL_rowdup:cs_semester.professors:GC1,rejected,inferred_key,,,survive,
cs_semester.professors,B,GC1,grain_cardinality,corpus:cs_semester.professors:cap2000,verified,applicable,admissible,49c4cabe8faa35f8,322da2b78d448941,SURVIVED,SDL_rowdup:cs_semester.professors:GC1,SURVIVED,inferred_key,,,survive,True
cs_semester.professors,B,PP1,population_predicates,corpus:cs_semester.professors:cap2000,default,applicable,admissible,49c4cabe8faa35f8,48bad2e7a0b0dd0b,rejected,SDL_rowdrop:cs_semester.professors:PP1,rejected,inferred_key,,,survive,
cs_semester.professors,B,PP1,population_predicates,corpus:cs_semester.professors:cap2000,verified,applicable,admissible,49c4cabe8faa35f8,48bad2e7a0b0dd0b,SURVIVED,SDL_rowdrop:cs_semester.professors:PP1,SURVIVED,inferred_key,,,survive,True
cs_semester.professors,B,RV1,representative_value,corpus:cs_semester.professors:cap2000,-,NOT_APPLICABLE,,49c4cabe8faa35f8,,,SDL_rowdrop:cs_semester.professors:RV1,,inferred_key,,,survive,
cs_semester.professors,B,ME3,measures,corpus:cs_semester.professors:cap2000,-,NOT_APPLICABLE,,49c4cabe8faa35f8,,,AOR_scale:cs_semester.professors:ME3,,inferred_key,,,survive,
cs_semester.professors,B,AB1,absence,corpus:cs_semester.professors:cap2000,-,NOT_APPLICABLE,,49c4cabe8faa35f8,,,IR_constfill:cs_semester.professors:AB1,,inferred_key,,,survive,
cs_semester.professors,B,AB1R,absence,corpus:cs_semester.professors:cap2000,-,NOT_APPLICABLE,,49c4cabe8faa35f8,,,IR_constzero:cs_semester.professors:AB1R,,inferred_key,,,survive,
cs_semester.professors,B,AB2,absence,corpus:cs_semester.professors:cap2000,-,NOT_APPLICABLE,,49c4cabe8faa35f8,,,IR_sentinel:cs_semester.professors:AB2,,inferred_key,,,reject,
cs_semester.students,B,GC1,grain_cardinality,corpus:cs_semester.students:cap2000,default,applicable,admissible,458b9229244022c6,7890cde6667bf468,rejected,SDL_rowdup:cs_semester.students:GC1,rejected,inferred_key,,,survive,
cs_semester.students,B,GC1,grain_cardinality,corpus:cs_semester.students:cap2000,verified,applicable,admissible,458b9229244022c6,7890cde6667bf468,SURVIVED,SDL_rowdup:cs_semester.students:GC1,SURVIVED,inferred_key,,,survive,True
cs_semester.students,B,PP1,population_predicates,corpus:cs_semester.students:cap2000,default,applicable,admissible,458b9229244022c6,6219eb47b743423d,rejected,SDL_rowdrop:cs_semester.students:PP1,rejected,inferred_key,,,survive,
cs_semester.students,B,PP1,population_predicates,corpus:cs_semester.students:cap2000,verified,applicable,admissible,458b9229244022c6,6219eb47b743423d,SURVIVED,SDL_rowdrop:cs_semester.students:PP1,SURVIVED,inferred_key,,,survive,True
cs_semester.students,B,RV1,representative_value,corpus:cs_semester.students:cap2000,-,NOT_APPLICABLE,,458b9229244022c6,,,SDL_rowdrop:cs_semester.students:RV1,,inferred_key,,,survive,
cs_semester.students,B,ME3,measures,corpus:cs_semester.students:cap2000,-,NOT_APPLICABLE,,458b9229244022c6,,,AOR_scale:cs_semester.students:ME3,,inferred_key,,,survive,
cs_semester.students,B,AB1,absence,corpus:cs_semester.students:cap2000,-,NOT_APPLICABLE,,458b9229244022c6,,,IR_constfill:cs_semester.students:AB1,,inferred_key,,,survive,
cs_semester.students,B,AB1R,absence,corpus:cs_semester.students:cap2000,-,NOT_APPLICABLE,,458b9229244022c6,,,IR_constzero:cs_semester.students:AB1R,,inferred_key,,,survive,
cs_semester.students,B,AB2,absence,corpus:cs_semester.students:cap2000,-,NOT_APPLICABLE,,458b9229244022c6,,,IR_sentinel:cs_semester.students:AB2,,inferred_key,,,reject,
disney.directors,B,GC1,grain_cardinality,corpus:disney.directors:cap2000,default,applicable,admissible,9b57f70951604b1c,6641b2fa1afcf5b6,rejected,SDL_rowdup:disney.directors:GC1,rejected,all_column_fallback,,,survive,
disney.directors,B,GC1,grain_cardinality,corpus:disney.directors:cap2000,verified,applicable,admissible,9b57f70951604b1c,6641b2fa1afcf5b6,SURVIVED,SDL_rowdup:disney.directors:GC1,SURVIVED,all_column_fallback,,,survive,True
disney.directors,B,PP1,population_predicates,corpus:disney.directors:cap2000,default,applicable,admissible,9b57f70951604b1c,825895e91b91ead0,rejected,SDL_rowdrop:disney.directors:PP1,rejected,all_column_fallback,,,survive,
disney.directors,B,PP1,population_predicates,corpus:disney.directors:cap2000,verified,applicable,admissible,9b57f70951604b1c,825895e91b91ead0,SURVIVED,SDL_rowdrop:disney.directors:PP1,SURVIVED,all_column_fallback,,,survive,True
disney.directors,B,RV1,representative_value,corpus:disney.directors:cap2000,-,NOT_APPLICABLE,,9b57f70951604b1c,,,SDL_rowdrop:disney.directors:RV1,,all_column_fallback,,,survive,
disney.directors,B,ME3,measures,corpus:disney.directors:cap2000,-,NOT_APPLICABLE,,9b57f70951604b1c,,,AOR_scale:disney.directors:ME3,,all_column_fallback,,,survive,
disney.directors,B,AB1,absence,corpus:disney.directors:cap2000,-,NOT_APPLICABLE,,9b57f70951604b1c,,,IR_constfill:disney.directors:AB1,,all_column_fallback,,,survive,
disney.directors,B,AB1R,absence,corpus:disney.directors:cap2000,-,NOT_APPLICABLE,,9b57f70951604b1c,,,IR_constzero:disney.directors:AB1R,,all_column_fallback,,,survive,
disney.directors,B,AB2,absence,corpus:disney.directors:cap2000,default,applicable,admissible,9b57f70951604b1c,91d4d9250c5693e3,SURVIVED,IR_sentinel:disney.directors:AB2,rejected,all_column_fallback,,,reject,
disney.directors,B,AB2,absence,corpus:disney.directors:cap2000,verified,applicable,admissible,9b57f70951604b1c,91d4d9250c5693e3,SURVIVED,IR_sentinel:disney.directors:AB2,rejected,all_column_fallback,,,reject,False
european_football_1.eu_foolball__divisions,B,GC1,grain_cardinality,corpus:european_football_1.eu_foolball__divisions:cap2000,default,applicable,admissible,2412971371252743,6525a904db4246b8,rejected,SDL_rowdup:european_football_1.eu_foolball__divisions:GC1,rejected,all_column_fallback,,,survive,
european_football_1.eu_foolball__divisions,B,GC1,grain_cardinality,corpus:european_football_1.eu_foolball__divisions:cap2000,verified,applicable,admissible,2412971371252743,6525a904db4246b8,SURVIVED,SDL_rowdup:european_football_1.eu_foolball__divisions:GC1,SURVIVED,all_column_fallback,,,survive,True
european_football_1.eu_foolball__divisions,B,PP1,population_predicates,corpus:european_football_1.eu_foolball__divisions:cap2000,default,applicable,admissible,2412971371252743,812de01c98db2679,rejected,SDL_rowdrop:european_football_1.eu_foolball__divisions:PP1,rejected,all_column_fallback,,,survive,
european_football_1.eu_foolball__divisions,B,PP1,population_predicates,corpus:european_football_1.eu_foolball__divisions:cap2000,verified,applicable,admissible,2412971371252743,812de01c98db2679,SURVIVED,SDL_rowdrop:european_football_1.eu_foolball__divisions:PP1,SURVIVED,all_column_fallback,,,survive,True
european_football_1.eu_foolball__divisions,B,RV1,representative_value,corpus:european_football_1.eu_foolball__divisions:cap2000,-,NOT_APPLICABLE,,2412971371252743,,,SDL_rowdrop:european_football_1.eu_foolball__divisions:RV1,,all_column_fallback,,,survive,
european_football_1.eu_foolball__divisions,B,ME3,measures,corpus:european_football_1.eu_foolball__divisions:cap2000,-,NOT_APPLICABLE,,2412971371252743,,,AOR_scale:european_football_1.eu_foolball__divisions:ME3,,all_column_fallback,,,survive,
european_football_1.eu_foolball__divisions,B,AB1,absence,corpus:european_football_1.eu_foolball__divisions:cap2000,-,NOT_APPLICABLE,,2412971371252743,,,IR_constfill:european_football_1.eu_foolball__divisions:AB1,,all_column_fallback,,,survive,
european_football_1.eu_foolball__divisions,B,AB1R,absence,corpus:european_football_1.eu_foolball__divisions:cap2000,-,NOT_APPLICABLE,,2412971371252743,,,IR_constzero:european_football_1.eu_foolball__divisions:AB1R,,all_column_fallback,,,survive,
european_football_1.eu_foolball__divisions,B,AB2,absence,corpus:european_football_1.eu_foolball__divisions:cap2000,-,NOT_APPLICABLE,,2412971371252743,,,IR_sentinel:european_football_1.eu_foolball__divisions:AB2,,all_column_fallback,,,reject,
european_football_2.leagues,B,GC1,grain_cardinality,corpus:european_football_2.leagues:cap2000,default,applicable,admissible,1884b193d303abb9,8120e7f63d7ba967,rejected,SDL_rowdup:european_football_2.leagues:GC1,rejected,inferred_key,,,survive,
european_football_2.leagues,B,GC1,grain_cardinality,corpus:european_football_2.leagues:cap2000,verified,applicable,admissible,1884b193d303abb9,8120e7f63d7ba967,SURVIVED,SDL_rowdup:european_football_2.leagues:GC1,SURVIVED,inferred_key,,,survive,True
european_football_2.leagues,B,PP1,population_predicates,corpus:european_football_2.leagues:cap2000,default,applicable,admissible,1884b193d303abb9,5b128969dd9cd620,rejected,SDL_rowdrop:european_football_2.leagues:PP1,rejected,inferred_key,,,survive,
european_football_2.leagues,B,PP1,population_predicates,corpus:european_football_2.leagues:cap2000,verified,applicable,admissible,1884b193d303abb9,5b128969dd9cd620,SURVIVED,SDL_rowdrop:european_football_2.leagues:PP1,SURVIVED,inferred_key,,,survive,True
european_football_2.leagues,B,RV1,representative_value,corpus:european_football_2.leagues:cap2000,-,NOT_APPLICABLE,,1884b193d303abb9,,,SDL_rowdrop:european_football_2.leagues:RV1,,inferred_key,,,survive,
european_football_2.leagues,B,ME3,measures,corpus:european_football_2.leagues:cap2000,-,NOT_APPLICABLE,,1884b193d303abb9,,,AOR_scale:european_football_2.leagues:ME3,,inferred_key,,,survive,
european_football_2.leagues,B,AB1,absence,corpus:european_football_2.leagues:cap2000,-,NOT_APPLICABLE,,1884b193d303abb9,,,IR_constfill:european_football_2.leagues:AB1,,inferred_key,,,survive,
european_football_2.leagues,B,AB1R,absence,corpus:european_football_2.leagues:cap2000,-,NOT_APPLICABLE,,1884b193d303abb9,,,IR_constzero:european_football_2.leagues:AB1R,,inferred_key,,,survive,
european_football_2.leagues,B,AB2,absence,corpus:european_football_2.leagues:cap2000,-,NOT_APPLICABLE,,1884b193d303abb9,,,IR_sentinel:european_football_2.leagues:AB2,,inferred_key,,,reject,
european_football_2.players,B,GC1,grain_cardinality,corpus:european_football_2.players:cap2000,default,applicable,admissible,40d8d97259e326c4,271cf5099769e384,rejected,SDL_rowdup:european_football_2.players:GC1,rejected,inferred_key,,,survive,
european_football_2.players,B,GC1,grain_cardinality,corpus:european_football_2.players:cap2000,verified,applicable,admissible,40d8d97259e326c4,271cf5099769e384,SURVIVED,SDL_rowdup:european_football_2.players:GC1,SURVIVED,inferred_key,,,survive,True
european_football_2.players,B,PP1,population_predicates,corpus:european_football_2.players:cap2000,default,applicable,admissible,40d8d97259e326c4,cdec6cc0b0145502,rejected,SDL_rowdrop:european_football_2.players:PP1,rejected,inferred_key,,,survive,
european_football_2.players,B,PP1,population_predicates,corpus:european_football_2.players:cap2000,verified,applicable,admissible,40d8d97259e326c4,cdec6cc0b0145502,SURVIVED,SDL_rowdrop:european_football_2.players:PP1,SURVIVED,inferred_key,,,survive,True
european_football_2.players,B,RV1,representative_value,corpus:european_football_2.players:cap2000,-,NOT_APPLICABLE,,40d8d97259e326c4,,,SDL_rowdrop:european_football_2.players:RV1,,inferred_key,,,survive,
european_football_2.players,B,ME3,measures,corpus:european_football_2.players:cap2000,-,NOT_APPLICABLE,,40d8d97259e326c4,,,AOR_scale:european_football_2.players:ME3,,inferred_key,,,survive,
european_football_2.players,B,AB1,absence,corpus:european_football_2.players:cap2000,-,NOT_APPLICABLE,,40d8d97259e326c4,,,IR_constfill:european_football_2.players:AB1,,inferred_key,,,survive,
european_football_2.players,B,AB1R,absence,corpus:european_football_2.players:cap2000,-,NOT_APPLICABLE,,40d8d97259e326c4,,,IR_constzero:european_football_2.players:AB1R,,inferred_key,,,survive,
european_football_2.players,B,AB2,absence,corpus:european_football_2.players:cap2000,-,NOT_APPLICABLE,,40d8d97259e326c4,,,IR_sentinel:european_football_2.players:AB2,,inferred_key,,,reject,
european_football_2.teams,B,GC1,grain_cardinality,corpus:european_football_2.teams:cap2000,default,applicable,admissible,a667d7f4ded7945f,aa0092b4f8e1e8f1,rejected,SDL_rowdup:european_football_2.teams:GC1,rejected,inferred_key,,,survive,
european_football_2.teams,B,GC1,grain_cardinality,corpus:european_football_2.teams:cap2000,verified,applicable,admissible,a667d7f4ded7945f,aa0092b4f8e1e8f1,rejected,SDL_rowdup:european_football_2.teams:GC1,rejected,inferred_key,,,survive,False
european_football_2.teams,B,PP1,population_predicates,corpus:european_football_2.teams:cap2000,default,applicable,admissible,a667d7f4ded7945f,21a172635a17804f,rejected,SDL_rowdrop:european_football_2.teams:PP1,rejected,inferred_key,,,survive,
european_football_2.teams,B,PP1,population_predicates,corpus:european_football_2.teams:cap2000,verified,applicable,admissible,a667d7f4ded7945f,21a172635a17804f,rejected,SDL_rowdrop:european_football_2.teams:PP1,rejected,inferred_key,,,survive,False
european_football_2.teams,B,RV1,representative_value,corpus:european_football_2.teams:cap2000,-,NOT_APPLICABLE,,a667d7f4ded7945f,,,SDL_rowdrop:european_football_2.teams:RV1,,inferred_key,,,survive,
european_football_2.teams,B,ME3,measures,corpus:european_football_2.teams:cap2000,-,NOT_APPLICABLE,,a667d7f4ded7945f,,,AOR_scale:european_football_2.teams:ME3,,inferred_key,,,survive,
european_football_2.teams,B,AB1,absence,corpus:european_football_2.teams:cap2000,-,NOT_APPLICABLE,,a667d7f4ded7945f,,,IR_constfill:european_football_2.teams:AB1,,inferred_key,,,survive,
european_football_2.teams,B,AB1R,absence,corpus:european_football_2.teams:cap2000,-,NOT_APPLICABLE,,a667d7f4ded7945f,,,IR_constzero:european_football_2.teams:AB1R,,inferred_key,,,survive,
european_football_2.teams,B,AB2,absence,corpus:european_football_2.teams:cap2000,-,NOT_APPLICABLE,,a667d7f4ded7945f,,,IR_sentinel:european_football_2.teams:AB2,,inferred_key,,,reject,
facebook_ads.facebook_ads__account_report,B,GC1,grain_cardinality,corpus:facebook_ads.facebook_ads__account_report:cap2000,default,applicable,admissible,7c3f53e954b55339,80fdaf63701366d7,rejected,SDL_rowdup:facebook_ads.facebook_ads__account_report:GC1,rejected,all_column_fallback,,,survive,
facebook_ads.facebook_ads__account_report,B,GC1,grain_cardinality,corpus:facebook_ads.facebook_ads__account_report:cap2000,verified,applicable,admissible,7c3f53e954b55339,80fdaf63701366d7,SURVIVED,SDL_rowdup:facebook_ads.facebook_ads__account_report:GC1,SURVIVED,all_column_fallback,,,survive,True
facebook_ads.facebook_ads__account_report,B,PP1,population_predicates,corpus:facebook_ads.facebook_ads__account_report:cap2000,default,applicable,admissible,7c3f53e954b55339,ef891720ac0faa63,rejected,SDL_rowdrop:facebook_ads.facebook_ads__account_report:PP1,rejected,all_column_fallback,,,survive,
facebook_ads.facebook_ads__account_report,B,PP1,population_predicates,corpus:facebook_ads.facebook_ads__account_report:cap2000,verified,applicable,admissible,7c3f53e954b55339,ef891720ac0faa63,SURVIVED,SDL_rowdrop:facebook_ads.facebook_ads__account_report:PP1,SURVIVED,all_column_fallback,,,survive,True
facebook_ads.facebook_ads__account_report,B,RV1,representative_value,corpus:facebook_ads.facebook_ads__account_report:cap2000,-,NOT_APPLICABLE,,7c3f53e954b55339,,,SDL_rowdrop:facebook_ads.facebook_ads__account_report:RV1,,all_column_fallback,,,survive,
facebook_ads.facebook_ads__account_report,B,ME3,measures,corpus:facebook_ads.facebook_ads__account_report:cap2000,-,NOT_APPLICABLE,,7c3f53e954b55339,,,AOR_scale:facebook_ads.facebook_ads__account_report:ME3,,all_column_fallback,,,survive,
facebook_ads.facebook_ads__account_report,B,AB1,absence,corpus:facebook_ads.facebook_ads__account_report:cap2000,-,NOT_APPLICABLE,,7c3f53e954b55339,,,IR_constfill:facebook_ads.facebook_ads__account_report:AB1,,all_column_fallback,,,survive,
facebook_ads.facebook_ads__account_report,B,AB1R,absence,corpus:facebook_ads.facebook_ads__account_report:cap2000,-,NOT_APPLICABLE,,7c3f53e954b55339,,,IR_constzero:facebook_ads.facebook_ads__account_report:AB1R,,all_column_fallback,,,survive,
facebook_ads.facebook_ads__account_report,B,AB2,absence,corpus:facebook_ads.facebook_ads__account_report:cap2000,-,NOT_APPLICABLE,,7c3f53e954b55339,,,IR_sentinel:facebook_ads.facebook_ads__account_report:AB2,,all_column_fallback,,,reject,
facebook_ads.facebook_ads__ad_report,B,GC1,grain_cardinality,corpus:facebook_ads.facebook_ads__ad_report:cap2000,default,applicable,admissible,b972b4d1c74bf639,8a95f35c7ac2804c,rejected,SDL_rowdup:facebook_ads.facebook_ads__ad_report:GC1,rejected,all_column_fallback,,,survive,
facebook_ads.facebook_ads__ad_report,B,GC1,grain_cardinality,corpus:facebook_ads.facebook_ads__ad_report:cap2000,verified,applicable,admissible,b972b4d1c74bf639,8a95f35c7ac2804c,SURVIVED,SDL_rowdup:facebook_ads.facebook_ads__ad_report:GC1,SURVIVED,all_column_fallback,,,survive,True
facebook_ads.facebook_ads__ad_report,B,PP1,population_predicates,corpus:facebook_ads.facebook_ads__ad_report:cap2000,default,applicable,admissible,b972b4d1c74bf639,de9545aecec50f47,rejected,SDL_rowdrop:facebook_ads.facebook_ads__ad_report:PP1,rejected,all_column_fallback,,,survive,
facebook_ads.facebook_ads__ad_report,B,PP1,population_predicates,corpus:facebook_ads.facebook_ads__ad_report:cap2000,verified,applicable,admissible,b972b4d1c74bf639,de9545aecec50f47,SURVIVED,SDL_rowdrop:facebook_ads.facebook_ads__ad_report:PP1,SURVIVED,all_column_fallback,,,survive,True
facebook_ads.facebook_ads__ad_report,B,RV1,representative_value,corpus:facebook_ads.facebook_ads__ad_report:cap2000,-,NOT_APPLICABLE,,b972b4d1c74bf639,,,SDL_rowdrop:facebook_ads.facebook_ads__ad_report:RV1,,all_column_fallback,,,survive,
facebook_ads.facebook_ads__ad_report,B,ME3,measures,corpus:facebook_ads.facebook_ads__ad_report:cap2000,-,NOT_APPLICABLE,,b972b4d1c74bf639,,,AOR_scale:facebook_ads.facebook_ads__ad_report:ME3,,all_column_fallback,,,survive,
facebook_ads.facebook_ads__ad_report,B,AB1,absence,corpus:facebook_ads.facebook_ads__ad_report:cap2000,-,NOT_APPLICABLE,,b972b4d1c74bf639,,,IR_constfill:facebook_ads.facebook_ads__ad_report:AB1,,all_column_fallback,,,survive,
facebook_ads.facebook_ads__ad_report,B,AB1R,absence,corpus:facebook_ads.facebook_ads__ad_report:cap2000,-,NOT_APPLICABLE,,b972b4d1c74bf639,,,IR_constzero:facebook_ads.facebook_ads__ad_report:AB1R,,all_column_fallback,,,survive,
facebook_ads.facebook_ads__ad_report,B,AB2,absence,corpus:facebook_ads.facebook_ads__ad_report:cap2000,-,NOT_APPLICABLE,,b972b4d1c74bf639,,,IR_sentinel:facebook_ads.facebook_ads__ad_report:AB2,,all_column_fallback,,,reject,
facebook_ads.facebook_ads__ad_set_report,B,GC1,grain_cardinality,corpus:facebook_ads.facebook_ads__ad_set_report:cap2000,default,applicable,admissible,fb845e296e7f62ba,c9a3e85334343c33,rejected,SDL_rowdup:facebook_ads.facebook_ads__ad_set_report:GC1,rejected,all_column_fallback,,,survive,
facebook_ads.facebook_ads__ad_set_report,B,GC1,grain_cardinality,corpus:facebook_ads.facebook_ads__ad_set_report:cap2000,verified,applicable,admissible,fb845e296e7f62ba,c9a3e85334343c33,SURVIVED,SDL_rowdup:facebook_ads.facebook_ads__ad_set_report:GC1,SURVIVED,all_column_fallback,,,survive,True
facebook_ads.facebook_ads__ad_set_report,B,PP1,population_predicates,corpus:facebook_ads.facebook_ads__ad_set_report:cap2000,default,applicable,admissible,fb845e296e7f62ba,54e6eb3df283a6a4,rejected,SDL_rowdrop:facebook_ads.facebook_ads__ad_set_report:PP1,rejected,all_column_fallback,,,survive,
facebook_ads.facebook_ads__ad_set_report,B,PP1,population_predicates,corpus:facebook_ads.facebook_ads__ad_set_report:cap2000,verified,applicable,admissible,fb845e296e7f62ba,54e6eb3df283a6a4,SURVIVED,SDL_rowdrop:facebook_ads.facebook_ads__ad_set_report:PP1,SURVIVED,all_column_fallback,,,survive,True
facebook_ads.facebook_ads__ad_set_report,B,RV1,representative_value,corpus:facebook_ads.facebook_ads__ad_set_report:cap2000,-,NOT_APPLICABLE,,fb845e296e7f62ba,,,SDL_rowdrop:facebook_ads.facebook_ads__ad_set_report:RV1,,all_column_fallback,,,survive,
facebook_ads.facebook_ads__ad_set_report,B,ME3,measures,corpus:facebook_ads.facebook_ads__ad_set_report:cap2000,-,NOT_APPLICABLE,,fb845e296e7f62ba,,,AOR_scale:facebook_ads.facebook_ads__ad_set_report:ME3,,all_column_fallback,,,survive,
facebook_ads.facebook_ads__ad_set_report,B,AB1,absence,corpus:facebook_ads.facebook_ads__ad_set_report:cap2000,-,NOT_APPLICABLE,,fb845e296e7f62ba,,,IR_constfill:facebook_ads.facebook_ads__ad_set_report:AB1,,all_column_fallback,,,survive,
facebook_ads.facebook_ads__ad_set_report,B,AB1R,absence,corpus:facebook_ads.facebook_ads__ad_set_report:cap2000,-,NOT_APPLICABLE,,fb845e296e7f62ba,,,IR_constzero:facebook_ads.facebook_ads__ad_set_report:AB1R,,all_column_fallback,,,survive,
facebook_ads.facebook_ads__ad_set_report,B,AB2,absence,corpus:facebook_ads.facebook_ads__ad_set_report:cap2000,-,NOT_APPLICABLE,,fb845e296e7f62ba,,,IR_sentinel:facebook_ads.facebook_ads__ad_set_report:AB2,,all_column_fallback,,,reject,
facebook_ads.facebook_ads__campaign_report,B,GC1,grain_cardinality,corpus:facebook_ads.facebook_ads__campaign_report:cap2000,default,applicable,admissible,a1fd536701a34fd9,5746cb67c8c09dd5,rejected,SDL_rowdup:facebook_ads.facebook_ads__campaign_report:GC1,rejected,all_column_fallback,,,survive,
facebook_ads.facebook_ads__campaign_report,B,GC1,grain_cardinality,corpus:facebook_ads.facebook_ads__campaign_report:cap2000,verified,applicable,admissible,a1fd536701a34fd9,5746cb67c8c09dd5,SURVIVED,SDL_rowdup:facebook_ads.facebook_ads__campaign_report:GC1,SURVIVED,all_column_fallback,,,survive,True
facebook_ads.facebook_ads__campaign_report,B,PP1,population_predicates,corpus:facebook_ads.facebook_ads__campaign_report:cap2000,default,applicable,admissible,a1fd536701a34fd9,aead27effcbb4a36,rejected,SDL_rowdrop:facebook_ads.facebook_ads__campaign_report:PP1,rejected,all_column_fallback,,,survive,
facebook_ads.facebook_ads__campaign_report,B,PP1,population_predicates,corpus:facebook_ads.facebook_ads__campaign_report:cap2000,verified,applicable,admissible,a1fd536701a34fd9,aead27effcbb4a36,SURVIVED,SDL_rowdrop:facebook_ads.facebook_ads__campaign_report:PP1,SURVIVED,all_column_fallback,,,survive,True
facebook_ads.facebook_ads__campaign_report,B,RV1,representative_value,corpus:facebook_ads.facebook_ads__campaign_report:cap2000,-,NOT_APPLICABLE,,a1fd536701a34fd9,,,SDL_rowdrop:facebook_ads.facebook_ads__campaign_report:RV1,,all_column_fallback,,,survive,
facebook_ads.facebook_ads__campaign_report,B,ME3,measures,corpus:facebook_ads.facebook_ads__campaign_report:cap2000,-,NOT_APPLICABLE,,a1fd536701a34fd9,,,AOR_scale:facebook_ads.facebook_ads__campaign_report:ME3,,all_column_fallback,,,survive,
facebook_ads.facebook_ads__campaign_report,B,AB1,absence,corpus:facebook_ads.facebook_ads__campaign_report:cap2000,-,NOT_APPLICABLE,,a1fd536701a34fd9,,,IR_constfill:facebook_ads.facebook_ads__campaign_report:AB1,,all_column_fallback,,,survive,
facebook_ads.facebook_ads__campaign_report,B,AB1R,absence,corpus:facebook_ads.facebook_ads__campaign_report:cap2000,-,NOT_APPLICABLE,,a1fd536701a34fd9,,,IR_constzero:facebook_ads.facebook_ads__campaign_report:AB1R,,all_column_fallback,,,survive,
facebook_ads.facebook_ads__campaign_report,B,AB2,absence,corpus:facebook_ads.facebook_ads__campaign_report:cap2000,-,NOT_APPLICABLE,,a1fd536701a34fd9,,,IR_sentinel:facebook_ads.facebook_ads__campaign_report:AB2,,all_column_fallback,,,reject,
financial.clients,B,GC1,grain_cardinality,corpus:financial.clients:cap2000,default,applicable,admissible,6d91fd02367aa654,63a7c0d612ec9a52,rejected,SDL_rowdup:financial.clients:GC1,rejected,inferred_key,,,survive,
financial.clients,B,GC1,grain_cardinality,corpus:financial.clients:cap2000,verified,applicable,admissible,6d91fd02367aa654,63a7c0d612ec9a52,SURVIVED,SDL_rowdup:financial.clients:GC1,SURVIVED,inferred_key,,,survive,True
financial.clients,B,PP1,population_predicates,corpus:financial.clients:cap2000,default,applicable,admissible,6d91fd02367aa654,fb1526aca540f74a,rejected,SDL_rowdrop:financial.clients:PP1,rejected,inferred_key,,,survive,
financial.clients,B,PP1,population_predicates,corpus:financial.clients:cap2000,verified,applicable,admissible,6d91fd02367aa654,fb1526aca540f74a,SURVIVED,SDL_rowdrop:financial.clients:PP1,SURVIVED,inferred_key,,,survive,True
financial.clients,B,RV1,representative_value,corpus:financial.clients:cap2000,-,NOT_APPLICABLE,,6d91fd02367aa654,,,SDL_rowdrop:financial.clients:RV1,,inferred_key,,,survive,
financial.clients,B,ME3,measures,corpus:financial.clients:cap2000,-,NOT_APPLICABLE,,6d91fd02367aa654,,,AOR_scale:financial.clients:ME3,,inferred_key,,,survive,
financial.clients,B,AB1,absence,corpus:financial.clients:cap2000,-,NOT_APPLICABLE,,6d91fd02367aa654,,,IR_constfill:financial.clients:AB1,,inferred_key,,,survive,
financial.clients,B,AB1R,absence,corpus:financial.clients:cap2000,-,NOT_APPLICABLE,,6d91fd02367aa654,,,IR_constzero:financial.clients:AB1R,,inferred_key,,,survive,
financial.clients,B,AB2,absence,corpus:financial.clients:cap2000,default,applicable,admissible,6d91fd02367aa654,a950fc5b5f26b86a,SURVIVED,IR_sentinel:financial.clients:AB2,rejected,inferred_key,,,reject,
financial.clients,B,AB2,absence,corpus:financial.clients:cap2000,verified,applicable,admissible,6d91fd02367aa654,a950fc5b5f26b86a,SURVIVED,IR_sentinel:financial.clients:AB2,rejected,inferred_key,,,reject,False
financial.districts,B,GC1,grain_cardinality,corpus:financial.districts:cap2000,default,applicable,admissible,439b74cc0fc5d5fd,462bd95ea0a4216b,rejected,SDL_rowdup:financial.districts:GC1,rejected,inferred_key,,,survive,
financial.districts,B,GC1,grain_cardinality,corpus:financial.districts:cap2000,verified,applicable,admissible,439b74cc0fc5d5fd,462bd95ea0a4216b,SURVIVED,SDL_rowdup:financial.districts:GC1,SURVIVED,inferred_key,,,survive,True
financial.districts,B,PP1,population_predicates,corpus:financial.districts:cap2000,default,applicable,admissible,439b74cc0fc5d5fd,da4c2caa8ff95ec3,rejected,SDL_rowdrop:financial.districts:PP1,rejected,inferred_key,,,survive,
financial.districts,B,PP1,population_predicates,corpus:financial.districts:cap2000,verified,applicable,admissible,439b74cc0fc5d5fd,da4c2caa8ff95ec3,SURVIVED,SDL_rowdrop:financial.districts:PP1,SURVIVED,inferred_key,,,survive,True
financial.districts,B,RV1,representative_value,corpus:financial.districts:cap2000,-,NOT_APPLICABLE,,439b74cc0fc5d5fd,,,SDL_rowdrop:financial.districts:RV1,,inferred_key,,,survive,
financial.districts,B,ME3,measures,corpus:financial.districts:cap2000,-,NOT_APPLICABLE,,439b74cc0fc5d5fd,,,AOR_scale:financial.districts:ME3,,inferred_key,,,survive,
financial.districts,B,AB1,absence,corpus:financial.districts:cap2000,-,NOT_APPLICABLE,,439b74cc0fc5d5fd,,,IR_constfill:financial.districts:AB1,,inferred_key,,,survive,
financial.districts,B,AB1R,absence,corpus:financial.districts:cap2000,-,NOT_APPLICABLE,,439b74cc0fc5d5fd,,,IR_constzero:financial.districts:AB1R,,inferred_key,,,survive,
financial.districts,B,AB2,absence,corpus:financial.districts:cap2000,-,NOT_APPLICABLE,,439b74cc0fc5d5fd,,,IR_sentinel:financial.districts:AB2,,inferred_key,,,reject,
food_inspection.restaurants,B,GC1,grain_cardinality,corpus:food_inspection.restaurants:cap2000,default,applicable,admissible,c77a536d79384289,4e1d19a55d1c26c9,rejected,SDL_rowdup:food_inspection.restaurants:GC1,rejected,inferred_key,,,survive,
food_inspection.restaurants,B,GC1,grain_cardinality,corpus:food_inspection.restaurants:cap2000,verified,applicable,admissible,c77a536d79384289,4e1d19a55d1c26c9,SURVIVED,SDL_rowdup:food_inspection.restaurants:GC1,SURVIVED,inferred_key,,,survive,True
food_inspection.restaurants,B,PP1,population_predicates,corpus:food_inspection.restaurants:cap2000,default,applicable,admissible,c77a536d79384289,829b5195cafd210e,rejected,SDL_rowdrop:food_inspection.restaurants:PP1,rejected,inferred_key,,,survive,
food_inspection.restaurants,B,PP1,population_predicates,corpus:food_inspection.restaurants:cap2000,verified,applicable,admissible,c77a536d79384289,829b5195cafd210e,SURVIVED,SDL_rowdrop:food_inspection.restaurants:PP1,SURVIVED,inferred_key,,,survive,True
food_inspection.restaurants,B,RV1,representative_value,corpus:food_inspection.restaurants:cap2000,-,NOT_APPLICABLE,,c77a536d79384289,,,SDL_rowdrop:food_inspection.restaurants:RV1,,inferred_key,,,survive,
food_inspection.restaurants,B,ME3,measures,corpus:food_inspection.restaurants:cap2000,default,applicable,admissible,c77a536d79384289,3b8ff7c97ee870dc,rejected,AOR_scale:food_inspection.restaurants:ME3,rejected,inferred_key,,,survive,
food_inspection.restaurants,B,ME3,measures,corpus:food_inspection.restaurants:cap2000,verified,applicable,admissible,c77a536d79384289,3b8ff7c97ee870dc,SURVIVED,AOR_scale:food_inspection.restaurants:ME3,rejected,inferred_key,,,survive,True
food_inspection.restaurants,B,AB1,absence,corpus:food_inspection.restaurants:cap2000,-,NOT_APPLICABLE,,c77a536d79384289,,,IR_constfill:food_inspection.restaurants:AB1,,inferred_key,,,survive,
food_inspection.restaurants,B,AB1R,absence,corpus:food_inspection.restaurants:cap2000,-,NOT_APPLICABLE,,c77a536d79384289,,,IR_constzero:food_inspection.restaurants:AB1R,,inferred_key,,,survive,
food_inspection.restaurants,B,AB2,absence,corpus:food_inspection.restaurants:cap2000,default,applicable,admissible,c77a536d79384289,cd02747b77070ea7,SURVIVED,IR_sentinel:food_inspection.restaurants:AB2,rejected,inferred_key,,,reject,
food_inspection.restaurants,B,AB2,absence,corpus:food_inspection.restaurants:cap2000,verified,applicable,admissible,c77a536d79384289,cd02747b77070ea7,SURVIVED,IR_sentinel:food_inspection.restaurants:AB2,rejected,inferred_key,,,reject,False
food_inspection_2.businesses,B,GC1,grain_cardinality,corpus:food_inspection_2.businesses:cap2000,default,applicable,admissible,f645e2842f0447e0,4c81cf82501a1cdb,rejected,SDL_rowdup:food_inspection_2.businesses:GC1,rejected,all_column_fallback,,,survive,
food_inspection_2.businesses,B,GC1,grain_cardinality,corpus:food_inspection_2.businesses:cap2000,verified,applicable,admissible,f645e2842f0447e0,4c81cf82501a1cdb,SURVIVED,SDL_rowdup:food_inspection_2.businesses:GC1,SURVIVED,all_column_fallback,,,survive,True
food_inspection_2.businesses,B,PP1,population_predicates,corpus:food_inspection_2.businesses:cap2000,default,applicable,admissible,f645e2842f0447e0,b63a0f9a3a7e0507,rejected,SDL_rowdrop:food_inspection_2.businesses:PP1,rejected,all_column_fallback,,,survive,
food_inspection_2.businesses,B,PP1,population_predicates,corpus:food_inspection_2.businesses:cap2000,verified,applicable,admissible,f645e2842f0447e0,b63a0f9a3a7e0507,SURVIVED,SDL_rowdrop:food_inspection_2.businesses:PP1,rejected,all_column_fallback,,,survive,True
food_inspection_2.businesses,B,RV1,representative_value,corpus:food_inspection_2.businesses:cap2000,-,NOT_APPLICABLE,,f645e2842f0447e0,,,SDL_rowdrop:food_inspection_2.businesses:RV1,,all_column_fallback,,,survive,
food_inspection_2.businesses,B,ME3,measures,corpus:food_inspection_2.businesses:cap2000,default,applicable,admissible,f645e2842f0447e0,8a97cf19759f8443,rejected,AOR_scale:food_inspection_2.businesses:ME3,rejected,all_column_fallback,,,survive,
food_inspection_2.businesses,B,ME3,measures,corpus:food_inspection_2.businesses:cap2000,verified,applicable,admissible,f645e2842f0447e0,8a97cf19759f8443,SURVIVED,AOR_scale:food_inspection_2.businesses:ME3,rejected,all_column_fallback,,,survive,True
food_inspection_2.businesses,B,AB1,absence,corpus:food_inspection_2.businesses:cap2000,-,NOT_APPLICABLE,,f645e2842f0447e0,,,IR_constfill:food_inspection_2.businesses:AB1,,all_column_fallback,,,survive,
food_inspection_2.businesses,B,AB1R,absence,corpus:food_inspection_2.businesses:cap2000,-,NOT_APPLICABLE,,f645e2842f0447e0,,,IR_constzero:food_inspection_2.businesses:AB1R,,all_column_fallback,,,survive,
food_inspection_2.businesses,B,AB2,absence,corpus:food_inspection_2.businesses:cap2000,default,applicable,admissible,f645e2842f0447e0,52b44cfe14b3da8d,SURVIVED,IR_sentinel:food_inspection_2.businesses:AB2,rejected,all_column_fallback,,,reject,
food_inspection_2.businesses,B,AB2,absence,corpus:food_inspection_2.businesses:cap2000,verified,applicable,admissible,f645e2842f0447e0,52b44cfe14b3da8d,SURVIVED,IR_sentinel:food_inspection_2.businesses:AB2,rejected,all_column_fallback,,,reject,False
food_inspection_2.employees,B,GC1,grain_cardinality,corpus:food_inspection_2.employees:cap2000,default,applicable,admissible,bd3277afbcd99bdc,cd2854a3d4bea5ca,rejected,SDL_rowdup:food_inspection_2.employees:GC1,rejected,inferred_key,,,survive,
food_inspection_2.employees,B,GC1,grain_cardinality,corpus:food_inspection_2.employees:cap2000,verified,applicable,admissible,bd3277afbcd99bdc,cd2854a3d4bea5ca,SURVIVED,SDL_rowdup:food_inspection_2.employees:GC1,SURVIVED,inferred_key,,,survive,True
food_inspection_2.employees,B,PP1,population_predicates,corpus:food_inspection_2.employees:cap2000,default,applicable,admissible,bd3277afbcd99bdc,e6e8f62af0631a15,rejected,SDL_rowdrop:food_inspection_2.employees:PP1,rejected,inferred_key,,,survive,
food_inspection_2.employees,B,PP1,population_predicates,corpus:food_inspection_2.employees:cap2000,verified,applicable,admissible,bd3277afbcd99bdc,e6e8f62af0631a15,SURVIVED,SDL_rowdrop:food_inspection_2.employees:PP1,SURVIVED,inferred_key,,,survive,True
food_inspection_2.employees,B,RV1,representative_value,corpus:food_inspection_2.employees:cap2000,-,NOT_APPLICABLE,,bd3277afbcd99bdc,,,SDL_rowdrop:food_inspection_2.employees:RV1,,inferred_key,,,survive,
food_inspection_2.employees,B,ME3,measures,corpus:food_inspection_2.employees:cap2000,default,applicable,admissible,bd3277afbcd99bdc,6c901329d88eb487,rejected,AOR_scale:food_inspection_2.employees:ME3,rejected,inferred_key,,,survive,
food_inspection_2.employees,B,ME3,measures,corpus:food_inspection_2.employees:cap2000,verified,applicable,admissible,bd3277afbcd99bdc,6c901329d88eb487,SURVIVED,AOR_scale:food_inspection_2.employees:ME3,rejected,inferred_key,,,survive,True
food_inspection_2.employees,B,AB1,absence,corpus:food_inspection_2.employees:cap2000,-,NOT_APPLICABLE,,bd3277afbcd99bdc,,,IR_constfill:food_inspection_2.employees:AB1,,inferred_key,,,survive,
food_inspection_2.employees,B,AB1R,absence,corpus:food_inspection_2.employees:cap2000,-,NOT_APPLICABLE,,bd3277afbcd99bdc,,,IR_constzero:food_inspection_2.employees:AB1R,,inferred_key,,,survive,
food_inspection_2.employees,B,AB2,absence,corpus:food_inspection_2.employees:cap2000,-,NOT_APPLICABLE,,bd3277afbcd99bdc,,,IR_sentinel:food_inspection_2.employees:AB2,,inferred_key,,,reject,
formula_1.formula__drivers,B,GC1,grain_cardinality,corpus:formula_1.formula__drivers:cap2000,default,applicable,admissible,a728e4205af71577,9ea1c8e812e7271f,rejected,SDL_rowdup:formula_1.formula__drivers:GC1,rejected,inferred_key,,,survive,
formula_1.formula__drivers,B,GC1,grain_cardinality,corpus:formula_1.formula__drivers:cap2000,verified,applicable,admissible,a728e4205af71577,9ea1c8e812e7271f,SURVIVED,SDL_rowdup:formula_1.formula__drivers:GC1,SURVIVED,inferred_key,,,survive,True
formula_1.formula__drivers,B,PP1,population_predicates,corpus:formula_1.formula__drivers:cap2000,default,applicable,admissible,a728e4205af71577,57c429e4f4caf811,rejected,SDL_rowdrop:formula_1.formula__drivers:PP1,rejected,inferred_key,,,survive,
formula_1.formula__drivers,B,PP1,population_predicates,corpus:formula_1.formula__drivers:cap2000,verified,applicable,admissible,a728e4205af71577,57c429e4f4caf811,SURVIVED,SDL_rowdrop:formula_1.formula__drivers:PP1,SURVIVED,inferred_key,,,survive,True
formula_1.formula__drivers,B,RV1,representative_value,corpus:formula_1.formula__drivers:cap2000,-,NOT_APPLICABLE,,a728e4205af71577,,,SDL_rowdrop:formula_1.formula__drivers:RV1,,inferred_key,,,survive,
formula_1.formula__drivers,B,ME3,measures,corpus:formula_1.formula__drivers:cap2000,-,NOT_APPLICABLE,,a728e4205af71577,,,AOR_scale:formula_1.formula__drivers:ME3,,inferred_key,,,survive,
formula_1.formula__drivers,B,AB1,absence,corpus:formula_1.formula__drivers:cap2000,-,NOT_APPLICABLE,,a728e4205af71577,,,IR_constfill:formula_1.formula__drivers:AB1,,inferred_key,,,survive,
formula_1.formula__drivers,B,AB1R,absence,corpus:formula_1.formula__drivers:cap2000,-,NOT_APPLICABLE,,a728e4205af71577,,,IR_constzero:formula_1.formula__drivers:AB1R,,inferred_key,,,survive,
formula_1.formula__drivers,B,AB2,absence,corpus:formula_1.formula__drivers:cap2000,default,applicable,admissible,a728e4205af71577,b46fe6971c9f9fe1,SURVIVED,IR_sentinel:formula_1.formula__drivers:AB2,rejected,inferred_key,,,reject,
formula_1.formula__drivers,B,AB2,absence,corpus:formula_1.formula__drivers:cap2000,verified,applicable,admissible,a728e4205af71577,b46fe6971c9f9fe1,SURVIVED,IR_sentinel:formula_1.formula__drivers:AB2,rejected,inferred_key,,,reject,False
genes.genes__genes,B,GC1,grain_cardinality,corpus:genes.genes__genes:cap2000,default,applicable,admissible,95309ac490201297,dd2c9dcf13507481,rejected,SDL_rowdup:genes.genes__genes:GC1,rejected,inferred_key,,,survive,
genes.genes__genes,B,GC1,grain_cardinality,corpus:genes.genes__genes:cap2000,verified,applicable,admissible,95309ac490201297,dd2c9dcf13507481,SURVIVED,SDL_rowdup:genes.genes__genes:GC1,SURVIVED,inferred_key,,,survive,True
genes.genes__genes,B,PP1,population_predicates,corpus:genes.genes__genes:cap2000,default,applicable,admissible,95309ac490201297,1efe2f561af45c9b,rejected,SDL_rowdrop:genes.genes__genes:PP1,rejected,inferred_key,,,survive,
genes.genes__genes,B,PP1,population_predicates,corpus:genes.genes__genes:cap2000,verified,applicable,admissible,95309ac490201297,1efe2f561af45c9b,SURVIVED,SDL_rowdrop:genes.genes__genes:PP1,SURVIVED,inferred_key,,,survive,True
genes.genes__genes,B,RV1,representative_value,corpus:genes.genes__genes:cap2000,-,NOT_APPLICABLE,,95309ac490201297,,,SDL_rowdrop:genes.genes__genes:RV1,,inferred_key,,,survive,
genes.genes__genes,B,ME3,measures,corpus:genes.genes__genes:cap2000,-,NOT_APPLICABLE,,95309ac490201297,,,AOR_scale:genes.genes__genes:ME3,,inferred_key,,,survive,
genes.genes__genes,B,AB1,absence,corpus:genes.genes__genes:cap2000,-,NOT_APPLICABLE,,95309ac490201297,,,IR_constfill:genes.genes__genes:AB1,,inferred_key,,,survive,
genes.genes__genes,B,AB1R,absence,corpus:genes.genes__genes:cap2000,-,NOT_APPLICABLE,,95309ac490201297,,,IR_constzero:genes.genes__genes:AB1R,,inferred_key,,,survive,
genes.genes__genes,B,AB2,absence,corpus:genes.genes__genes:cap2000,default,applicable,admissible,95309ac490201297,ed8874186dfe4cc8,SURVIVED,IR_sentinel:genes.genes__genes:AB2,rejected,inferred_key,,,reject,
genes.genes__genes,B,AB2,absence,corpus:genes.genes__genes:cap2000,verified,applicable,admissible,95309ac490201297,ed8874186dfe4cc8,SURVIVED,IR_sentinel:genes.genes__genes:AB2,rejected,inferred_key,,,reject,False
github.github__daily_metrics,B,GC1,grain_cardinality,corpus:github.github__daily_metrics:cap2000,default,applicable,admissible,618cc83bc67c6d5b,3660ff78475ddeac,rejected,SDL_rowdup:github.github__daily_metrics:GC1,rejected,all_column_fallback,,,survive,
github.github__daily_metrics,B,GC1,grain_cardinality,corpus:github.github__daily_metrics:cap2000,verified,applicable,admissible,618cc83bc67c6d5b,3660ff78475ddeac,SURVIVED,SDL_rowdup:github.github__daily_metrics:GC1,SURVIVED,all_column_fallback,,,survive,True
github.github__daily_metrics,B,PP1,population_predicates,corpus:github.github__daily_metrics:cap2000,default,applicable,admissible,618cc83bc67c6d5b,5f2d735982258df8,rejected,SDL_rowdrop:github.github__daily_metrics:PP1,rejected,all_column_fallback,,,survive,
github.github__daily_metrics,B,PP1,population_predicates,corpus:github.github__daily_metrics:cap2000,verified,applicable,admissible,618cc83bc67c6d5b,5f2d735982258df8,SURVIVED,SDL_rowdrop:github.github__daily_metrics:PP1,rejected,all_column_fallback,,,survive,True
github.github__daily_metrics,B,RV1,representative_value,corpus:github.github__daily_metrics:cap2000,-,NOT_APPLICABLE,,618cc83bc67c6d5b,,,SDL_rowdrop:github.github__daily_metrics:RV1,,all_column_fallback,,,survive,
github.github__daily_metrics,B,ME3,measures,corpus:github.github__daily_metrics:cap2000,-,NOT_APPLICABLE,,618cc83bc67c6d5b,,,AOR_scale:github.github__daily_metrics:ME3,,all_column_fallback,,,survive,
github.github__daily_metrics,B,AB1,absence,corpus:github.github__daily_metrics:cap2000,-,NOT_APPLICABLE,,618cc83bc67c6d5b,,,IR_constfill:github.github__daily_metrics:AB1,,all_column_fallback,,,survive,
github.github__daily_metrics,B,AB1R,absence,corpus:github.github__daily_metrics:cap2000,-,NOT_APPLICABLE,,618cc83bc67c6d5b,,,IR_constzero:github.github__daily_metrics:AB1R,,all_column_fallback,,,survive,
github.github__daily_metrics,B,AB2,absence,corpus:github.github__daily_metrics:cap2000,-,NOT_APPLICABLE,,618cc83bc67c6d5b,,,IR_sentinel:github.github__daily_metrics:AB2,,all_column_fallback,,,reject,
github.github__issues,B,GC1,grain_cardinality,corpus:github.github__issues:cap2000,default,applicable,admissible,6a8f0c240fb3ed3a,bd9ea3861888554b,rejected,SDL_rowdup:github.github__issues:GC1,rejected,inferred_key,,,survive,
github.github__issues,B,GC1,grain_cardinality,corpus:github.github__issues:cap2000,verified,applicable,admissible,6a8f0c240fb3ed3a,bd9ea3861888554b,SURVIVED,SDL_rowdup:github.github__issues:GC1,SURVIVED,inferred_key,,,survive,True
github.github__issues,B,PP1,population_predicates,corpus:github.github__issues:cap2000,default,applicable,admissible,6a8f0c240fb3ed3a,5747a52fc31bc22a,rejected,SDL_rowdrop:github.github__issues:PP1,rejected,inferred_key,,,survive,
github.github__issues,B,PP1,population_predicates,corpus:github.github__issues:cap2000,verified,applicable,admissible,6a8f0c240fb3ed3a,5747a52fc31bc22a,SURVIVED,SDL_rowdrop:github.github__issues:PP1,SURVIVED,inferred_key,,,survive,True
github.github__issues,B,RV1,representative_value,corpus:github.github__issues:cap2000,-,NOT_APPLICABLE,,6a8f0c240fb3ed3a,,,SDL_rowdrop:github.github__issues:RV1,,inferred_key,,,survive,
github.github__issues,B,ME3,measures,corpus:github.github__issues:cap2000,-,NOT_APPLICABLE,,6a8f0c240fb3ed3a,,,AOR_scale:github.github__issues:ME3,,inferred_key,,,survive,
github.github__issues,B,AB1,absence,corpus:github.github__issues:cap2000,-,NOT_APPLICABLE,,6a8f0c240fb3ed3a,,,IR_constfill:github.github__issues:AB1,,inferred_key,,,survive,
github.github__issues,B,AB1R,absence,corpus:github.github__issues:cap2000,-,NOT_APPLICABLE,,6a8f0c240fb3ed3a,,,IR_constzero:github.github__issues:AB1R,,inferred_key,,,survive,
github.github__issues,B,AB2,absence,corpus:github.github__issues:cap2000,default,applicable,admissible,6a8f0c240fb3ed3a,4d6034a53eb52743,SURVIVED,IR_sentinel:github.github__issues:AB2,rejected,inferred_key,,,reject,
github.github__issues,B,AB2,absence,corpus:github.github__issues:cap2000,verified,applicable,admissible,6a8f0c240fb3ed3a,4d6034a53eb52743,SURVIVED,IR_sentinel:github.github__issues:AB2,rejected,inferred_key,,,reject,False
github.github__monthly_metrics,B,GC1,grain_cardinality,corpus:github.github__monthly_metrics:cap2000,default,applicable,admissible,5a1be0abf0b2e69b,17baf2166fc994d9,rejected,SDL_rowdup:github.github__monthly_metrics:GC1,rejected,all_column_fallback,,,survive,
github.github__monthly_metrics,B,GC1,grain_cardinality,corpus:github.github__monthly_metrics:cap2000,verified,applicable,admissible,5a1be0abf0b2e69b,17baf2166fc994d9,SURVIVED,SDL_rowdup:github.github__monthly_metrics:GC1,SURVIVED,all_column_fallback,,,survive,True
github.github__monthly_metrics,B,PP1,population_predicates,corpus:github.github__monthly_metrics:cap2000,default,applicable,admissible,5a1be0abf0b2e69b,918f6448132f9b19,rejected,SDL_rowdrop:github.github__monthly_metrics:PP1,rejected,all_column_fallback,,,survive,
github.github__monthly_metrics,B,PP1,population_predicates,corpus:github.github__monthly_metrics:cap2000,verified,applicable,admissible,5a1be0abf0b2e69b,918f6448132f9b19,rejected,SDL_rowdrop:github.github__monthly_metrics:PP1,rejected,all_column_fallback,,,survive,False
github.github__monthly_metrics,B,RV1,representative_value,corpus:github.github__monthly_metrics:cap2000,-,NOT_APPLICABLE,,5a1be0abf0b2e69b,,,SDL_rowdrop:github.github__monthly_metrics:RV1,,all_column_fallback,,,survive,
github.github__monthly_metrics,B,ME3,measures,corpus:github.github__monthly_metrics:cap2000,-,NOT_APPLICABLE,,5a1be0abf0b2e69b,,,AOR_scale:github.github__monthly_metrics:ME3,,all_column_fallback,,,survive,
github.github__monthly_metrics,B,AB1,absence,corpus:github.github__monthly_metrics:cap2000,-,NOT_APPLICABLE,,5a1be0abf0b2e69b,,,IR_constfill:github.github__monthly_metrics:AB1,,all_column_fallback,,,survive,
github.github__monthly_metrics,B,AB1R,absence,corpus:github.github__monthly_metrics:cap2000,-,NOT_APPLICABLE,,5a1be0abf0b2e69b,,,IR_constzero:github.github__monthly_metrics:AB1R,,all_column_fallback,,,survive,
github.github__monthly_metrics,B,AB2,absence,corpus:github.github__monthly_metrics:cap2000,-,NOT_APPLICABLE,,5a1be0abf0b2e69b,,,IR_sentinel:github.github__monthly_metrics:AB2,,all_column_fallback,,,reject,
github.github__pull_requests,B,GC1,grain_cardinality,corpus:github.github__pull_requests:cap2000,default,applicable,admissible,818178819ac3ec2b,f2120d80f8d3c766,rejected,SDL_rowdup:github.github__pull_requests:GC1,rejected,inferred_key,,,survive,
github.github__pull_requests,B,GC1,grain_cardinality,corpus:github.github__pull_requests:cap2000,verified,applicable,admissible,818178819ac3ec2b,f2120d80f8d3c766,SURVIVED,SDL_rowdup:github.github__pull_requests:GC1,SURVIVED,inferred_key,,,survive,True
github.github__pull_requests,B,PP1,population_predicates,corpus:github.github__pull_requests:cap2000,default,applicable,admissible,818178819ac3ec2b,1a924c008c58cae8,rejected,SDL_rowdrop:github.github__pull_requests:PP1,rejected,inferred_key,,,survive,
github.github__pull_requests,B,PP1,population_predicates,corpus:github.github__pull_requests:cap2000,verified,applicable,admissible,818178819ac3ec2b,1a924c008c58cae8,SURVIVED,SDL_rowdrop:github.github__pull_requests:PP1,SURVIVED,inferred_key,,,survive,True
github.github__pull_requests,B,RV1,representative_value,corpus:github.github__pull_requests:cap2000,-,NOT_APPLICABLE,,818178819ac3ec2b,,,SDL_rowdrop:github.github__pull_requests:RV1,,inferred_key,,,survive,
github.github__pull_requests,B,ME3,measures,corpus:github.github__pull_requests:cap2000,-,NOT_APPLICABLE,,818178819ac3ec2b,,,AOR_scale:github.github__pull_requests:ME3,,inferred_key,,,survive,
github.github__pull_requests,B,AB1,absence,corpus:github.github__pull_requests:cap2000,-,NOT_APPLICABLE,,818178819ac3ec2b,,,IR_constfill:github.github__pull_requests:AB1,,inferred_key,,,survive,
github.github__pull_requests,B,AB1R,absence,corpus:github.github__pull_requests:cap2000,-,NOT_APPLICABLE,,818178819ac3ec2b,,,IR_constzero:github.github__pull_requests:AB1R,,inferred_key,,,survive,
github.github__pull_requests,B,AB2,absence,corpus:github.github__pull_requests:cap2000,default,applicable,admissible,818178819ac3ec2b,78e4d98fa17b5639,SURVIVED,IR_sentinel:github.github__pull_requests:AB2,rejected,inferred_key,,,reject,
github.github__pull_requests,B,AB2,absence,corpus:github.github__pull_requests:cap2000,verified,applicable,admissible,818178819ac3ec2b,78e4d98fa17b5639,SURVIVED,IR_sentinel:github.github__pull_requests:AB2,rejected,inferred_key,,,reject,False
github.github__quarterly_metrics,B,GC1,grain_cardinality,corpus:github.github__quarterly_metrics:cap2000,default,applicable,admissible,cfa34012b0609ddb,5b39fa019c850599,rejected,SDL_rowdup:github.github__quarterly_metrics:GC1,rejected,all_column_fallback,,,survive,
github.github__quarterly_metrics,B,GC1,grain_cardinality,corpus:github.github__quarterly_metrics:cap2000,verified,applicable,admissible,cfa34012b0609ddb,5b39fa019c850599,SURVIVED,SDL_rowdup:github.github__quarterly_metrics:GC1,SURVIVED,all_column_fallback,,,survive,True
github.github__quarterly_metrics,B,PP1,population_predicates,corpus:github.github__quarterly_metrics:cap2000,default,applicable,admissible,cfa34012b0609ddb,bc3c74ba94ee07f3,rejected,SDL_rowdrop:github.github__quarterly_metrics:PP1,rejected,all_column_fallback,,,survive,
github.github__quarterly_metrics,B,PP1,population_predicates,corpus:github.github__quarterly_metrics:cap2000,verified,applicable,admissible,cfa34012b0609ddb,bc3c74ba94ee07f3,rejected,SDL_rowdrop:github.github__quarterly_metrics:PP1,rejected,all_column_fallback,,,survive,False
github.github__quarterly_metrics,B,RV1,representative_value,corpus:github.github__quarterly_metrics:cap2000,-,NOT_APPLICABLE,,cfa34012b0609ddb,,,SDL_rowdrop:github.github__quarterly_metrics:RV1,,all_column_fallback,,,survive,
github.github__quarterly_metrics,B,ME3,measures,corpus:github.github__quarterly_metrics:cap2000,-,NOT_APPLICABLE,,cfa34012b0609ddb,,,AOR_scale:github.github__quarterly_metrics:ME3,,all_column_fallback,,,survive,
github.github__quarterly_metrics,B,AB1,absence,corpus:github.github__quarterly_metrics:cap2000,-,NOT_APPLICABLE,,cfa34012b0609ddb,,,IR_constfill:github.github__quarterly_metrics:AB1,,all_column_fallback,,,survive,
github.github__quarterly_metrics,B,AB1R,absence,corpus:github.github__quarterly_metrics:cap2000,-,NOT_APPLICABLE,,cfa34012b0609ddb,,,IR_constzero:github.github__quarterly_metrics:AB1R,,all_column_fallback,,,survive,
github.github__quarterly_metrics,B,AB2,absence,corpus:github.github__quarterly_metrics:cap2000,-,NOT_APPLICABLE,,cfa34012b0609ddb,,,IR_sentinel:github.github__quarterly_metrics:AB2,,all_column_fallback,,,reject,
github.github__weekly_metrics,B,GC1,grain_cardinality,corpus:github.github__weekly_metrics:cap2000,default,applicable,admissible,f64fc525ae16a3d5,9e1b68a72b032af7,rejected,SDL_rowdup:github.github__weekly_metrics:GC1,rejected,all_column_fallback,,,survive,
github.github__weekly_metrics,B,GC1,grain_cardinality,corpus:github.github__weekly_metrics:cap2000,verified,applicable,admissible,f64fc525ae16a3d5,9e1b68a72b032af7,SURVIVED,SDL_rowdup:github.github__weekly_metrics:GC1,SURVIVED,all_column_fallback,,,survive,True
github.github__weekly_metrics,B,PP1,population_predicates,corpus:github.github__weekly_metrics:cap2000,default,applicable,admissible,f64fc525ae16a3d5,153b816b4ad7f420,rejected,SDL_rowdrop:github.github__weekly_metrics:PP1,rejected,all_column_fallback,,,survive,
github.github__weekly_metrics,B,PP1,population_predicates,corpus:github.github__weekly_metrics:cap2000,verified,applicable,admissible,f64fc525ae16a3d5,153b816b4ad7f420,rejected,SDL_rowdrop:github.github__weekly_metrics:PP1,rejected,all_column_fallback,,,survive,False
github.github__weekly_metrics,B,RV1,representative_value,corpus:github.github__weekly_metrics:cap2000,-,NOT_APPLICABLE,,f64fc525ae16a3d5,,,SDL_rowdrop:github.github__weekly_metrics:RV1,,all_column_fallback,,,survive,
github.github__weekly_metrics,B,ME3,measures,corpus:github.github__weekly_metrics:cap2000,-,NOT_APPLICABLE,,f64fc525ae16a3d5,,,AOR_scale:github.github__weekly_metrics:ME3,,all_column_fallback,,,survive,
github.github__weekly_metrics,B,AB1,absence,corpus:github.github__weekly_metrics:cap2000,-,NOT_APPLICABLE,,f64fc525ae16a3d5,,,IR_constfill:github.github__weekly_metrics:AB1,,all_column_fallback,,,survive,
github.github__weekly_metrics,B,AB1R,absence,corpus:github.github__weekly_metrics:cap2000,-,NOT_APPLICABLE,,f64fc525ae16a3d5,,,IR_constzero:github.github__weekly_metrics:AB1R,,all_column_fallback,,,survive,
github.github__weekly_metrics,B,AB2,absence,corpus:github.github__weekly_metrics:cap2000,-,NOT_APPLICABLE,,f64fc525ae16a3d5,,,IR_sentinel:github.github__weekly_metrics:AB2,,all_column_fallback,,,reject,
hockey.hockey__goalies,B,GC1,grain_cardinality,corpus:hockey.hockey__goalies:cap2000,default,applicable,admissible,3615616a8a3f6ca3,57e8996923fe8b1e,rejected,SDL_rowdup:hockey.hockey__goalies:GC1,rejected,inferred_key,,,survive,
hockey.hockey__goalies,B,GC1,grain_cardinality,corpus:hockey.hockey__goalies:cap2000,verified,applicable,admissible,3615616a8a3f6ca3,57e8996923fe8b1e,SURVIVED,SDL_rowdup:hockey.hockey__goalies:GC1,SURVIVED,inferred_key,,,survive,True
hockey.hockey__goalies,B,PP1,population_predicates,corpus:hockey.hockey__goalies:cap2000,default,applicable,admissible,3615616a8a3f6ca3,bd18f31fed115430,rejected,SDL_rowdrop:hockey.hockey__goalies:PP1,rejected,inferred_key,,,survive,
hockey.hockey__goalies,B,PP1,population_predicates,corpus:hockey.hockey__goalies:cap2000,verified,applicable,admissible,3615616a8a3f6ca3,bd18f31fed115430,SURVIVED,SDL_rowdrop:hockey.hockey__goalies:PP1,SURVIVED,inferred_key,,,survive,True
hockey.hockey__goalies,B,RV1,representative_value,corpus:hockey.hockey__goalies:cap2000,-,NOT_APPLICABLE,,3615616a8a3f6ca3,,,SDL_rowdrop:hockey.hockey__goalies:RV1,,inferred_key,,,survive,
hockey.hockey__goalies,B,ME3,measures,corpus:hockey.hockey__goalies:cap2000,-,NOT_APPLICABLE,,3615616a8a3f6ca3,,,AOR_scale:hockey.hockey__goalies:ME3,,inferred_key,,,survive,
hockey.hockey__goalies,B,AB1,absence,corpus:hockey.hockey__goalies:cap2000,-,NOT_APPLICABLE,,3615616a8a3f6ca3,,,IR_constfill:hockey.hockey__goalies:AB1,,inferred_key,,,survive,
hockey.hockey__goalies,B,AB1R,absence,corpus:hockey.hockey__goalies:cap2000,-,NOT_APPLICABLE,,3615616a8a3f6ca3,,,IR_constzero:hockey.hockey__goalies:AB1R,,inferred_key,,,survive,
hockey.hockey__goalies,B,AB2,absence,corpus:hockey.hockey__goalies:cap2000,default,applicable,admissible,3615616a8a3f6ca3,ca5ccfa8c1b2553c,SURVIVED,IR_sentinel:hockey.hockey__goalies:AB2,rejected,inferred_key,,,reject,
hockey.hockey__goalies,B,AB2,absence,corpus:hockey.hockey__goalies:cap2000,verified,applicable,admissible,3615616a8a3f6ca3,ca5ccfa8c1b2553c,SURVIVED,IR_sentinel:hockey.hockey__goalies:AB2,rejected,inferred_key,,,reject,False
hockey.hockey__teams,B,GC1,grain_cardinality,corpus:hockey.hockey__teams:cap2000,default,applicable,admissible,a253cd2538b6a513,2843ac6d17732de7,rejected,SDL_rowdup:hockey.hockey__teams:GC1,rejected,inferred_key,,,survive,
hockey.hockey__teams,B,GC1,grain_cardinality,corpus:hockey.hockey__teams:cap2000,verified,applicable,admissible,a253cd2538b6a513,2843ac6d17732de7,SURVIVED,SDL_rowdup:hockey.hockey__teams:GC1,SURVIVED,inferred_key,,,survive,True
hockey.hockey__teams,B,PP1,population_predicates,corpus:hockey.hockey__teams:cap2000,default,applicable,admissible,a253cd2538b6a513,3af7136ff374ab09,rejected,SDL_rowdrop:hockey.hockey__teams:PP1,rejected,inferred_key,,,survive,
hockey.hockey__teams,B,PP1,population_predicates,corpus:hockey.hockey__teams:cap2000,verified,applicable,admissible,a253cd2538b6a513,3af7136ff374ab09,SURVIVED,SDL_rowdrop:hockey.hockey__teams:PP1,SURVIVED,inferred_key,,,survive,True
hockey.hockey__teams,B,RV1,representative_value,corpus:hockey.hockey__teams:cap2000,-,NOT_APPLICABLE,,a253cd2538b6a513,,,SDL_rowdrop:hockey.hockey__teams:RV1,,inferred_key,,,survive,
hockey.hockey__teams,B,ME3,measures,corpus:hockey.hockey__teams:cap2000,-,NOT_APPLICABLE,,a253cd2538b6a513,,,AOR_scale:hockey.hockey__teams:ME3,,inferred_key,,,survive,
hockey.hockey__teams,B,AB1,absence,corpus:hockey.hockey__teams:cap2000,-,NOT_APPLICABLE,,a253cd2538b6a513,,,IR_constfill:hockey.hockey__teams:AB1,,inferred_key,,,survive,
hockey.hockey__teams,B,AB1R,absence,corpus:hockey.hockey__teams:cap2000,-,NOT_APPLICABLE,,a253cd2538b6a513,,,IR_constzero:hockey.hockey__teams:AB1R,,inferred_key,,,survive,
hockey.hockey__teams,B,AB2,absence,corpus:hockey.hockey__teams:cap2000,default,applicable,admissible,a253cd2538b6a513,ff169d2d2da024a1,SURVIVED,IR_sentinel:hockey.hockey__teams:AB2,rejected,inferred_key,,,reject,
hockey.hockey__teams,B,AB2,absence,corpus:hockey.hockey__teams:cap2000,verified,applicable,admissible,a253cd2538b6a513,ff169d2d2da024a1,SURVIVED,IR_sentinel:hockey.hockey__teams:AB2,rejected,inferred_key,,,reject,False
human_resources.locations,B,GC1,grain_cardinality,corpus:human_resources.locations:cap2000,default,applicable,admissible,0d30a5e4a6af2005,b96cd9bd2b7cca95,rejected,SDL_rowdup:human_resources.locations:GC1,rejected,inferred_key,,,survive,
human_resources.locations,B,GC1,grain_cardinality,corpus:human_resources.locations:cap2000,verified,applicable,admissible,0d30a5e4a6af2005,b96cd9bd2b7cca95,SURVIVED,SDL_rowdup:human_resources.locations:GC1,SURVIVED,inferred_key,,,survive,True
human_resources.locations,B,PP1,population_predicates,corpus:human_resources.locations:cap2000,default,applicable,admissible,0d30a5e4a6af2005,c41e0eda49100377,rejected,SDL_rowdrop:human_resources.locations:PP1,rejected,inferred_key,,,survive,
human_resources.locations,B,PP1,population_predicates,corpus:human_resources.locations:cap2000,verified,applicable,admissible,0d30a5e4a6af2005,c41e0eda49100377,SURVIVED,SDL_rowdrop:human_resources.locations:PP1,SURVIVED,inferred_key,,,survive,True
human_resources.locations,B,RV1,representative_value,corpus:human_resources.locations:cap2000,-,NOT_APPLICABLE,,0d30a5e4a6af2005,,,SDL_rowdrop:human_resources.locations:RV1,,inferred_key,,,survive,
human_resources.locations,B,ME3,measures,corpus:human_resources.locations:cap2000,-,NOT_APPLICABLE,,0d30a5e4a6af2005,,,AOR_scale:human_resources.locations:ME3,,inferred_key,,,survive,
human_resources.locations,B,AB1,absence,corpus:human_resources.locations:cap2000,-,NOT_APPLICABLE,,0d30a5e4a6af2005,,,IR_constfill:human_resources.locations:AB1,,inferred_key,,,survive,
human_resources.locations,B,AB1R,absence,corpus:human_resources.locations:cap2000,-,NOT_APPLICABLE,,0d30a5e4a6af2005,,,IR_constzero:human_resources.locations:AB1R,,inferred_key,,,survive,
human_resources.locations,B,AB2,absence,corpus:human_resources.locations:cap2000,default,applicable,admissible,0d30a5e4a6af2005,ce3eb2838747e1fa,SURVIVED,IR_sentinel:human_resources.locations:AB2,rejected,inferred_key,,,reject,
human_resources.locations,B,AB2,absence,corpus:human_resources.locations:cap2000,verified,applicable,admissible,0d30a5e4a6af2005,ce3eb2838747e1fa,SURVIVED,IR_sentinel:human_resources.locations:AB2,rejected,inferred_key,,,reject,False
human_resources.positions,B,GC1,grain_cardinality,corpus:human_resources.positions:cap2000,default,applicable,admissible,72ee425131c87044,c44bc3424f5bbfb1,rejected,SDL_rowdup:human_resources.positions:GC1,rejected,inferred_key,,,survive,
human_resources.positions,B,GC1,grain_cardinality,corpus:human_resources.positions:cap2000,verified,applicable,admissible,72ee425131c87044,c44bc3424f5bbfb1,SURVIVED,SDL_rowdup:human_resources.positions:GC1,SURVIVED,inferred_key,,,survive,True
human_resources.positions,B,PP1,population_predicates,corpus:human_resources.positions:cap2000,-,NOT_APPLICABLE,,72ee425131c87044,,,SDL_rowdrop:human_resources.positions:PP1,,inferred_key,,,survive,
human_resources.positions,B,RV1,representative_value,corpus:human_resources.positions:cap2000,-,NOT_APPLICABLE,,72ee425131c87044,,,SDL_rowdrop:human_resources.positions:RV1,,inferred_key,,,survive,
human_resources.positions,B,ME3,measures,corpus:human_resources.positions:cap2000,-,NOT_APPLICABLE,,72ee425131c87044,,,AOR_scale:human_resources.positions:ME3,,inferred_key,,,survive,
human_resources.positions,B,AB1,absence,corpus:human_resources.positions:cap2000,-,NOT_APPLICABLE,,72ee425131c87044,,,IR_constfill:human_resources.positions:AB1,,inferred_key,,,survive,
human_resources.positions,B,AB1R,absence,corpus:human_resources.positions:cap2000,-,NOT_APPLICABLE,,72ee425131c87044,,,IR_constzero:human_resources.positions:AB1R,,inferred_key,,,survive,
human_resources.positions,B,AB2,absence,corpus:human_resources.positions:cap2000,-,NOT_APPLICABLE,,72ee425131c87044,,,IR_sentinel:human_resources.positions:AB2,,inferred_key,,,reject,
ice_hockey_draft.players,B,GC1,grain_cardinality,corpus:ice_hockey_draft.players:cap2000,default,applicable,admissible,1b4e06e60170bda9,98440bb92226a5a2,rejected,SDL_rowdup:ice_hockey_draft.players:GC1,rejected,inferred_key,,,survive,
ice_hockey_draft.players,B,GC1,grain_cardinality,corpus:ice_hockey_draft.players:cap2000,verified,applicable,admissible,1b4e06e60170bda9,98440bb92226a5a2,SURVIVED,SDL_rowdup:ice_hockey_draft.players:GC1,SURVIVED,inferred_key,,,survive,True
ice_hockey_draft.players,B,PP1,population_predicates,corpus:ice_hockey_draft.players:cap2000,default,applicable,admissible,1b4e06e60170bda9,15eee8109dd8baab,rejected,SDL_rowdrop:ice_hockey_draft.players:PP1,rejected,inferred_key,,,survive,
ice_hockey_draft.players,B,PP1,population_predicates,corpus:ice_hockey_draft.players:cap2000,verified,applicable,admissible,1b4e06e60170bda9,15eee8109dd8baab,SURVIVED,SDL_rowdrop:ice_hockey_draft.players:PP1,SURVIVED,inferred_key,,,survive,True
ice_hockey_draft.players,B,RV1,representative_value,corpus:ice_hockey_draft.players:cap2000,-,NOT_APPLICABLE,,1b4e06e60170bda9,,,SDL_rowdrop:ice_hockey_draft.players:RV1,,inferred_key,,,survive,
ice_hockey_draft.players,B,ME3,measures,corpus:ice_hockey_draft.players:cap2000,-,NOT_APPLICABLE,,1b4e06e60170bda9,,,AOR_scale:ice_hockey_draft.players:ME3,,inferred_key,,,survive,
ice_hockey_draft.players,B,AB1,absence,corpus:ice_hockey_draft.players:cap2000,-,NOT_APPLICABLE,,1b4e06e60170bda9,,,IR_constfill:ice_hockey_draft.players:AB1,,inferred_key,,,survive,
ice_hockey_draft.players,B,AB1R,absence,corpus:ice_hockey_draft.players:cap2000,-,NOT_APPLICABLE,,1b4e06e60170bda9,,,IR_constzero:ice_hockey_draft.players:AB1R,,inferred_key,,,survive,
ice_hockey_draft.players,B,AB2,absence,corpus:ice_hockey_draft.players:cap2000,-,NOT_APPLICABLE,,1b4e06e60170bda9,,,IR_sentinel:ice_hockey_draft.players:AB2,,inferred_key,,,reject,
image_and_language.images,B,GC1,grain_cardinality,corpus:image_and_language.images:cap2000,default,applicable,admissible,aece989f3e687217,e9e50df925d8d3b5,rejected,SDL_rowdup:image_and_language.images:GC1,rejected,inferred_key,,,survive,
image_and_language.images,B,GC1,grain_cardinality,corpus:image_and_language.images:cap2000,verified,applicable,admissible,aece989f3e687217,e9e50df925d8d3b5,SURVIVED,SDL_rowdup:image_and_language.images:GC1,SURVIVED,inferred_key,,,survive,True
image_and_language.images,B,PP1,population_predicates,corpus:image_and_language.images:cap2000,default,applicable,admissible,aece989f3e687217,2be67d122fe30957,rejected,SDL_rowdrop:image_and_language.images:PP1,rejected,inferred_key,,,survive,
image_and_language.images,B,PP1,population_predicates,corpus:image_and_language.images:cap2000,verified,applicable,admissible,aece989f3e687217,2be67d122fe30957,SURVIVED,SDL_rowdrop:image_and_language.images:PP1,SURVIVED,inferred_key,,,survive,True
image_and_language.images,B,RV1,representative_value,corpus:image_and_language.images:cap2000,-,NOT_APPLICABLE,,aece989f3e687217,,,SDL_rowdrop:image_and_language.images:RV1,,inferred_key,,,survive,
image_and_language.images,B,ME3,measures,corpus:image_and_language.images:cap2000,-,NOT_APPLICABLE,,aece989f3e687217,,,AOR_scale:image_and_language.images:ME3,,inferred_key,,,survive,
image_and_language.images,B,AB1,absence,corpus:image_and_language.images:cap2000,-,NOT_APPLICABLE,,aece989f3e687217,,,IR_constfill:image_and_language.images:AB1,,inferred_key,,,survive,
image_and_language.images,B,AB1R,absence,corpus:image_and_language.images:cap2000,-,NOT_APPLICABLE,,aece989f3e687217,,,IR_constzero:image_and_language.images:AB1R,,inferred_key,,,survive,
image_and_language.images,B,AB2,absence,corpus:image_and_language.images:cap2000,-,NOT_APPLICABLE,,aece989f3e687217,,,IR_sentinel:image_and_language.images:AB2,,inferred_key,,,reject,
instagram_business.instagram_business__posts,B,GC1,grain_cardinality,corpus:instagram_business.instagram_business__posts:cap2000,default,applicable,admissible,cb0038e292449574,b630bcfed7c5f4d6,rejected,SDL_rowdup:instagram_business.instagram_business__posts:GC1,rejected,inferred_key,,,survive,
instagram_business.instagram_business__posts,B,GC1,grain_cardinality,corpus:instagram_business.instagram_business__posts:cap2000,verified,applicable,admissible,cb0038e292449574,b630bcfed7c5f4d6,SURVIVED,SDL_rowdup:instagram_business.instagram_business__posts:GC1,SURVIVED,inferred_key,,,survive,True
instagram_business.instagram_business__posts,B,PP1,population_predicates,corpus:instagram_business.instagram_business__posts:cap2000,-,NOT_APPLICABLE,,cb0038e292449574,,,SDL_rowdrop:instagram_business.instagram_business__posts:PP1,,inferred_key,,,survive,
instagram_business.instagram_business__posts,B,RV1,representative_value,corpus:instagram_business.instagram_business__posts:cap2000,-,NOT_APPLICABLE,,cb0038e292449574,,,SDL_rowdrop:instagram_business.instagram_business__posts:RV1,,inferred_key,,,survive,
instagram_business.instagram_business__posts,B,ME3,measures,corpus:instagram_business.instagram_business__posts:cap2000,-,NOT_APPLICABLE,,cb0038e292449574,,,AOR_scale:instagram_business.instagram_business__posts:ME3,,inferred_key,,,survive,
instagram_business.instagram_business__posts,B,AB1,absence,corpus:instagram_business.instagram_business__posts:cap2000,-,NOT_APPLICABLE,,cb0038e292449574,,,IR_constfill:instagram_business.instagram_business__posts:AB1,,inferred_key,,,survive,
instagram_business.instagram_business__posts,B,AB1R,absence,corpus:instagram_business.instagram_business__posts:cap2000,-,NOT_APPLICABLE,,cb0038e292449574,,,IR_constzero:instagram_business.instagram_business__posts:AB1R,,inferred_key,,,survive,
instagram_business.instagram_business__posts,B,AB2,absence,corpus:instagram_business.instagram_business__posts:cap2000,default,applicable,admissible,cb0038e292449574,22c8b7f902cab270,SURVIVED,IR_sentinel:instagram_business.instagram_business__posts:AB2,rejected,inferred_key,,,reject,
instagram_business.instagram_business__posts,B,AB2,absence,corpus:instagram_business.instagram_business__posts:cap2000,verified,applicable,admissible,cb0038e292449574,22c8b7f902cab270,SURVIVED,IR_sentinel:instagram_business.instagram_business__posts:AB2,rejected,inferred_key,,,reject,False
law_episode.law_episode__episode,B,GC1,grain_cardinality,corpus:law_episode.law_episode__episode:cap2000,default,applicable,admissible,b395654e521dbe6a,364937d10e0c4e0b,rejected,SDL_rowdup:law_episode.law_episode__episode:GC1,rejected,inferred_key,,,survive,
law_episode.law_episode__episode,B,GC1,grain_cardinality,corpus:law_episode.law_episode__episode:cap2000,verified,applicable,admissible,b395654e521dbe6a,364937d10e0c4e0b,SURVIVED,SDL_rowdup:law_episode.law_episode__episode:GC1,SURVIVED,inferred_key,,,survive,True
law_episode.law_episode__episode,B,PP1,population_predicates,corpus:law_episode.law_episode__episode:cap2000,default,applicable,admissible,b395654e521dbe6a,04fe72a56c231f2d,rejected,SDL_rowdrop:law_episode.law_episode__episode:PP1,rejected,inferred_key,,,survive,
law_episode.law_episode__episode,B,PP1,population_predicates,corpus:law_episode.law_episode__episode:cap2000,verified,applicable,admissible,b395654e521dbe6a,04fe72a56c231f2d,SURVIVED,SDL_rowdrop:law_episode.law_episode__episode:PP1,SURVIVED,inferred_key,,,survive,True
law_episode.law_episode__episode,B,RV1,representative_value,corpus:law_episode.law_episode__episode:cap2000,-,NOT_APPLICABLE,,b395654e521dbe6a,,,SDL_rowdrop:law_episode.law_episode__episode:RV1,,inferred_key,,,survive,
law_episode.law_episode__episode,B,ME3,measures,corpus:law_episode.law_episode__episode:cap2000,default,applicable,admissible,b395654e521dbe6a,5da01d310dddaceb,rejected,AOR_scale:law_episode.law_episode__episode:ME3,rejected,inferred_key,,,survive,
law_episode.law_episode__episode,B,ME3,measures,corpus:law_episode.law_episode__episode:cap2000,verified,applicable,admissible,b395654e521dbe6a,5da01d310dddaceb,SURVIVED,AOR_scale:law_episode.law_episode__episode:ME3,rejected,inferred_key,,,survive,True
law_episode.law_episode__episode,B,AB1,absence,corpus:law_episode.law_episode__episode:cap2000,-,NOT_APPLICABLE,,b395654e521dbe6a,,,IR_constfill:law_episode.law_episode__episode:AB1,,inferred_key,,,survive,
law_episode.law_episode__episode,B,AB1R,absence,corpus:law_episode.law_episode__episode:cap2000,-,NOT_APPLICABLE,,b395654e521dbe6a,,,IR_constzero:law_episode.law_episode__episode:AB1R,,inferred_key,,,survive,
law_episode.law_episode__episode,B,AB2,absence,corpus:law_episode.law_episode__episode:cap2000,-,NOT_APPLICABLE,,b395654e521dbe6a,,,IR_sentinel:law_episode.law_episode__episode:AB2,,inferred_key,,,reject,
law_episode.law_episode__person,B,GC1,grain_cardinality,corpus:law_episode.law_episode__person:cap2000,default,applicable,admissible,d37675981a6feb9d,ce5751de0342ea8b,rejected,SDL_rowdup:law_episode.law_episode__person:GC1,rejected,inferred_key,,,survive,
law_episode.law_episode__person,B,GC1,grain_cardinality,corpus:law_episode.law_episode__person:cap2000,verified,applicable,admissible,d37675981a6feb9d,ce5751de0342ea8b,SURVIVED,SDL_rowdup:law_episode.law_episode__person:GC1,SURVIVED,inferred_key,,,survive,True
law_episode.law_episode__person,B,PP1,population_predicates,corpus:law_episode.law_episode__person:cap2000,default,applicable,admissible,d37675981a6feb9d,aa412e4e0f9f723e,rejected,SDL_rowdrop:law_episode.law_episode__person:PP1,rejected,inferred_key,,,survive,
law_episode.law_episode__person,B,PP1,population_predicates,corpus:law_episode.law_episode__person:cap2000,verified,applicable,admissible,d37675981a6feb9d,aa412e4e0f9f723e,SURVIVED,SDL_rowdrop:law_episode.law_episode__person:PP1,SURVIVED,inferred_key,,,survive,True
law_episode.law_episode__person,B,RV1,representative_value,corpus:law_episode.law_episode__person:cap2000,-,NOT_APPLICABLE,,d37675981a6feb9d,,,SDL_rowdrop:law_episode.law_episode__person:RV1,,inferred_key,,,survive,
law_episode.law_episode__person,B,ME3,measures,corpus:law_episode.law_episode__person:cap2000,-,NOT_APPLICABLE,,d37675981a6feb9d,,,AOR_scale:law_episode.law_episode__person:ME3,,inferred_key,,,survive,
law_episode.law_episode__person,B,AB1,absence,corpus:law_episode.law_episode__person:cap2000,-,NOT_APPLICABLE,,d37675981a6feb9d,,,IR_constfill:law_episode.law_episode__person:AB1,,inferred_key,,,survive,
law_episode.law_episode__person,B,AB1R,absence,corpus:law_episode.law_episode__person:cap2000,-,NOT_APPLICABLE,,d37675981a6feb9d,,,IR_constzero:law_episode.law_episode__person:AB1R,,inferred_key,,,survive,
law_episode.law_episode__person,B,AB2,absence,corpus:law_episode.law_episode__person:cap2000,default,applicable,admissible,d37675981a6feb9d,158c885a614722d8,SURVIVED,IR_sentinel:law_episode.law_episode__person:AB2,rejected,inferred_key,,,reject,
law_episode.law_episode__person,B,AB2,absence,corpus:law_episode.law_episode__person:cap2000,verified,applicable,admissible,d37675981a6feb9d,158c885a614722d8,SURVIVED,IR_sentinel:law_episode.law_episode__person:AB2,rejected,inferred_key,,,reject,False
legislator.current_legislators,B,GC1,grain_cardinality,corpus:legislator.current_legislators:cap2000,default,applicable,admissible,95ebc72b341201c7,ea1784c4e582540f,rejected,SDL_rowdup:legislator.current_legislators:GC1,rejected,inferred_key,,,survive,
legislator.current_legislators,B,GC1,grain_cardinality,corpus:legislator.current_legislators:cap2000,verified,applicable,admissible,95ebc72b341201c7,ea1784c4e582540f,SURVIVED,SDL_rowdup:legislator.current_legislators:GC1,SURVIVED,inferred_key,,,survive,True
legislator.current_legislators,B,PP1,population_predicates,corpus:legislator.current_legislators:cap2000,default,applicable,admissible,95ebc72b341201c7,42df9d8c39c9e58a,rejected,SDL_rowdrop:legislator.current_legislators:PP1,rejected,inferred_key,,,survive,
legislator.current_legislators,B,PP1,population_predicates,corpus:legislator.current_legislators:cap2000,verified,applicable,admissible,95ebc72b341201c7,42df9d8c39c9e58a,SURVIVED,SDL_rowdrop:legislator.current_legislators:PP1,SURVIVED,inferred_key,,,survive,True
legislator.current_legislators,B,RV1,representative_value,corpus:legislator.current_legislators:cap2000,-,NOT_APPLICABLE,,95ebc72b341201c7,,,SDL_rowdrop:legislator.current_legislators:RV1,,inferred_key,,,survive,
legislator.current_legislators,B,ME3,measures,corpus:legislator.current_legislators:cap2000,-,NOT_APPLICABLE,,95ebc72b341201c7,,,AOR_scale:legislator.current_legislators:ME3,,inferred_key,,,survive,
legislator.current_legislators,B,AB1,absence,corpus:legislator.current_legislators:cap2000,-,NOT_APPLICABLE,,95ebc72b341201c7,,,IR_constfill:legislator.current_legislators:AB1,,inferred_key,,,survive,
legislator.current_legislators,B,AB1R,absence,corpus:legislator.current_legislators:cap2000,-,NOT_APPLICABLE,,95ebc72b341201c7,,,IR_constzero:legislator.current_legislators:AB1R,,inferred_key,,,survive,
legislator.current_legislators,B,AB2,absence,corpus:legislator.current_legislators:cap2000,-,NOT_APPLICABLE,,95ebc72b341201c7,,,IR_sentinel:legislator.current_legislators:AB2,,inferred_key,,,reject,
lever.lever__posting_enhanced,B,GC1,grain_cardinality,corpus:lever.lever__posting_enhanced:cap2000,default,applicable,admissible,df632a7d8e4ab35f,a8ef73ad4b954bd6,rejected,SDL_rowdup:lever.lever__posting_enhanced:GC1,rejected,inferred_key,,,survive,
lever.lever__posting_enhanced,B,GC1,grain_cardinality,corpus:lever.lever__posting_enhanced:cap2000,verified,applicable,admissible,df632a7d8e4ab35f,a8ef73ad4b954bd6,SURVIVED,SDL_rowdup:lever.lever__posting_enhanced:GC1,SURVIVED,inferred_key,,,survive,True
lever.lever__posting_enhanced,B,PP1,population_predicates,corpus:lever.lever__posting_enhanced:cap2000,-,NOT_APPLICABLE,,df632a7d8e4ab35f,,,SDL_rowdrop:lever.lever__posting_enhanced:PP1,,inferred_key,,,survive,
lever.lever__posting_enhanced,B,RV1,representative_value,corpus:lever.lever__posting_enhanced:cap2000,-,NOT_APPLICABLE,,df632a7d8e4ab35f,,,SDL_rowdrop:lever.lever__posting_enhanced:RV1,,inferred_key,,,survive,
lever.lever__posting_enhanced,B,ME3,measures,corpus:lever.lever__posting_enhanced:cap2000,-,NOT_APPLICABLE,,df632a7d8e4ab35f,,,AOR_scale:lever.lever__posting_enhanced:ME3,,inferred_key,,,survive,
lever.lever__posting_enhanced,B,AB1,absence,corpus:lever.lever__posting_enhanced:cap2000,-,NOT_APPLICABLE,,df632a7d8e4ab35f,,,IR_constfill:lever.lever__posting_enhanced:AB1,,inferred_key,,,survive,
lever.lever__posting_enhanced,B,AB1R,absence,corpus:lever.lever__posting_enhanced:cap2000,-,NOT_APPLICABLE,,df632a7d8e4ab35f,,,IR_constzero:lever.lever__posting_enhanced:AB1R,,inferred_key,,,survive,
lever.lever__posting_enhanced,B,AB2,absence,corpus:lever.lever__posting_enhanced:cap2000,default,applicable,admissible,df632a7d8e4ab35f,c4ebdc561ecd810a,SURVIVED,IR_sentinel:lever.lever__posting_enhanced:AB2,rejected,inferred_key,,,reject,
lever.lever__posting_enhanced,B,AB2,absence,corpus:lever.lever__posting_enhanced:cap2000,verified,applicable,admissible,df632a7d8e4ab35f,c4ebdc561ecd810a,SURVIVED,IR_sentinel:lever.lever__posting_enhanced:AB2,rejected,inferred_key,,,reject,False
lever.lever__requisition_enhanced,B,GC1,grain_cardinality,corpus:lever.lever__requisition_enhanced:cap2000,default,applicable,admissible,00ac5849eb8010ce,ab585eb14b8e1daf,rejected,SDL_rowdup:lever.lever__requisition_enhanced:GC1,rejected,inferred_key,,,survive,
lever.lever__requisition_enhanced,B,GC1,grain_cardinality,corpus:lever.lever__requisition_enhanced:cap2000,verified,applicable,admissible,00ac5849eb8010ce,ab585eb14b8e1daf,SURVIVED,SDL_rowdup:lever.lever__requisition_enhanced:GC1,SURVIVED,inferred_key,,,survive,True
lever.lever__requisition_enhanced,B,PP1,population_predicates,corpus:lever.lever__requisition_enhanced:cap2000,-,NOT_APPLICABLE,,00ac5849eb8010ce,,,SDL_rowdrop:lever.lever__requisition_enhanced:PP1,,inferred_key,,,survive,
lever.lever__requisition_enhanced,B,RV1,representative_value,corpus:lever.lever__requisition_enhanced:cap2000,-,NOT_APPLICABLE,,00ac5849eb8010ce,,,SDL_rowdrop:lever.lever__requisition_enhanced:RV1,,inferred_key,,,survive,
lever.lever__requisition_enhanced,B,ME3,measures,corpus:lever.lever__requisition_enhanced:cap2000,-,NOT_APPLICABLE,,00ac5849eb8010ce,,,AOR_scale:lever.lever__requisition_enhanced:ME3,,inferred_key,,,survive,
lever.lever__requisition_enhanced,B,AB1,absence,corpus:lever.lever__requisition_enhanced:cap2000,-,NOT_APPLICABLE,,00ac5849eb8010ce,,,IR_constfill:lever.lever__requisition_enhanced:AB1,,inferred_key,,,survive,
lever.lever__requisition_enhanced,B,AB1R,absence,corpus:lever.lever__requisition_enhanced:cap2000,-,NOT_APPLICABLE,,00ac5849eb8010ce,,,IR_constzero:lever.lever__requisition_enhanced:AB1R,,inferred_key,,,survive,
lever.lever__requisition_enhanced,B,AB2,absence,corpus:lever.lever__requisition_enhanced:cap2000,default,applicable,admissible,00ac5849eb8010ce,68c1bbd041fc673c,SURVIVED,IR_sentinel:lever.lever__requisition_enhanced:AB2,rejected,inferred_key,,,reject,
lever.lever__requisition_enhanced,B,AB2,absence,corpus:lever.lever__requisition_enhanced:cap2000,verified,applicable,admissible,00ac5849eb8010ce,68c1bbd041fc673c,SURVIVED,IR_sentinel:lever.lever__requisition_enhanced:AB2,rejected,inferred_key,,,reject,False
linkedin.linkedin_ads__account_report,B,GC1,grain_cardinality,corpus:linkedin.linkedin_ads__account_report:cap2000,default,applicable,admissible,cb7a6dd2086c674f,52a658535db266b0,rejected,SDL_rowdup:linkedin.linkedin_ads__account_report:GC1,rejected,all_column_fallback,,,survive,
linkedin.linkedin_ads__account_report,B,GC1,grain_cardinality,corpus:linkedin.linkedin_ads__account_report:cap2000,verified,applicable,admissible,cb7a6dd2086c674f,52a658535db266b0,SURVIVED,SDL_rowdup:linkedin.linkedin_ads__account_report:GC1,SURVIVED,all_column_fallback,,,survive,True
linkedin.linkedin_ads__account_report,B,PP1,population_predicates,corpus:linkedin.linkedin_ads__account_report:cap2000,default,applicable,admissible,cb7a6dd2086c674f,6c62a9297e47cb64,rejected,SDL_rowdrop:linkedin.linkedin_ads__account_report:PP1,rejected,all_column_fallback,,,survive,
linkedin.linkedin_ads__account_report,B,PP1,population_predicates,corpus:linkedin.linkedin_ads__account_report:cap2000,verified,applicable,admissible,cb7a6dd2086c674f,6c62a9297e47cb64,SURVIVED,SDL_rowdrop:linkedin.linkedin_ads__account_report:PP1,SURVIVED,all_column_fallback,,,survive,True
linkedin.linkedin_ads__account_report,B,RV1,representative_value,corpus:linkedin.linkedin_ads__account_report:cap2000,-,NOT_APPLICABLE,,cb7a6dd2086c674f,,,SDL_rowdrop:linkedin.linkedin_ads__account_report:RV1,,all_column_fallback,,,survive,
linkedin.linkedin_ads__account_report,B,ME3,measures,corpus:linkedin.linkedin_ads__account_report:cap2000,-,NOT_APPLICABLE,,cb7a6dd2086c674f,,,AOR_scale:linkedin.linkedin_ads__account_report:ME3,,all_column_fallback,,,survive,
linkedin.linkedin_ads__account_report,B,AB1,absence,corpus:linkedin.linkedin_ads__account_report:cap2000,-,NOT_APPLICABLE,,cb7a6dd2086c674f,,,IR_constfill:linkedin.linkedin_ads__account_report:AB1,,all_column_fallback,,,survive,
linkedin.linkedin_ads__account_report,B,AB1R,absence,corpus:linkedin.linkedin_ads__account_report:cap2000,-,NOT_APPLICABLE,,cb7a6dd2086c674f,,,IR_constzero:linkedin.linkedin_ads__account_report:AB1R,,all_column_fallback,,,survive,
linkedin.linkedin_ads__account_report,B,AB2,absence,corpus:linkedin.linkedin_ads__account_report:cap2000,default,applicable,admissible,cb7a6dd2086c674f,4e79f6e9726c8346,SURVIVED,IR_sentinel:linkedin.linkedin_ads__account_report:AB2,rejected,all_column_fallback,,,reject,
linkedin.linkedin_ads__account_report,B,AB2,absence,corpus:linkedin.linkedin_ads__account_report:cap2000,verified,applicable,admissible,cb7a6dd2086c674f,4e79f6e9726c8346,SURVIVED,IR_sentinel:linkedin.linkedin_ads__account_report:AB2,rejected,all_column_fallback,,,reject,False
linkedin.linkedin_ads__campaign_group_report,B,GC1,grain_cardinality,corpus:linkedin.linkedin_ads__campaign_group_report:cap2000,default,applicable,admissible,9af86531ef25db08,cb64bf7bd42697fb,rejected,SDL_rowdup:linkedin.linkedin_ads__campaign_group_report:GC1,rejected,all_column_fallback,,,survive,
linkedin.linkedin_ads__campaign_group_report,B,GC1,grain_cardinality,corpus:linkedin.linkedin_ads__campaign_group_report:cap2000,verified,applicable,admissible,9af86531ef25db08,cb64bf7bd42697fb,SURVIVED,SDL_rowdup:linkedin.linkedin_ads__campaign_group_report:GC1,SURVIVED,all_column_fallback,,,survive,True
linkedin.linkedin_ads__campaign_group_report,B,PP1,population_predicates,corpus:linkedin.linkedin_ads__campaign_group_report:cap2000,default,applicable,admissible,9af86531ef25db08,4ce3327f6b1389d2,rejected,SDL_rowdrop:linkedin.linkedin_ads__campaign_group_report:PP1,rejected,all_column_fallback,,,survive,
linkedin.linkedin_ads__campaign_group_report,B,PP1,population_predicates,corpus:linkedin.linkedin_ads__campaign_group_report:cap2000,verified,applicable,admissible,9af86531ef25db08,4ce3327f6b1389d2,SURVIVED,SDL_rowdrop:linkedin.linkedin_ads__campaign_group_report:PP1,SURVIVED,all_column_fallback,,,survive,True
linkedin.linkedin_ads__campaign_group_report,B,RV1,representative_value,corpus:linkedin.linkedin_ads__campaign_group_report:cap2000,-,NOT_APPLICABLE,,9af86531ef25db08,,,SDL_rowdrop:linkedin.linkedin_ads__campaign_group_report:RV1,,all_column_fallback,,,survive,
linkedin.linkedin_ads__campaign_group_report,B,ME3,measures,corpus:linkedin.linkedin_ads__campaign_group_report:cap2000,-,NOT_APPLICABLE,,9af86531ef25db08,,,AOR_scale:linkedin.linkedin_ads__campaign_group_report:ME3,,all_column_fallback,,,survive,
linkedin.linkedin_ads__campaign_group_report,B,AB1,absence,corpus:linkedin.linkedin_ads__campaign_group_report:cap2000,-,NOT_APPLICABLE,,9af86531ef25db08,,,IR_constfill:linkedin.linkedin_ads__campaign_group_report:AB1,,all_column_fallback,,,survive,
linkedin.linkedin_ads__campaign_group_report,B,AB1R,absence,corpus:linkedin.linkedin_ads__campaign_group_report:cap2000,-,NOT_APPLICABLE,,9af86531ef25db08,,,IR_constzero:linkedin.linkedin_ads__campaign_group_report:AB1R,,all_column_fallback,,,survive,
linkedin.linkedin_ads__campaign_group_report,B,AB2,absence,corpus:linkedin.linkedin_ads__campaign_group_report:cap2000,default,applicable,admissible,9af86531ef25db08,329c77e451841649,SURVIVED,IR_sentinel:linkedin.linkedin_ads__campaign_group_report:AB2,rejected,all_column_fallback,,,reject,
linkedin.linkedin_ads__campaign_group_report,B,AB2,absence,corpus:linkedin.linkedin_ads__campaign_group_report:cap2000,verified,applicable,admissible,9af86531ef25db08,329c77e451841649,SURVIVED,IR_sentinel:linkedin.linkedin_ads__campaign_group_report:AB2,rejected,all_column_fallback,,,reject,False
linkedin.linkedin_ads__campaign_report,B,GC1,grain_cardinality,corpus:linkedin.linkedin_ads__campaign_report:cap2000,default,applicable,admissible,0b32145f6b0d124c,f3588a72c5c39aa4,rejected,SDL_rowdup:linkedin.linkedin_ads__campaign_report:GC1,rejected,all_column_fallback,,,survive,
linkedin.linkedin_ads__campaign_report,B,GC1,grain_cardinality,corpus:linkedin.linkedin_ads__campaign_report:cap2000,verified,applicable,admissible,0b32145f6b0d124c,f3588a72c5c39aa4,SURVIVED,SDL_rowdup:linkedin.linkedin_ads__campaign_report:GC1,SURVIVED,all_column_fallback,,,survive,True
linkedin.linkedin_ads__campaign_report,B,PP1,population_predicates,corpus:linkedin.linkedin_ads__campaign_report:cap2000,default,applicable,admissible,0b32145f6b0d124c,99b453a9c9d9d70f,rejected,SDL_rowdrop:linkedin.linkedin_ads__campaign_report:PP1,rejected,all_column_fallback,,,survive,
linkedin.linkedin_ads__campaign_report,B,PP1,population_predicates,corpus:linkedin.linkedin_ads__campaign_report:cap2000,verified,applicable,admissible,0b32145f6b0d124c,99b453a9c9d9d70f,SURVIVED,SDL_rowdrop:linkedin.linkedin_ads__campaign_report:PP1,SURVIVED,all_column_fallback,,,survive,True
linkedin.linkedin_ads__campaign_report,B,RV1,representative_value,corpus:linkedin.linkedin_ads__campaign_report:cap2000,-,NOT_APPLICABLE,,0b32145f6b0d124c,,,SDL_rowdrop:linkedin.linkedin_ads__campaign_report:RV1,,all_column_fallback,,,survive,
linkedin.linkedin_ads__campaign_report,B,ME3,measures,corpus:linkedin.linkedin_ads__campaign_report:cap2000,-,NOT_APPLICABLE,,0b32145f6b0d124c,,,AOR_scale:linkedin.linkedin_ads__campaign_report:ME3,,all_column_fallback,,,survive,
linkedin.linkedin_ads__campaign_report,B,AB1,absence,corpus:linkedin.linkedin_ads__campaign_report:cap2000,-,NOT_APPLICABLE,,0b32145f6b0d124c,,,IR_constfill:linkedin.linkedin_ads__campaign_report:AB1,,all_column_fallback,,,survive,
linkedin.linkedin_ads__campaign_report,B,AB1R,absence,corpus:linkedin.linkedin_ads__campaign_report:cap2000,-,NOT_APPLICABLE,,0b32145f6b0d124c,,,IR_constzero:linkedin.linkedin_ads__campaign_report:AB1R,,all_column_fallback,,,survive,
linkedin.linkedin_ads__campaign_report,B,AB2,absence,corpus:linkedin.linkedin_ads__campaign_report:cap2000,default,applicable,admissible,0b32145f6b0d124c,069564493ee208c3,SURVIVED,IR_sentinel:linkedin.linkedin_ads__campaign_report:AB2,rejected,all_column_fallback,,,reject,
linkedin.linkedin_ads__campaign_report,B,AB2,absence,corpus:linkedin.linkedin_ads__campaign_report:cap2000,verified,applicable,admissible,0b32145f6b0d124c,069564493ee208c3,SURVIVED,IR_sentinel:linkedin.linkedin_ads__campaign_report:AB2,rejected,all_column_fallback,,,reject,False
mailchimp.mailchimp__automation_activities,B,GC1,grain_cardinality,corpus:mailchimp.mailchimp__automation_activities:cap2000,default,applicable,admissible,cd22bc59063824d2,d108e07623780377,rejected,SDL_rowdup:mailchimp.mailchimp__automation_activities:GC1,rejected,inferred_key,,,survive,
mailchimp.mailchimp__automation_activities,B,GC1,grain_cardinality,corpus:mailchimp.mailchimp__automation_activities:cap2000,verified,applicable,admissible,cd22bc59063824d2,d108e07623780377,SURVIVED,SDL_rowdup:mailchimp.mailchimp__automation_activities:GC1,SURVIVED,inferred_key,,,survive,True
mailchimp.mailchimp__automation_activities,B,PP1,population_predicates,corpus:mailchimp.mailchimp__automation_activities:cap2000,default,applicable,admissible,cd22bc59063824d2,a279d96736a7d30d,rejected,SDL_rowdrop:mailchimp.mailchimp__automation_activities:PP1,rejected,inferred_key,,,survive,
mailchimp.mailchimp__automation_activities,B,PP1,population_predicates,corpus:mailchimp.mailchimp__automation_activities:cap2000,verified,applicable,admissible,cd22bc59063824d2,a279d96736a7d30d,rejected,SDL_rowdrop:mailchimp.mailchimp__automation_activities:PP1,rejected,inferred_key,,,survive,False
mailchimp.mailchimp__automation_activities,B,RV1,representative_value,corpus:mailchimp.mailchimp__automation_activities:cap2000,default,applicable,admissible,cd22bc59063824d2,39947453c99a0e83,rejected,SDL_rowdrop:mailchimp.mailchimp__automation_activities:RV1,rejected,inferred_key,,,survive,
mailchimp.mailchimp__automation_activities,B,RV1,representative_value,corpus:mailchimp.mailchimp__automation_activities:cap2000,verified,applicable,admissible,cd22bc59063824d2,39947453c99a0e83,rejected,SDL_rowdrop:mailchimp.mailchimp__automation_activities:RV1,rejected,inferred_key,,,survive,False
mailchimp.mailchimp__automation_activities,B,ME3,measures,corpus:mailchimp.mailchimp__automation_activities:cap2000,-,NOT_APPLICABLE,,cd22bc59063824d2,,,AOR_scale:mailchimp.mailchimp__automation_activities:ME3,,inferred_key,,,survive,
mailchimp.mailchimp__automation_activities,B,AB1,absence,corpus:mailchimp.mailchimp__automation_activities:cap2000,-,NOT_APPLICABLE,,cd22bc59063824d2,,,IR_constfill:mailchimp.mailchimp__automation_activities:AB1,,inferred_key,,,survive,
mailchimp.mailchimp__automation_activities,B,AB1R,absence,corpus:mailchimp.mailchimp__automation_activities:cap2000,-,NOT_APPLICABLE,,cd22bc59063824d2,,,IR_constzero:mailchimp.mailchimp__automation_activities:AB1R,,inferred_key,,,survive,
mailchimp.mailchimp__automation_activities,B,AB2,absence,corpus:mailchimp.mailchimp__automation_activities:cap2000,default,applicable,admissible,cd22bc59063824d2,435564f5ba8bec1d,SURVIVED,IR_sentinel:mailchimp.mailchimp__automation_activities:AB2,rejected,inferred_key,,,reject,
mailchimp.mailchimp__automation_activities,B,AB2,absence,corpus:mailchimp.mailchimp__automation_activities:cap2000,verified,applicable,admissible,cd22bc59063824d2,435564f5ba8bec1d,SURVIVED,IR_sentinel:mailchimp.mailchimp__automation_activities:AB2,rejected,inferred_key,,,reject,False
mailchimp.mailchimp__automation_emails,B,GC1,grain_cardinality,corpus:mailchimp.mailchimp__automation_emails:cap2000,default,applicable,admissible,dde9d47fe861bde4,1fca254d23f4e85b,rejected,SDL_rowdup:mailchimp.mailchimp__automation_emails:GC1,rejected,inferred_key,,,survive,
mailchimp.mailchimp__automation_emails,B,GC1,grain_cardinality,corpus:mailchimp.mailchimp__automation_emails:cap2000,verified,applicable,admissible,dde9d47fe861bde4,1fca254d23f4e85b,SURVIVED,SDL_rowdup:mailchimp.mailchimp__automation_emails:GC1,SURVIVED,inferred_key,,,survive,True
mailchimp.mailchimp__automation_emails,B,PP1,population_predicates,corpus:mailchimp.mailchimp__automation_emails:cap2000,-,NOT_APPLICABLE,,dde9d47fe861bde4,,,SDL_rowdrop:mailchimp.mailchimp__automation_emails:PP1,,inferred_key,,,survive,
mailchimp.mailchimp__automation_emails,B,RV1,representative_value,corpus:mailchimp.mailchimp__automation_emails:cap2000,-,NOT_APPLICABLE,,dde9d47fe861bde4,,,SDL_rowdrop:mailchimp.mailchimp__automation_emails:RV1,,inferred_key,,,survive,
mailchimp.mailchimp__automation_emails,B,ME3,measures,corpus:mailchimp.mailchimp__automation_emails:cap2000,-,NOT_APPLICABLE,,dde9d47fe861bde4,,,AOR_scale:mailchimp.mailchimp__automation_emails:ME3,,inferred_key,,,survive,
mailchimp.mailchimp__automation_emails,B,AB1,absence,corpus:mailchimp.mailchimp__automation_emails:cap2000,-,NOT_APPLICABLE,,dde9d47fe861bde4,,,IR_constfill:mailchimp.mailchimp__automation_emails:AB1,,inferred_key,,,survive,
mailchimp.mailchimp__automation_emails,B,AB1R,absence,corpus:mailchimp.mailchimp__automation_emails:cap2000,-,NOT_APPLICABLE,,dde9d47fe861bde4,,,IR_constzero:mailchimp.mailchimp__automation_emails:AB1R,,inferred_key,,,survive,
mailchimp.mailchimp__automation_emails,B,AB2,absence,corpus:mailchimp.mailchimp__automation_emails:cap2000,default,applicable,admissible,dde9d47fe861bde4,b28b7f431c2f61a5,SURVIVED,IR_sentinel:mailchimp.mailchimp__automation_emails:AB2,rejected,inferred_key,,,reject,
mailchimp.mailchimp__automation_emails,B,AB2,absence,corpus:mailchimp.mailchimp__automation_emails:cap2000,verified,applicable,admissible,dde9d47fe861bde4,b28b7f431c2f61a5,SURVIVED,IR_sentinel:mailchimp.mailchimp__automation_emails:AB2,rejected,inferred_key,,,reject,False
mailchimp.mailchimp__automations,B,GC1,grain_cardinality,corpus:mailchimp.mailchimp__automations:cap2000,default,applicable,admissible,10d96e9abda0c309,35dd8618993a6812,rejected,SDL_rowdup:mailchimp.mailchimp__automations:GC1,rejected,inferred_key,,,survive,
mailchimp.mailchimp__automations,B,GC1,grain_cardinality,corpus:mailchimp.mailchimp__automations:cap2000,verified,applicable,admissible,10d96e9abda0c309,35dd8618993a6812,SURVIVED,SDL_rowdup:mailchimp.mailchimp__automations:GC1,SURVIVED,inferred_key,,,survive,True
mailchimp.mailchimp__automations,B,PP1,population_predicates,corpus:mailchimp.mailchimp__automations:cap2000,-,NOT_APPLICABLE,,10d96e9abda0c309,,,SDL_rowdrop:mailchimp.mailchimp__automations:PP1,,inferred_key,,,survive,
mailchimp.mailchimp__automations,B,RV1,representative_value,corpus:mailchimp.mailchimp__automations:cap2000,-,NOT_APPLICABLE,,10d96e9abda0c309,,,SDL_rowdrop:mailchimp.mailchimp__automations:RV1,,inferred_key,,,survive,
mailchimp.mailchimp__automations,B,ME3,measures,corpus:mailchimp.mailchimp__automations:cap2000,-,NOT_APPLICABLE,,10d96e9abda0c309,,,AOR_scale:mailchimp.mailchimp__automations:ME3,,inferred_key,,,survive,
mailchimp.mailchimp__automations,B,AB1,absence,corpus:mailchimp.mailchimp__automations:cap2000,-,NOT_APPLICABLE,,10d96e9abda0c309,,,IR_constfill:mailchimp.mailchimp__automations:AB1,,inferred_key,,,survive,
mailchimp.mailchimp__automations,B,AB1R,absence,corpus:mailchimp.mailchimp__automations:cap2000,-,NOT_APPLICABLE,,10d96e9abda0c309,,,IR_constzero:mailchimp.mailchimp__automations:AB1R,,inferred_key,,,survive,
mailchimp.mailchimp__automations,B,AB2,absence,corpus:mailchimp.mailchimp__automations:cap2000,default,applicable,admissible,10d96e9abda0c309,866c84e10c62ba12,SURVIVED,IR_sentinel:mailchimp.mailchimp__automations:AB2,rejected,inferred_key,,,reject,
mailchimp.mailchimp__automations,B,AB2,absence,corpus:mailchimp.mailchimp__automations:cap2000,verified,applicable,admissible,10d96e9abda0c309,866c84e10c62ba12,SURVIVED,IR_sentinel:mailchimp.mailchimp__automations:AB2,rejected,inferred_key,,,reject,False
mailchimp.mailchimp__campaign_activities,B,GC1,grain_cardinality,corpus:mailchimp.mailchimp__campaign_activities:cap2000,default,applicable,admissible,39a815ca99df6a39,aff4a81e8f4f8b9e,rejected,SDL_rowdup:mailchimp.mailchimp__campaign_activities:GC1,rejected,inferred_key,,,survive,
mailchimp.mailchimp__campaign_activities,B,GC1,grain_cardinality,corpus:mailchimp.mailchimp__campaign_activities:cap2000,verified,applicable,admissible,39a815ca99df6a39,aff4a81e8f4f8b9e,SURVIVED,SDL_rowdup:mailchimp.mailchimp__campaign_activities:GC1,SURVIVED,inferred_key,,,survive,True
mailchimp.mailchimp__campaign_activities,B,PP1,population_predicates,corpus:mailchimp.mailchimp__campaign_activities:cap2000,default,applicable,admissible,39a815ca99df6a39,b61e34c42940bb0e,rejected,SDL_rowdrop:mailchimp.mailchimp__campaign_activities:PP1,rejected,inferred_key,,,survive,
mailchimp.mailchimp__campaign_activities,B,PP1,population_predicates,corpus:mailchimp.mailchimp__campaign_activities:cap2000,verified,applicable,admissible,39a815ca99df6a39,b61e34c42940bb0e,SURVIVED,SDL_rowdrop:mailchimp.mailchimp__campaign_activities:PP1,SURVIVED,inferred_key,,,survive,True
mailchimp.mailchimp__campaign_activities,B,RV1,representative_value,corpus:mailchimp.mailchimp__campaign_activities:cap2000,-,NOT_APPLICABLE,,39a815ca99df6a39,,,SDL_rowdrop:mailchimp.mailchimp__campaign_activities:RV1,,inferred_key,,,survive,
mailchimp.mailchimp__campaign_activities,B,ME3,measures,corpus:mailchimp.mailchimp__campaign_activities:cap2000,-,NOT_APPLICABLE,,39a815ca99df6a39,,,AOR_scale:mailchimp.mailchimp__campaign_activities:ME3,,inferred_key,,,survive,
mailchimp.mailchimp__campaign_activities,B,AB1,absence,corpus:mailchimp.mailchimp__campaign_activities:cap2000,-,NOT_APPLICABLE,,39a815ca99df6a39,,,IR_constfill:mailchimp.mailchimp__campaign_activities:AB1,,inferred_key,,,survive,
mailchimp.mailchimp__campaign_activities,B,AB1R,absence,corpus:mailchimp.mailchimp__campaign_activities:cap2000,-,NOT_APPLICABLE,,39a815ca99df6a39,,,IR_constzero:mailchimp.mailchimp__campaign_activities:AB1R,,inferred_key,,,survive,
mailchimp.mailchimp__campaign_activities,B,AB2,absence,corpus:mailchimp.mailchimp__campaign_activities:cap2000,default,applicable,admissible,39a815ca99df6a39,42de70033c2ebc87,SURVIVED,IR_sentinel:mailchimp.mailchimp__campaign_activities:AB2,rejected,inferred_key,,,reject,
mailchimp.mailchimp__campaign_activities,B,AB2,absence,corpus:mailchimp.mailchimp__campaign_activities:cap2000,verified,applicable,admissible,39a815ca99df6a39,42de70033c2ebc87,SURVIVED,IR_sentinel:mailchimp.mailchimp__campaign_activities:AB2,rejected,inferred_key,,,reject,False
mailchimp.mailchimp__campaign_recipients,B,GC1,grain_cardinality,corpus:mailchimp.mailchimp__campaign_recipients:cap2000,default,applicable,admissible,dfff0a0185bd10c5,3d14a46965647f6d,rejected,SDL_rowdup:mailchimp.mailchimp__campaign_recipients:GC1,rejected,inferred_key,,,survive,
mailchimp.mailchimp__campaign_recipients,B,GC1,grain_cardinality,corpus:mailchimp.mailchimp__campaign_recipients:cap2000,verified,applicable,admissible,dfff0a0185bd10c5,3d14a46965647f6d,SURVIVED,SDL_rowdup:mailchimp.mailchimp__campaign_recipients:GC1,SURVIVED,inferred_key,,,survive,True
mailchimp.mailchimp__campaign_recipients,B,PP1,population_predicates,corpus:mailchimp.mailchimp__campaign_recipients:cap2000,default,applicable,admissible,dfff0a0185bd10c5,fe56e94ac2cf5c3c,rejected,SDL_rowdrop:mailchimp.mailchimp__campaign_recipients:PP1,rejected,inferred_key,,,survive,
mailchimp.mailchimp__campaign_recipients,B,PP1,population_predicates,corpus:mailchimp.mailchimp__campaign_recipients:cap2000,verified,applicable,admissible,dfff0a0185bd10c5,fe56e94ac2cf5c3c,SURVIVED,SDL_rowdrop:mailchimp.mailchimp__campaign_recipients:PP1,SURVIVED,inferred_key,,,survive,True
mailchimp.mailchimp__campaign_recipients,B,RV1,representative_value,corpus:mailchimp.mailchimp__campaign_recipients:cap2000,-,NOT_APPLICABLE,,dfff0a0185bd10c5,,,SDL_rowdrop:mailchimp.mailchimp__campaign_recipients:RV1,,inferred_key,,,survive,
mailchimp.mailchimp__campaign_recipients,B,ME3,measures,corpus:mailchimp.mailchimp__campaign_recipients:cap2000,-,NOT_APPLICABLE,,dfff0a0185bd10c5,,,AOR_scale:mailchimp.mailchimp__campaign_recipients:ME3,,inferred_key,,,survive,
mailchimp.mailchimp__campaign_recipients,B,AB1,absence,corpus:mailchimp.mailchimp__campaign_recipients:cap2000,default,applicable,admissible,dfff0a0185bd10c5,9a8487c3c1c9d71d,rejected,IR_constfill:mailchimp.mailchimp__campaign_recipients:AB1,rejected,inferred_key,,,survive,
mailchimp.mailchimp__campaign_recipients,B,AB1,absence,corpus:mailchimp.mailchimp__campaign_recipients:cap2000,verified,applicable,admissible,dfff0a0185bd10c5,9a8487c3c1c9d71d,SURVIVED,IR_constfill:mailchimp.mailchimp__campaign_recipients:AB1,rejected,inferred_key,,,survive,True
mailchimp.mailchimp__campaign_recipients,B,AB1R,absence,corpus:mailchimp.mailchimp__campaign_recipients:cap2000,default,applicable,admissible,dfff0a0185bd10c5,12e359158264f8c0,rejected,IR_constzero:mailchimp.mailchimp__campaign_recipients:AB1R,rejected,inferred_key,,,survive,
mailchimp.mailchimp__campaign_recipients,B,AB1R,absence,corpus:mailchimp.mailchimp__campaign_recipients:cap2000,verified,applicable,admissible,dfff0a0185bd10c5,12e359158264f8c0,SURVIVED,IR_constzero:mailchimp.mailchimp__campaign_recipients:AB1R,rejected,inferred_key,,,survive,True
mailchimp.mailchimp__campaign_recipients,B,AB2,absence,corpus:mailchimp.mailchimp__campaign_recipients:cap2000,default,applicable,admissible,dfff0a0185bd10c5,2bc88c090d4bbb61,SURVIVED,IR_sentinel:mailchimp.mailchimp__campaign_recipients:AB2,rejected,inferred_key,,,reject,
mailchimp.mailchimp__campaign_recipients,B,AB2,absence,corpus:mailchimp.mailchimp__campaign_recipients:cap2000,verified,applicable,admissible,dfff0a0185bd10c5,2bc88c090d4bbb61,SURVIVED,IR_sentinel:mailchimp.mailchimp__campaign_recipients:AB2,rejected,inferred_key,,,reject,False
mailchimp.mailchimp__campaigns,B,GC1,grain_cardinality,corpus:mailchimp.mailchimp__campaigns:cap2000,-,NOT_APPLICABLE,,d1751396d05e6511,,,SDL_rowdup:mailchimp.mailchimp__campaigns:GC1,,inferred_key,,,survive,
mailchimp.mailchimp__campaigns,B,PP1,population_predicates,corpus:mailchimp.mailchimp__campaigns:cap2000,-,NOT_APPLICABLE,,d1751396d05e6511,,,SDL_rowdrop:mailchimp.mailchimp__campaigns:PP1,,inferred_key,,,survive,
mailchimp.mailchimp__campaigns,B,RV1,representative_value,corpus:mailchimp.mailchimp__campaigns:cap2000,-,NOT_APPLICABLE,,d1751396d05e6511,,,SDL_rowdrop:mailchimp.mailchimp__campaigns:RV1,,inferred_key,,,survive,
mailchimp.mailchimp__campaigns,B,ME3,measures,corpus:mailchimp.mailchimp__campaigns:cap2000,-,NOT_APPLICABLE,,d1751396d05e6511,,,AOR_scale:mailchimp.mailchimp__campaigns:ME3,,inferred_key,,,survive,
mailchimp.mailchimp__campaigns,B,AB1,absence,corpus:mailchimp.mailchimp__campaigns:cap2000,-,NOT_APPLICABLE,,d1751396d05e6511,,,IR_constfill:mailchimp.mailchimp__campaigns:AB1,,inferred_key,,,survive,
mailchimp.mailchimp__campaigns,B,AB1R,absence,corpus:mailchimp.mailchimp__campaigns:cap2000,-,NOT_APPLICABLE,,d1751396d05e6511,,,IR_constzero:mailchimp.mailchimp__campaigns:AB1R,,inferred_key,,,survive,
mailchimp.mailchimp__campaigns,B,AB2,absence,corpus:mailchimp.mailchimp__campaigns:cap2000,default,applicable,admissible,d1751396d05e6511,f0b50003f998e372,SURVIVED,IR_sentinel:mailchimp.mailchimp__campaigns:AB2,rejected,inferred_key,,,reject,
mailchimp.mailchimp__campaigns,B,AB2,absence,corpus:mailchimp.mailchimp__campaigns:cap2000,verified,applicable,admissible,d1751396d05e6511,f0b50003f998e372,SURVIVED,IR_sentinel:mailchimp.mailchimp__campaigns:AB2,rejected,inferred_key,,,reject,False
mailchimp.mailchimp__lists,B,GC1,grain_cardinality,corpus:mailchimp.mailchimp__lists:cap2000,default,applicable,admissible,73737d54bc5d11ac,aa26ac36fb943771,rejected,SDL_rowdup:mailchimp.mailchimp__lists:GC1,rejected,inferred_key,,,survive,
mailchimp.mailchimp__lists,B,GC1,grain_cardinality,corpus:mailchimp.mailchimp__lists:cap2000,verified,applicable,admissible,73737d54bc5d11ac,aa26ac36fb943771,SURVIVED,SDL_rowdup:mailchimp.mailchimp__lists:GC1,SURVIVED,inferred_key,,,survive,True
mailchimp.mailchimp__lists,B,PP1,population_predicates,corpus:mailchimp.mailchimp__lists:cap2000,-,NOT_APPLICABLE,,73737d54bc5d11ac,,,SDL_rowdrop:mailchimp.mailchimp__lists:PP1,,inferred_key,,,survive,
mailchimp.mailchimp__lists,B,RV1,representative_value,corpus:mailchimp.mailchimp__lists:cap2000,-,NOT_APPLICABLE,,73737d54bc5d11ac,,,SDL_rowdrop:mailchimp.mailchimp__lists:RV1,,inferred_key,,,survive,
mailchimp.mailchimp__lists,B,ME3,measures,corpus:mailchimp.mailchimp__lists:cap2000,-,NOT_APPLICABLE,,73737d54bc5d11ac,,,AOR_scale:mailchimp.mailchimp__lists:ME3,,inferred_key,,,survive,
mailchimp.mailchimp__lists,B,AB1,absence,corpus:mailchimp.mailchimp__lists:cap2000,-,NOT_APPLICABLE,,73737d54bc5d11ac,,,IR_constfill:mailchimp.mailchimp__lists:AB1,,inferred_key,,,survive,
mailchimp.mailchimp__lists,B,AB1R,absence,corpus:mailchimp.mailchimp__lists:cap2000,-,NOT_APPLICABLE,,73737d54bc5d11ac,,,IR_constzero:mailchimp.mailchimp__lists:AB1R,,inferred_key,,,survive,
mailchimp.mailchimp__lists,B,AB2,absence,corpus:mailchimp.mailchimp__lists:cap2000,-,NOT_APPLICABLE,,73737d54bc5d11ac,,,IR_sentinel:mailchimp.mailchimp__lists:AB2,,inferred_key,,,reject,
mailchimp.mailchimp__members,B,GC1,grain_cardinality,corpus:mailchimp.mailchimp__members:cap2000,default,applicable,admissible,4ea5dc1672a17dbd,cfecd9fd011a4f81,rejected,SDL_rowdup:mailchimp.mailchimp__members:GC1,rejected,inferred_key,,,survive,
mailchimp.mailchimp__members,B,GC1,grain_cardinality,corpus:mailchimp.mailchimp__members:cap2000,verified,applicable,admissible,4ea5dc1672a17dbd,cfecd9fd011a4f81,SURVIVED,SDL_rowdup:mailchimp.mailchimp__members:GC1,SURVIVED,inferred_key,,,survive,True
mailchimp.mailchimp__members,B,PP1,population_predicates,corpus:mailchimp.mailchimp__members:cap2000,default,applicable,admissible,4ea5dc1672a17dbd,523a4ca7aae37ad6,rejected,SDL_rowdrop:mailchimp.mailchimp__members:PP1,rejected,inferred_key,,,survive,
mailchimp.mailchimp__members,B,PP1,population_predicates,corpus:mailchimp.mailchimp__members:cap2000,verified,applicable,admissible,4ea5dc1672a17dbd,523a4ca7aae37ad6,SURVIVED,SDL_rowdrop:mailchimp.mailchimp__members:PP1,rejected,inferred_key,,,survive,True
mailchimp.mailchimp__members,B,RV1,representative_value,corpus:mailchimp.mailchimp__members:cap2000,-,NOT_APPLICABLE,,4ea5dc1672a17dbd,,,SDL_rowdrop:mailchimp.mailchimp__members:RV1,,inferred_key,,,survive,
mailchimp.mailchimp__members,B,ME3,measures,corpus:mailchimp.mailchimp__members:cap2000,-,NOT_APPLICABLE,,4ea5dc1672a17dbd,,,AOR_scale:mailchimp.mailchimp__members:ME3,,inferred_key,,,survive,
mailchimp.mailchimp__members,B,AB1,absence,corpus:mailchimp.mailchimp__members:cap2000,-,NOT_APPLICABLE,,4ea5dc1672a17dbd,,,IR_constfill:mailchimp.mailchimp__members:AB1,,inferred_key,,,survive,
mailchimp.mailchimp__members,B,AB1R,absence,corpus:mailchimp.mailchimp__members:cap2000,-,NOT_APPLICABLE,,4ea5dc1672a17dbd,,,IR_constzero:mailchimp.mailchimp__members:AB1R,,inferred_key,,,survive,
mailchimp.mailchimp__members,B,AB2,absence,corpus:mailchimp.mailchimp__members:cap2000,default,applicable,admissible,4ea5dc1672a17dbd,f4d282b3064ee827,SURVIVED,IR_sentinel:mailchimp.mailchimp__members:AB2,rejected,inferred_key,,,reject,
mailchimp.mailchimp__members,B,AB2,absence,corpus:mailchimp.mailchimp__members:cap2000,verified,applicable,admissible,4ea5dc1672a17dbd,f4d282b3064ee827,SURVIVED,IR_sentinel:mailchimp.mailchimp__members:AB2,rejected,inferred_key,,,reject,False
mailchimp.mailchimp__segments,B,GC1,grain_cardinality,corpus:mailchimp.mailchimp__segments:cap2000,-,NOT_APPLICABLE,,4075693a56e534c0,,,SDL_rowdup:mailchimp.mailchimp__segments:GC1,,inferred_key,,,survive,
mailchimp.mailchimp__segments,B,PP1,population_predicates,corpus:mailchimp.mailchimp__segments:cap2000,-,NOT_APPLICABLE,,4075693a56e534c0,,,SDL_rowdrop:mailchimp.mailchimp__segments:PP1,,inferred_key,,,survive,
mailchimp.mailchimp__segments,B,RV1,representative_value,corpus:mailchimp.mailchimp__segments:cap2000,-,NOT_APPLICABLE,,4075693a56e534c0,,,SDL_rowdrop:mailchimp.mailchimp__segments:RV1,,inferred_key,,,survive,
mailchimp.mailchimp__segments,B,ME3,measures,corpus:mailchimp.mailchimp__segments:cap2000,-,NOT_APPLICABLE,,4075693a56e534c0,,,AOR_scale:mailchimp.mailchimp__segments:ME3,,inferred_key,,,survive,
mailchimp.mailchimp__segments,B,AB1,absence,corpus:mailchimp.mailchimp__segments:cap2000,-,NOT_APPLICABLE,,4075693a56e534c0,,,IR_constfill:mailchimp.mailchimp__segments:AB1,,inferred_key,,,survive,
mailchimp.mailchimp__segments,B,AB1R,absence,corpus:mailchimp.mailchimp__segments:cap2000,-,NOT_APPLICABLE,,4075693a56e534c0,,,IR_constzero:mailchimp.mailchimp__segments:AB1R,,inferred_key,,,survive,
mailchimp.mailchimp__segments,B,AB2,absence,corpus:mailchimp.mailchimp__segments:cap2000,-,NOT_APPLICABLE,,4075693a56e534c0,,,IR_sentinel:mailchimp.mailchimp__segments:AB2,,inferred_key,,,reject,
marketo.marketo__campaigns,B,GC1,grain_cardinality,corpus:marketo.marketo__campaigns:cap2000,default,applicable,admissible,830a385bbecb762c,7968032c4246d6ae,rejected,SDL_rowdup:marketo.marketo__campaigns:GC1,rejected,inferred_key,,,survive,
marketo.marketo__campaigns,B,GC1,grain_cardinality,corpus:marketo.marketo__campaigns:cap2000,verified,applicable,admissible,830a385bbecb762c,7968032c4246d6ae,SURVIVED,SDL_rowdup:marketo.marketo__campaigns:GC1,SURVIVED,inferred_key,,,survive,True
marketo.marketo__campaigns,B,PP1,population_predicates,corpus:marketo.marketo__campaigns:cap2000,default,applicable,admissible,830a385bbecb762c,15a5a391017995c1,rejected,SDL_rowdrop:marketo.marketo__campaigns:PP1,rejected,inferred_key,,,survive,
marketo.marketo__campaigns,B,PP1,population_predicates,corpus:marketo.marketo__campaigns:cap2000,verified,applicable,admissible,830a385bbecb762c,15a5a391017995c1,SURVIVED,SDL_rowdrop:marketo.marketo__campaigns:PP1,SURVIVED,inferred_key,,,survive,True
marketo.marketo__campaigns,B,RV1,representative_value,corpus:marketo.marketo__campaigns:cap2000,-,NOT_APPLICABLE,,830a385bbecb762c,,,SDL_rowdrop:marketo.marketo__campaigns:RV1,,inferred_key,,,survive,
marketo.marketo__campaigns,B,ME3,measures,corpus:marketo.marketo__campaigns:cap2000,-,NOT_APPLICABLE,,830a385bbecb762c,,,AOR_scale:marketo.marketo__campaigns:ME3,,inferred_key,,,survive,
marketo.marketo__campaigns,B,AB1,absence,corpus:marketo.marketo__campaigns:cap2000,-,NOT_APPLICABLE,,830a385bbecb762c,,,IR_constfill:marketo.marketo__campaigns:AB1,,inferred_key,,,survive,
marketo.marketo__campaigns,B,AB1R,absence,corpus:marketo.marketo__campaigns:cap2000,-,NOT_APPLICABLE,,830a385bbecb762c,,,IR_constzero:marketo.marketo__campaigns:AB1R,,inferred_key,,,survive,
marketo.marketo__campaigns,B,AB2,absence,corpus:marketo.marketo__campaigns:cap2000,default,applicable,admissible,830a385bbecb762c,35d09ad744de6f69,SURVIVED,IR_sentinel:marketo.marketo__campaigns:AB2,rejected,inferred_key,,,reject,
marketo.marketo__campaigns,B,AB2,absence,corpus:marketo.marketo__campaigns:cap2000,verified,applicable,admissible,830a385bbecb762c,35d09ad744de6f69,SURVIVED,IR_sentinel:marketo.marketo__campaigns:AB2,rejected,inferred_key,,,reject,False
marketo.marketo__email_sends,B,GC1,grain_cardinality,corpus:marketo.marketo__email_sends:cap2000,default,applicable,admissible,48413bff15698995,1c3bcf5e37802f5e,rejected,SDL_rowdup:marketo.marketo__email_sends:GC1,rejected,inferred_key,,,survive,
marketo.marketo__email_sends,B,GC1,grain_cardinality,corpus:marketo.marketo__email_sends:cap2000,verified,applicable,admissible,48413bff15698995,1c3bcf5e37802f5e,SURVIVED,SDL_rowdup:marketo.marketo__email_sends:GC1,SURVIVED,inferred_key,,,survive,True
marketo.marketo__email_sends,B,PP1,population_predicates,corpus:marketo.marketo__email_sends:cap2000,default,applicable,admissible,48413bff15698995,bf993e10533a113c,rejected,SDL_rowdrop:marketo.marketo__email_sends:PP1,rejected,inferred_key,,,survive,
marketo.marketo__email_sends,B,PP1,population_predicates,corpus:marketo.marketo__email_sends:cap2000,verified,applicable,admissible,48413bff15698995,bf993e10533a113c,SURVIVED,SDL_rowdrop:marketo.marketo__email_sends:PP1,SURVIVED,inferred_key,,,survive,True
marketo.marketo__email_sends,B,RV1,representative_value,corpus:marketo.marketo__email_sends:cap2000,-,NOT_APPLICABLE,,48413bff15698995,,,SDL_rowdrop:marketo.marketo__email_sends:RV1,,inferred_key,,,survive,
marketo.marketo__email_sends,B,ME3,measures,corpus:marketo.marketo__email_sends:cap2000,-,NOT_APPLICABLE,,48413bff15698995,,,AOR_scale:marketo.marketo__email_sends:ME3,,inferred_key,,,survive,
marketo.marketo__email_sends,B,AB1,absence,corpus:marketo.marketo__email_sends:cap2000,-,NOT_APPLICABLE,,48413bff15698995,,,IR_constfill:marketo.marketo__email_sends:AB1,,inferred_key,,,survive,
marketo.marketo__email_sends,B,AB1R,absence,corpus:marketo.marketo__email_sends:cap2000,-,NOT_APPLICABLE,,48413bff15698995,,,IR_constzero:marketo.marketo__email_sends:AB1R,,inferred_key,,,survive,
marketo.marketo__email_sends,B,AB2,absence,corpus:marketo.marketo__email_sends:cap2000,default,applicable,admissible,48413bff15698995,1e172e79da9e8b16,SURVIVED,IR_sentinel:marketo.marketo__email_sends:AB2,rejected,inferred_key,,,reject,
marketo.marketo__email_sends,B,AB2,absence,corpus:marketo.marketo__email_sends:cap2000,verified,applicable,admissible,48413bff15698995,1e172e79da9e8b16,SURVIVED,IR_sentinel:marketo.marketo__email_sends:AB2,rejected,inferred_key,,,reject,False
marketo.marketo__email_templates,B,GC1,grain_cardinality,corpus:marketo.marketo__email_templates:cap2000,default,applicable,admissible,8690851d7c9b5861,ca365a608574e933,rejected,SDL_rowdup:marketo.marketo__email_templates:GC1,rejected,inferred_key,,,survive,
marketo.marketo__email_templates,B,GC1,grain_cardinality,corpus:marketo.marketo__email_templates:cap2000,verified,applicable,admissible,8690851d7c9b5861,ca365a608574e933,SURVIVED,SDL_rowdup:marketo.marketo__email_templates:GC1,SURVIVED,inferred_key,,,survive,True
marketo.marketo__email_templates,B,PP1,population_predicates,corpus:marketo.marketo__email_templates:cap2000,default,applicable,admissible,8690851d7c9b5861,abda6f12901f44fb,rejected,SDL_rowdrop:marketo.marketo__email_templates:PP1,rejected,inferred_key,,,survive,
marketo.marketo__email_templates,B,PP1,population_predicates,corpus:marketo.marketo__email_templates:cap2000,verified,applicable,admissible,8690851d7c9b5861,abda6f12901f44fb,SURVIVED,SDL_rowdrop:marketo.marketo__email_templates:PP1,SURVIVED,inferred_key,,,survive,True
marketo.marketo__email_templates,B,RV1,representative_value,corpus:marketo.marketo__email_templates:cap2000,-,NOT_APPLICABLE,,8690851d7c9b5861,,,SDL_rowdrop:marketo.marketo__email_templates:RV1,,inferred_key,,,survive,
marketo.marketo__email_templates,B,ME3,measures,corpus:marketo.marketo__email_templates:cap2000,-,NOT_APPLICABLE,,8690851d7c9b5861,,,AOR_scale:marketo.marketo__email_templates:ME3,,inferred_key,,,survive,
marketo.marketo__email_templates,B,AB1,absence,corpus:marketo.marketo__email_templates:cap2000,-,NOT_APPLICABLE,,8690851d7c9b5861,,,IR_constfill:marketo.marketo__email_templates:AB1,,inferred_key,,,survive,
marketo.marketo__email_templates,B,AB1R,absence,corpus:marketo.marketo__email_templates:cap2000,-,NOT_APPLICABLE,,8690851d7c9b5861,,,IR_constzero:marketo.marketo__email_templates:AB1R,,inferred_key,,,survive,
marketo.marketo__email_templates,B,AB2,absence,corpus:marketo.marketo__email_templates:cap2000,default,applicable,admissible,8690851d7c9b5861,57cf32b54dd72ff3,SURVIVED,IR_sentinel:marketo.marketo__email_templates:AB2,rejected,inferred_key,,,reject,
marketo.marketo__email_templates,B,AB2,absence,corpus:marketo.marketo__email_templates:cap2000,verified,applicable,admissible,8690851d7c9b5861,57cf32b54dd72ff3,SURVIVED,IR_sentinel:marketo.marketo__email_templates:AB2,rejected,inferred_key,,,reject,False
marketo.marketo__programs,B,GC1,grain_cardinality,corpus:marketo.marketo__programs:cap2000,default,applicable,admissible,22f40eb878e8b273,7e03ed2c5e7e2334,rejected,SDL_rowdup:marketo.marketo__programs:GC1,rejected,inferred_key,,,survive,
marketo.marketo__programs,B,GC1,grain_cardinality,corpus:marketo.marketo__programs:cap2000,verified,applicable,admissible,22f40eb878e8b273,7e03ed2c5e7e2334,SURVIVED,SDL_rowdup:marketo.marketo__programs:GC1,SURVIVED,inferred_key,,,survive,True
marketo.marketo__programs,B,PP1,population_predicates,corpus:marketo.marketo__programs:cap2000,default,applicable,admissible,22f40eb878e8b273,6359288adf2adc7c,rejected,SDL_rowdrop:marketo.marketo__programs:PP1,rejected,inferred_key,,,survive,
marketo.marketo__programs,B,PP1,population_predicates,corpus:marketo.marketo__programs:cap2000,verified,applicable,admissible,22f40eb878e8b273,6359288adf2adc7c,SURVIVED,SDL_rowdrop:marketo.marketo__programs:PP1,SURVIVED,inferred_key,,,survive,True
marketo.marketo__programs,B,RV1,representative_value,corpus:marketo.marketo__programs:cap2000,-,NOT_APPLICABLE,,22f40eb878e8b273,,,SDL_rowdrop:marketo.marketo__programs:RV1,,inferred_key,,,survive,
marketo.marketo__programs,B,ME3,measures,corpus:marketo.marketo__programs:cap2000,-,NOT_APPLICABLE,,22f40eb878e8b273,,,AOR_scale:marketo.marketo__programs:ME3,,inferred_key,,,survive,
marketo.marketo__programs,B,AB1,absence,corpus:marketo.marketo__programs:cap2000,-,NOT_APPLICABLE,,22f40eb878e8b273,,,IR_constfill:marketo.marketo__programs:AB1,,inferred_key,,,survive,
marketo.marketo__programs,B,AB1R,absence,corpus:marketo.marketo__programs:cap2000,-,NOT_APPLICABLE,,22f40eb878e8b273,,,IR_constzero:marketo.marketo__programs:AB1R,,inferred_key,,,survive,
marketo.marketo__programs,B,AB2,absence,corpus:marketo.marketo__programs:cap2000,-,NOT_APPLICABLE,,22f40eb878e8b273,,,IR_sentinel:marketo.marketo__programs:AB2,,inferred_key,,,reject,
mental_health_survey.surveys,B,GC1,grain_cardinality,corpus:mental_health_survey.surveys:cap2000,default,applicable,admissible,1c87d8a0c406092d,f357c80e8a396d7f,rejected,SDL_rowdup:mental_health_survey.surveys:GC1,rejected,inferred_key,,,survive,
mental_health_survey.surveys,B,GC1,grain_cardinality,corpus:mental_health_survey.surveys:cap2000,verified,applicable,admissible,1c87d8a0c406092d,f357c80e8a396d7f,SURVIVED,SDL_rowdup:mental_health_survey.surveys:GC1,SURVIVED,inferred_key,,,survive,True
mental_health_survey.surveys,B,PP1,population_predicates,corpus:mental_health_survey.surveys:cap2000,default,applicable,admissible,1c87d8a0c406092d,fec0088d4366f27f,rejected,SDL_rowdrop:mental_health_survey.surveys:PP1,rejected,inferred_key,,,survive,
mental_health_survey.surveys,B,PP1,population_predicates,corpus:mental_health_survey.surveys:cap2000,verified,applicable,admissible,1c87d8a0c406092d,fec0088d4366f27f,SURVIVED,SDL_rowdrop:mental_health_survey.surveys:PP1,SURVIVED,inferred_key,,,survive,True
mental_health_survey.surveys,B,RV1,representative_value,corpus:mental_health_survey.surveys:cap2000,-,NOT_APPLICABLE,,1c87d8a0c406092d,,,SDL_rowdrop:mental_health_survey.surveys:RV1,,inferred_key,,,survive,
mental_health_survey.surveys,B,ME3,measures,corpus:mental_health_survey.surveys:cap2000,-,NOT_APPLICABLE,,1c87d8a0c406092d,,,AOR_scale:mental_health_survey.surveys:ME3,,inferred_key,,,survive,
mental_health_survey.surveys,B,AB1,absence,corpus:mental_health_survey.surveys:cap2000,-,NOT_APPLICABLE,,1c87d8a0c406092d,,,IR_constfill:mental_health_survey.surveys:AB1,,inferred_key,,,survive,
mental_health_survey.surveys,B,AB1R,absence,corpus:mental_health_survey.surveys:cap2000,-,NOT_APPLICABLE,,1c87d8a0c406092d,,,IR_constzero:mental_health_survey.surveys:AB1R,,inferred_key,,,survive,
mental_health_survey.surveys,B,AB2,absence,corpus:mental_health_survey.surveys:cap2000,-,NOT_APPLICABLE,,1c87d8a0c406092d,,,IR_sentinel:mental_health_survey.surveys:AB2,,inferred_key,,,reject,
menu.menus,B,GC1,grain_cardinality,corpus:menu.menus:cap2000,default,applicable,admissible,e13616e468b66013,e0ec6475fb40c688,rejected,SDL_rowdup:menu.menus:GC1,rejected,inferred_key,,,survive,
menu.menus,B,GC1,grain_cardinality,corpus:menu.menus:cap2000,verified,applicable,admissible,e13616e468b66013,e0ec6475fb40c688,SURVIVED,SDL_rowdup:menu.menus:GC1,SURVIVED,inferred_key,,,survive,True
menu.menus,B,PP1,population_predicates,corpus:menu.menus:cap2000,default,applicable,admissible,e13616e468b66013,be3d35b72ae33452,rejected,SDL_rowdrop:menu.menus:PP1,rejected,inferred_key,,,survive,
menu.menus,B,PP1,population_predicates,corpus:menu.menus:cap2000,verified,applicable,admissible,e13616e468b66013,be3d35b72ae33452,SURVIVED,SDL_rowdrop:menu.menus:PP1,SURVIVED,inferred_key,,,survive,True
menu.menus,B,RV1,representative_value,corpus:menu.menus:cap2000,-,NOT_APPLICABLE,,e13616e468b66013,,,SDL_rowdrop:menu.menus:RV1,,inferred_key,,,survive,
menu.menus,B,ME3,measures,corpus:menu.menus:cap2000,-,NOT_APPLICABLE,,e13616e468b66013,,,AOR_scale:menu.menus:ME3,,inferred_key,,,survive,
menu.menus,B,AB1,absence,corpus:menu.menus:cap2000,-,NOT_APPLICABLE,,e13616e468b66013,,,IR_constfill:menu.menus:AB1,,inferred_key,,,survive,
menu.menus,B,AB1R,absence,corpus:menu.menus:cap2000,-,NOT_APPLICABLE,,e13616e468b66013,,,IR_constzero:menu.menus:AB1R,,inferred_key,,,survive,
menu.menus,B,AB2,absence,corpus:menu.menus:cap2000,default,applicable,admissible,e13616e468b66013,7f7a69a1d21d98f2,SURVIVED,IR_sentinel:menu.menus:AB2,rejected,inferred_key,,,reject,
menu.menus,B,AB2,absence,corpus:menu.menus:cap2000,verified,applicable,admissible,e13616e468b66013,7f7a69a1d21d98f2,SURVIVED,IR_sentinel:menu.menus:AB2,rejected,inferred_key,,,reject,False
microsoft_ads.microsoft_ads__account_report,B,GC1,grain_cardinality,corpus:microsoft_ads.microsoft_ads__account_report:cap2000,default,applicable,admissible,1494e46f8606b1b3,ea4a1497007ae61e,rejected,SDL_rowdup:microsoft_ads.microsoft_ads__account_report:GC1,rejected,all_column_fallback,,,survive,
microsoft_ads.microsoft_ads__account_report,B,GC1,grain_cardinality,corpus:microsoft_ads.microsoft_ads__account_report:cap2000,verified,applicable,admissible,1494e46f8606b1b3,ea4a1497007ae61e,SURVIVED,SDL_rowdup:microsoft_ads.microsoft_ads__account_report:GC1,SURVIVED,all_column_fallback,,,survive,True
microsoft_ads.microsoft_ads__account_report,B,PP1,population_predicates,corpus:microsoft_ads.microsoft_ads__account_report:cap2000,default,applicable,admissible,1494e46f8606b1b3,d9e82d5804131d90,rejected,SDL_rowdrop:microsoft_ads.microsoft_ads__account_report:PP1,rejected,all_column_fallback,,,survive,
microsoft_ads.microsoft_ads__account_report,B,PP1,population_predicates,corpus:microsoft_ads.microsoft_ads__account_report:cap2000,verified,applicable,admissible,1494e46f8606b1b3,d9e82d5804131d90,SURVIVED,SDL_rowdrop:microsoft_ads.microsoft_ads__account_report:PP1,SURVIVED,all_column_fallback,,,survive,True
microsoft_ads.microsoft_ads__account_report,B,RV1,representative_value,corpus:microsoft_ads.microsoft_ads__account_report:cap2000,default,applicable,admissible,1494e46f8606b1b3,55e7072d4e93a437,rejected,SDL_rowdrop:microsoft_ads.microsoft_ads__account_report:RV1,rejected,all_column_fallback,,,survive,
microsoft_ads.microsoft_ads__account_report,B,RV1,representative_value,corpus:microsoft_ads.microsoft_ads__account_report:cap2000,verified,applicable,admissible,1494e46f8606b1b3,55e7072d4e93a437,SURVIVED,SDL_rowdrop:microsoft_ads.microsoft_ads__account_report:RV1,SURVIVED,all_column_fallback,,,survive,True
microsoft_ads.microsoft_ads__account_report,B,ME3,measures,corpus:microsoft_ads.microsoft_ads__account_report:cap2000,-,NOT_APPLICABLE,,1494e46f8606b1b3,,,AOR_scale:microsoft_ads.microsoft_ads__account_report:ME3,,all_column_fallback,,,survive,
microsoft_ads.microsoft_ads__account_report,B,AB1,absence,corpus:microsoft_ads.microsoft_ads__account_report:cap2000,-,NOT_APPLICABLE,,1494e46f8606b1b3,,,IR_constfill:microsoft_ads.microsoft_ads__account_report:AB1,,all_column_fallback,,,survive,
microsoft_ads.microsoft_ads__account_report,B,AB1R,absence,corpus:microsoft_ads.microsoft_ads__account_report:cap2000,-,NOT_APPLICABLE,,1494e46f8606b1b3,,,IR_constzero:microsoft_ads.microsoft_ads__account_report:AB1R,,all_column_fallback,,,survive,
microsoft_ads.microsoft_ads__account_report,B,AB2,absence,corpus:microsoft_ads.microsoft_ads__account_report:cap2000,-,NOT_APPLICABLE,,1494e46f8606b1b3,,,IR_sentinel:microsoft_ads.microsoft_ads__account_report:AB2,,all_column_fallback,,,reject,
microsoft_ads.microsoft_ads__ad_group_report,B,GC1,grain_cardinality,corpus:microsoft_ads.microsoft_ads__ad_group_report:cap2000,default,applicable,admissible,2570926184f95cbd,ca4a332bee0effe6,rejected,SDL_rowdup:microsoft_ads.microsoft_ads__ad_group_report:GC1,rejected,all_column_fallback,,,survive,
microsoft_ads.microsoft_ads__ad_group_report,B,GC1,grain_cardinality,corpus:microsoft_ads.microsoft_ads__ad_group_report:cap2000,verified,applicable,admissible,2570926184f95cbd,ca4a332bee0effe6,SURVIVED,SDL_rowdup:microsoft_ads.microsoft_ads__ad_group_report:GC1,SURVIVED,all_column_fallback,,,survive,True
microsoft_ads.microsoft_ads__ad_group_report,B,PP1,population_predicates,corpus:microsoft_ads.microsoft_ads__ad_group_report:cap2000,default,applicable,admissible,2570926184f95cbd,a589906dafbe880f,rejected,SDL_rowdrop:microsoft_ads.microsoft_ads__ad_group_report:PP1,rejected,all_column_fallback,,,survive,
microsoft_ads.microsoft_ads__ad_group_report,B,PP1,population_predicates,corpus:microsoft_ads.microsoft_ads__ad_group_report:cap2000,verified,applicable,admissible,2570926184f95cbd,a589906dafbe880f,rejected,SDL_rowdrop:microsoft_ads.microsoft_ads__ad_group_report:PP1,rejected,all_column_fallback,,,survive,False
microsoft_ads.microsoft_ads__ad_group_report,B,RV1,representative_value,corpus:microsoft_ads.microsoft_ads__ad_group_report:cap2000,-,NOT_APPLICABLE,,2570926184f95cbd,,,SDL_rowdrop:microsoft_ads.microsoft_ads__ad_group_report:RV1,,all_column_fallback,,,survive,
microsoft_ads.microsoft_ads__ad_group_report,B,ME3,measures,corpus:microsoft_ads.microsoft_ads__ad_group_report:cap2000,-,NOT_APPLICABLE,,2570926184f95cbd,,,AOR_scale:microsoft_ads.microsoft_ads__ad_group_report:ME3,,all_column_fallback,,,survive,
microsoft_ads.microsoft_ads__ad_group_report,B,AB1,absence,corpus:microsoft_ads.microsoft_ads__ad_group_report:cap2000,-,NOT_APPLICABLE,,2570926184f95cbd,,,IR_constfill:microsoft_ads.microsoft_ads__ad_group_report:AB1,,all_column_fallback,,,survive,
microsoft_ads.microsoft_ads__ad_group_report,B,AB1R,absence,corpus:microsoft_ads.microsoft_ads__ad_group_report:cap2000,-,NOT_APPLICABLE,,2570926184f95cbd,,,IR_constzero:microsoft_ads.microsoft_ads__ad_group_report:AB1R,,all_column_fallback,,,survive,
microsoft_ads.microsoft_ads__ad_group_report,B,AB2,absence,corpus:microsoft_ads.microsoft_ads__ad_group_report:cap2000,-,NOT_APPLICABLE,,2570926184f95cbd,,,IR_sentinel:microsoft_ads.microsoft_ads__ad_group_report:AB2,,all_column_fallback,,,reject,
microsoft_ads.microsoft_ads__ad_report,B,GC1,grain_cardinality,corpus:microsoft_ads.microsoft_ads__ad_report:cap2000,default,applicable,admissible,90acb947fa412e2d,f80a50238cc2a854,rejected,SDL_rowdup:microsoft_ads.microsoft_ads__ad_report:GC1,rejected,all_column_fallback,,,survive,
microsoft_ads.microsoft_ads__ad_report,B,GC1,grain_cardinality,corpus:microsoft_ads.microsoft_ads__ad_report:cap2000,verified,applicable,admissible,90acb947fa412e2d,f80a50238cc2a854,SURVIVED,SDL_rowdup:microsoft_ads.microsoft_ads__ad_report:GC1,SURVIVED,all_column_fallback,,,survive,True
microsoft_ads.microsoft_ads__ad_report,B,PP1,population_predicates,corpus:microsoft_ads.microsoft_ads__ad_report:cap2000,default,applicable,admissible,90acb947fa412e2d,11fde1239ac87d5d,rejected,SDL_rowdrop:microsoft_ads.microsoft_ads__ad_report:PP1,rejected,all_column_fallback,,,survive,
microsoft_ads.microsoft_ads__ad_report,B,PP1,population_predicates,corpus:microsoft_ads.microsoft_ads__ad_report:cap2000,verified,applicable,admissible,90acb947fa412e2d,11fde1239ac87d5d,rejected,SDL_rowdrop:microsoft_ads.microsoft_ads__ad_report:PP1,rejected,all_column_fallback,,,survive,False
microsoft_ads.microsoft_ads__ad_report,B,RV1,representative_value,corpus:microsoft_ads.microsoft_ads__ad_report:cap2000,-,NOT_APPLICABLE,,90acb947fa412e2d,,,SDL_rowdrop:microsoft_ads.microsoft_ads__ad_report:RV1,,all_column_fallback,,,survive,
microsoft_ads.microsoft_ads__ad_report,B,ME3,measures,corpus:microsoft_ads.microsoft_ads__ad_report:cap2000,-,NOT_APPLICABLE,,90acb947fa412e2d,,,AOR_scale:microsoft_ads.microsoft_ads__ad_report:ME3,,all_column_fallback,,,survive,
microsoft_ads.microsoft_ads__ad_report,B,AB1,absence,corpus:microsoft_ads.microsoft_ads__ad_report:cap2000,-,NOT_APPLICABLE,,90acb947fa412e2d,,,IR_constfill:microsoft_ads.microsoft_ads__ad_report:AB1,,all_column_fallback,,,survive,
microsoft_ads.microsoft_ads__ad_report,B,AB1R,absence,corpus:microsoft_ads.microsoft_ads__ad_report:cap2000,-,NOT_APPLICABLE,,90acb947fa412e2d,,,IR_constzero:microsoft_ads.microsoft_ads__ad_report:AB1R,,all_column_fallback,,,survive,
microsoft_ads.microsoft_ads__ad_report,B,AB2,absence,corpus:microsoft_ads.microsoft_ads__ad_report:cap2000,default,applicable,admissible,90acb947fa412e2d,d83729fb30a48a4c,SURVIVED,IR_sentinel:microsoft_ads.microsoft_ads__ad_report:AB2,rejected,all_column_fallback,,,reject,
microsoft_ads.microsoft_ads__ad_report,B,AB2,absence,corpus:microsoft_ads.microsoft_ads__ad_report:cap2000,verified,applicable,admissible,90acb947fa412e2d,d83729fb30a48a4c,SURVIVED,IR_sentinel:microsoft_ads.microsoft_ads__ad_report:AB2,rejected,all_column_fallback,,,reject,False
microsoft_ads.microsoft_ads__campaign_report,B,GC1,grain_cardinality,corpus:microsoft_ads.microsoft_ads__campaign_report:cap2000,default,applicable,admissible,d4e0beb26ff54907,c252b1f83c12c8bc,rejected,SDL_rowdup:microsoft_ads.microsoft_ads__campaign_report:GC1,rejected,all_column_fallback,,,survive,
microsoft_ads.microsoft_ads__campaign_report,B,GC1,grain_cardinality,corpus:microsoft_ads.microsoft_ads__campaign_report:cap2000,verified,applicable,admissible,d4e0beb26ff54907,c252b1f83c12c8bc,SURVIVED,SDL_rowdup:microsoft_ads.microsoft_ads__campaign_report:GC1,SURVIVED,all_column_fallback,,,survive,True
microsoft_ads.microsoft_ads__campaign_report,B,PP1,population_predicates,corpus:microsoft_ads.microsoft_ads__campaign_report:cap2000,default,applicable,admissible,d4e0beb26ff54907,d54e7d338b1a16df,rejected,SDL_rowdrop:microsoft_ads.microsoft_ads__campaign_report:PP1,rejected,all_column_fallback,,,survive,
microsoft_ads.microsoft_ads__campaign_report,B,PP1,population_predicates,corpus:microsoft_ads.microsoft_ads__campaign_report:cap2000,verified,applicable,admissible,d4e0beb26ff54907,d54e7d338b1a16df,rejected,SDL_rowdrop:microsoft_ads.microsoft_ads__campaign_report:PP1,rejected,all_column_fallback,,,survive,False
microsoft_ads.microsoft_ads__campaign_report,B,RV1,representative_value,corpus:microsoft_ads.microsoft_ads__campaign_report:cap2000,-,NOT_APPLICABLE,,d4e0beb26ff54907,,,SDL_rowdrop:microsoft_ads.microsoft_ads__campaign_report:RV1,,all_column_fallback,,,survive,
microsoft_ads.microsoft_ads__campaign_report,B,ME3,measures,corpus:microsoft_ads.microsoft_ads__campaign_report:cap2000,-,NOT_APPLICABLE,,d4e0beb26ff54907,,,AOR_scale:microsoft_ads.microsoft_ads__campaign_report:ME3,,all_column_fallback,,,survive,
microsoft_ads.microsoft_ads__campaign_report,B,AB1,absence,corpus:microsoft_ads.microsoft_ads__campaign_report:cap2000,-,NOT_APPLICABLE,,d4e0beb26ff54907,,,IR_constfill:microsoft_ads.microsoft_ads__campaign_report:AB1,,all_column_fallback,,,survive,
microsoft_ads.microsoft_ads__campaign_report,B,AB1R,absence,corpus:microsoft_ads.microsoft_ads__campaign_report:cap2000,-,NOT_APPLICABLE,,d4e0beb26ff54907,,,IR_constzero:microsoft_ads.microsoft_ads__campaign_report:AB1R,,all_column_fallback,,,survive,
microsoft_ads.microsoft_ads__campaign_report,B,AB2,absence,corpus:microsoft_ads.microsoft_ads__campaign_report:cap2000,-,NOT_APPLICABLE,,d4e0beb26ff54907,,,IR_sentinel:microsoft_ads.microsoft_ads__campaign_report:AB2,,all_column_fallback,,,reject,
microsoft_ads.microsoft_ads__keyword_report,B,GC1,grain_cardinality,corpus:microsoft_ads.microsoft_ads__keyword_report:cap2000,default,applicable,admissible,31a0d03e2b53278e,d1725520a758e87f,rejected,SDL_rowdup:microsoft_ads.microsoft_ads__keyword_report:GC1,rejected,all_column_fallback,,,survive,
microsoft_ads.microsoft_ads__keyword_report,B,GC1,grain_cardinality,corpus:microsoft_ads.microsoft_ads__keyword_report:cap2000,verified,applicable,admissible,31a0d03e2b53278e,d1725520a758e87f,SURVIVED,SDL_rowdup:microsoft_ads.microsoft_ads__keyword_report:GC1,SURVIVED,all_column_fallback,,,survive,True
microsoft_ads.microsoft_ads__keyword_report,B,PP1,population_predicates,corpus:microsoft_ads.microsoft_ads__keyword_report:cap2000,default,applicable,admissible,31a0d03e2b53278e,4a098ec5558f41e6,rejected,SDL_rowdrop:microsoft_ads.microsoft_ads__keyword_report:PP1,rejected,all_column_fallback,,,survive,
microsoft_ads.microsoft_ads__keyword_report,B,PP1,population_predicates,corpus:microsoft_ads.microsoft_ads__keyword_report:cap2000,verified,applicable,admissible,31a0d03e2b53278e,4a098ec5558f41e6,SURVIVED,SDL_rowdrop:microsoft_ads.microsoft_ads__keyword_report:PP1,rejected,all_column_fallback,,,survive,True
microsoft_ads.microsoft_ads__keyword_report,B,RV1,representative_value,corpus:microsoft_ads.microsoft_ads__keyword_report:cap2000,-,NOT_APPLICABLE,,31a0d03e2b53278e,,,SDL_rowdrop:microsoft_ads.microsoft_ads__keyword_report:RV1,,all_column_fallback,,,survive,
microsoft_ads.microsoft_ads__keyword_report,B,ME3,measures,corpus:microsoft_ads.microsoft_ads__keyword_report:cap2000,-,NOT_APPLICABLE,,31a0d03e2b53278e,,,AOR_scale:microsoft_ads.microsoft_ads__keyword_report:ME3,,all_column_fallback,,,survive,
microsoft_ads.microsoft_ads__keyword_report,B,AB1,absence,corpus:microsoft_ads.microsoft_ads__keyword_report:cap2000,-,NOT_APPLICABLE,,31a0d03e2b53278e,,,IR_constfill:microsoft_ads.microsoft_ads__keyword_report:AB1,,all_column_fallback,,,survive,
microsoft_ads.microsoft_ads__keyword_report,B,AB1R,absence,corpus:microsoft_ads.microsoft_ads__keyword_report:cap2000,-,NOT_APPLICABLE,,31a0d03e2b53278e,,,IR_constzero:microsoft_ads.microsoft_ads__keyword_report:AB1R,,all_column_fallback,,,survive,
microsoft_ads.microsoft_ads__keyword_report,B,AB2,absence,corpus:microsoft_ads.microsoft_ads__keyword_report:cap2000,-,NOT_APPLICABLE,,31a0d03e2b53278e,,,IR_sentinel:microsoft_ads.microsoft_ads__keyword_report:AB2,,all_column_fallback,,,reject,
microsoft_ads.microsoft_ads__search_report,B,GC1,grain_cardinality,corpus:microsoft_ads.microsoft_ads__search_report:cap2000,default,applicable,admissible,857ed148990546e7,148e30660209cc45,rejected,SDL_rowdup:microsoft_ads.microsoft_ads__search_report:GC1,rejected,all_column_fallback,,,survive,
microsoft_ads.microsoft_ads__search_report,B,GC1,grain_cardinality,corpus:microsoft_ads.microsoft_ads__search_report:cap2000,verified,applicable,admissible,857ed148990546e7,148e30660209cc45,SURVIVED,SDL_rowdup:microsoft_ads.microsoft_ads__search_report:GC1,SURVIVED,all_column_fallback,,,survive,True
microsoft_ads.microsoft_ads__search_report,B,PP1,population_predicates,corpus:microsoft_ads.microsoft_ads__search_report:cap2000,default,applicable,admissible,857ed148990546e7,385d296a8035a826,rejected,SDL_rowdrop:microsoft_ads.microsoft_ads__search_report:PP1,rejected,all_column_fallback,,,survive,
microsoft_ads.microsoft_ads__search_report,B,PP1,population_predicates,corpus:microsoft_ads.microsoft_ads__search_report:cap2000,verified,applicable,admissible,857ed148990546e7,385d296a8035a826,SURVIVED,SDL_rowdrop:microsoft_ads.microsoft_ads__search_report:PP1,SURVIVED,all_column_fallback,,,survive,True
microsoft_ads.microsoft_ads__search_report,B,RV1,representative_value,corpus:microsoft_ads.microsoft_ads__search_report:cap2000,default,applicable,admissible,857ed148990546e7,a0d4ec14e9db68ee,rejected,SDL_rowdrop:microsoft_ads.microsoft_ads__search_report:RV1,rejected,all_column_fallback,,,survive,
microsoft_ads.microsoft_ads__search_report,B,RV1,representative_value,corpus:microsoft_ads.microsoft_ads__search_report:cap2000,verified,applicable,admissible,857ed148990546e7,a0d4ec14e9db68ee,SURVIVED,SDL_rowdrop:microsoft_ads.microsoft_ads__search_report:RV1,SURVIVED,all_column_fallback,,,survive,True
microsoft_ads.microsoft_ads__search_report,B,ME3,measures,corpus:microsoft_ads.microsoft_ads__search_report:cap2000,-,NOT_APPLICABLE,,857ed148990546e7,,,AOR_scale:microsoft_ads.microsoft_ads__search_report:ME3,,all_column_fallback,,,survive,
microsoft_ads.microsoft_ads__search_report,B,AB1,absence,corpus:microsoft_ads.microsoft_ads__search_report:cap2000,-,NOT_APPLICABLE,,857ed148990546e7,,,IR_constfill:microsoft_ads.microsoft_ads__search_report:AB1,,all_column_fallback,,,survive,
microsoft_ads.microsoft_ads__search_report,B,AB1R,absence,corpus:microsoft_ads.microsoft_ads__search_report:cap2000,-,NOT_APPLICABLE,,857ed148990546e7,,,IR_constzero:microsoft_ads.microsoft_ads__search_report:AB1R,,all_column_fallback,,,survive,
microsoft_ads.microsoft_ads__search_report,B,AB2,absence,corpus:microsoft_ads.microsoft_ads__search_report:cap2000,default,applicable,admissible,857ed148990546e7,99092963fba53495,SURVIVED,IR_sentinel:microsoft_ads.microsoft_ads__search_report:AB2,rejected,all_column_fallback,,,reject,
microsoft_ads.microsoft_ads__search_report,B,AB2,absence,corpus:microsoft_ads.microsoft_ads__search_report:cap2000,verified,applicable,admissible,857ed148990546e7,99092963fba53495,SURVIVED,IR_sentinel:microsoft_ads.microsoft_ads__search_report:AB2,rejected,all_column_fallback,,,reject,False
microsoft_ads.microsoft_ads__url_report,B,GC1,grain_cardinality,corpus:microsoft_ads.microsoft_ads__url_report:cap2000,default,applicable,admissible,2ea1d9c55632454e,770bede529171725,rejected,SDL_rowdup:microsoft_ads.microsoft_ads__url_report:GC1,rejected,all_column_fallback,,,survive,
microsoft_ads.microsoft_ads__url_report,B,GC1,grain_cardinality,corpus:microsoft_ads.microsoft_ads__url_report:cap2000,verified,applicable,admissible,2ea1d9c55632454e,770bede529171725,SURVIVED,SDL_rowdup:microsoft_ads.microsoft_ads__url_report:GC1,SURVIVED,all_column_fallback,,,survive,True
microsoft_ads.microsoft_ads__url_report,B,PP1,population_predicates,corpus:microsoft_ads.microsoft_ads__url_report:cap2000,default,applicable,admissible,2ea1d9c55632454e,575a280ffd845c41,rejected,SDL_rowdrop:microsoft_ads.microsoft_ads__url_report:PP1,rejected,all_column_fallback,,,survive,
microsoft_ads.microsoft_ads__url_report,B,PP1,population_predicates,corpus:microsoft_ads.microsoft_ads__url_report:cap2000,verified,applicable,admissible,2ea1d9c55632454e,575a280ffd845c41,rejected,SDL_rowdrop:microsoft_ads.microsoft_ads__url_report:PP1,rejected,all_column_fallback,,,survive,False
microsoft_ads.microsoft_ads__url_report,B,RV1,representative_value,corpus:microsoft_ads.microsoft_ads__url_report:cap2000,-,NOT_APPLICABLE,,2ea1d9c55632454e,,,SDL_rowdrop:microsoft_ads.microsoft_ads__url_report:RV1,,all_column_fallback,,,survive,
microsoft_ads.microsoft_ads__url_report,B,ME3,measures,corpus:microsoft_ads.microsoft_ads__url_report:cap2000,-,NOT_APPLICABLE,,2ea1d9c55632454e,,,AOR_scale:microsoft_ads.microsoft_ads__url_report:ME3,,all_column_fallback,,,survive,
microsoft_ads.microsoft_ads__url_report,B,AB1,absence,corpus:microsoft_ads.microsoft_ads__url_report:cap2000,-,NOT_APPLICABLE,,2ea1d9c55632454e,,,IR_constfill:microsoft_ads.microsoft_ads__url_report:AB1,,all_column_fallback,,,survive,
microsoft_ads.microsoft_ads__url_report,B,AB1R,absence,corpus:microsoft_ads.microsoft_ads__url_report:cap2000,-,NOT_APPLICABLE,,2ea1d9c55632454e,,,IR_constzero:microsoft_ads.microsoft_ads__url_report:AB1R,,all_column_fallback,,,survive,
microsoft_ads.microsoft_ads__url_report,B,AB2,absence,corpus:microsoft_ads.microsoft_ads__url_report:cap2000,default,applicable,admissible,2ea1d9c55632454e,a09fc008116a5093,SURVIVED,IR_sentinel:microsoft_ads.microsoft_ads__url_report:AB2,rejected,all_column_fallback,,,reject,
microsoft_ads.microsoft_ads__url_report,B,AB2,absence,corpus:microsoft_ads.microsoft_ads__url_report:cap2000,verified,applicable,admissible,2ea1d9c55632454e,a09fc008116a5093,SURVIVED,IR_sentinel:microsoft_ads.microsoft_ads__url_report:AB2,rejected,all_column_fallback,,,reject,False
mondial_geo.countries,B,GC1,grain_cardinality,corpus:mondial_geo.countries:cap2000,default,applicable,admissible,ee79678d9c10f768,6b8b13ab6e7f5e0a,rejected,SDL_rowdup:mondial_geo.countries:GC1,rejected,all_column_fallback,,,survive,
mondial_geo.countries,B,GC1,grain_cardinality,corpus:mondial_geo.countries:cap2000,verified,applicable,admissible,ee79678d9c10f768,6b8b13ab6e7f5e0a,SURVIVED,SDL_rowdup:mondial_geo.countries:GC1,SURVIVED,all_column_fallback,,,survive,True
mondial_geo.countries,B,PP1,population_predicates,corpus:mondial_geo.countries:cap2000,default,applicable,admissible,ee79678d9c10f768,1ffadaabeee8e3bb,rejected,SDL_rowdrop:mondial_geo.countries:PP1,rejected,all_column_fallback,,,survive,
mondial_geo.countries,B,PP1,population_predicates,corpus:mondial_geo.countries:cap2000,verified,applicable,admissible,ee79678d9c10f768,1ffadaabeee8e3bb,SURVIVED,SDL_rowdrop:mondial_geo.countries:PP1,SURVIVED,all_column_fallback,,,survive,True
mondial_geo.countries,B,RV1,representative_value,corpus:mondial_geo.countries:cap2000,-,NOT_APPLICABLE,,ee79678d9c10f768,,,SDL_rowdrop:mondial_geo.countries:RV1,,all_column_fallback,,,survive,
mondial_geo.countries,B,ME3,measures,corpus:mondial_geo.countries:cap2000,-,NOT_APPLICABLE,,ee79678d9c10f768,,,AOR_scale:mondial_geo.countries:ME3,,all_column_fallback,,,survive,
mondial_geo.countries,B,AB1,absence,corpus:mondial_geo.countries:cap2000,-,NOT_APPLICABLE,,ee79678d9c10f768,,,IR_constfill:mondial_geo.countries:AB1,,all_column_fallback,,,survive,
mondial_geo.countries,B,AB1R,absence,corpus:mondial_geo.countries:cap2000,-,NOT_APPLICABLE,,ee79678d9c10f768,,,IR_constzero:mondial_geo.countries:AB1R,,all_column_fallback,,,survive,
mondial_geo.countries,B,AB2,absence,corpus:mondial_geo.countries:cap2000,default,applicable,admissible,ee79678d9c10f768,9740dc71decfe765,SURVIVED,IR_sentinel:mondial_geo.countries:AB2,rejected,all_column_fallback,,,reject,
mondial_geo.countries,B,AB2,absence,corpus:mondial_geo.countries:cap2000,verified,applicable,admissible,ee79678d9c10f768,9740dc71decfe765,SURVIVED,IR_sentinel:mondial_geo.countries:AB2,rejected,all_column_fallback,,,reject,False
movie.actors,B,GC1,grain_cardinality,corpus:movie.actors:cap2000,default,applicable,admissible,3631fb0d59480129,a24b770501f9629f,rejected,SDL_rowdup:movie.actors:GC1,rejected,inferred_key,,,survive,
movie.actors,B,GC1,grain_cardinality,corpus:movie.actors:cap2000,verified,applicable,admissible,3631fb0d59480129,a24b770501f9629f,SURVIVED,SDL_rowdup:movie.actors:GC1,SURVIVED,inferred_key,,,survive,True
movie.actors,B,PP1,population_predicates,corpus:movie.actors:cap2000,default,applicable,admissible,3631fb0d59480129,9c2002a8622db628,rejected,SDL_rowdrop:movie.actors:PP1,rejected,inferred_key,,,survive,
movie.actors,B,PP1,population_predicates,corpus:movie.actors:cap2000,verified,applicable,admissible,3631fb0d59480129,9c2002a8622db628,SURVIVED,SDL_rowdrop:movie.actors:PP1,SURVIVED,inferred_key,,,survive,True
movie.actors,B,RV1,representative_value,corpus:movie.actors:cap2000,-,NOT_APPLICABLE,,3631fb0d59480129,,,SDL_rowdrop:movie.actors:RV1,,inferred_key,,,survive,
movie.actors,B,ME3,measures,corpus:movie.actors:cap2000,-,NOT_APPLICABLE,,3631fb0d59480129,,,AOR_scale:movie.actors:ME3,,inferred_key,,,survive,
movie.actors,B,AB1,absence,corpus:movie.actors:cap2000,-,NOT_APPLICABLE,,3631fb0d59480129,,,IR_constfill:movie.actors:AB1,,inferred_key,,,survive,
movie.actors,B,AB1R,absence,corpus:movie.actors:cap2000,-,NOT_APPLICABLE,,3631fb0d59480129,,,IR_constzero:movie.actors:AB1R,,inferred_key,,,survive,
movie.actors,B,AB2,absence,corpus:movie.actors:cap2000,default,applicable,admissible,3631fb0d59480129,57d95732551c99c5,SURVIVED,IR_sentinel:movie.actors:AB2,rejected,inferred_key,,,reject,
movie.actors,B,AB2,absence,corpus:movie.actors:cap2000,verified,applicable,admissible,3631fb0d59480129,57d95732551c99c5,SURVIVED,IR_sentinel:movie.actors:AB2,rejected,inferred_key,,,reject,False
movie.movie,B,GC1,grain_cardinality,corpus:movie.movie:cap2000,default,applicable,admissible,a48e924a2ca76815,d583e215d0224851,rejected,SDL_rowdup:movie.movie:GC1,rejected,inferred_key,,,survive,
movie.movie,B,GC1,grain_cardinality,corpus:movie.movie:cap2000,verified,applicable,admissible,a48e924a2ca76815,d583e215d0224851,SURVIVED,SDL_rowdup:movie.movie:GC1,SURVIVED,inferred_key,,,survive,True
movie.movie,B,PP1,population_predicates,corpus:movie.movie:cap2000,default,applicable,admissible,a48e924a2ca76815,530b52e4479188e2,rejected,SDL_rowdrop:movie.movie:PP1,rejected,inferred_key,,,survive,
movie.movie,B,PP1,population_predicates,corpus:movie.movie:cap2000,verified,applicable,admissible,a48e924a2ca76815,530b52e4479188e2,SURVIVED,SDL_rowdrop:movie.movie:PP1,SURVIVED,inferred_key,,,survive,True
movie.movie,B,RV1,representative_value,corpus:movie.movie:cap2000,-,NOT_APPLICABLE,,a48e924a2ca76815,,,SDL_rowdrop:movie.movie:RV1,,inferred_key,,,survive,
movie.movie,B,ME3,measures,corpus:movie.movie:cap2000,-,NOT_APPLICABLE,,a48e924a2ca76815,,,AOR_scale:movie.movie:ME3,,inferred_key,,,survive,
movie.movie,B,AB1,absence,corpus:movie.movie:cap2000,-,NOT_APPLICABLE,,a48e924a2ca76815,,,IR_constfill:movie.movie:AB1,,inferred_key,,,survive,
movie.movie,B,AB1R,absence,corpus:movie.movie:cap2000,-,NOT_APPLICABLE,,a48e924a2ca76815,,,IR_constzero:movie.movie:AB1R,,inferred_key,,,survive,
movie.movie,B,AB2,absence,corpus:movie.movie:cap2000,default,applicable,admissible,a48e924a2ca76815,592e5f1d1fe9a6b5,SURVIVED,IR_sentinel:movie.movie:AB2,rejected,inferred_key,,,reject,
movie.movie,B,AB2,absence,corpus:movie.movie:cap2000,verified,applicable,admissible,a48e924a2ca76815,592e5f1d1fe9a6b5,SURVIVED,IR_sentinel:movie.movie:AB2,rejected,inferred_key,,,reject,False
movie_3.customers,B,GC1,grain_cardinality,corpus:movie_3.customers:cap2000,default,applicable,admissible,e719b16ad31719f3,7cd5be547ed235fa,rejected,SDL_rowdup:movie_3.customers:GC1,rejected,inferred_key,,,survive,
movie_3.customers,B,GC1,grain_cardinality,corpus:movie_3.customers:cap2000,verified,applicable,admissible,e719b16ad31719f3,7cd5be547ed235fa,SURVIVED,SDL_rowdup:movie_3.customers:GC1,SURVIVED,inferred_key,,,survive,True
movie_3.customers,B,PP1,population_predicates,corpus:movie_3.customers:cap2000,default,applicable,admissible,e719b16ad31719f3,84a9151e16076c9a,rejected,SDL_rowdrop:movie_3.customers:PP1,rejected,inferred_key,,,survive,
movie_3.customers,B,PP1,population_predicates,corpus:movie_3.customers:cap2000,verified,applicable,admissible,e719b16ad31719f3,84a9151e16076c9a,SURVIVED,SDL_rowdrop:movie_3.customers:PP1,SURVIVED,inferred_key,,,survive,True
movie_3.customers,B,RV1,representative_value,corpus:movie_3.customers:cap2000,-,NOT_APPLICABLE,,e719b16ad31719f3,,,SDL_rowdrop:movie_3.customers:RV1,,inferred_key,,,survive,
movie_3.customers,B,ME3,measures,corpus:movie_3.customers:cap2000,-,NOT_APPLICABLE,,e719b16ad31719f3,,,AOR_scale:movie_3.customers:ME3,,inferred_key,,,survive,
movie_3.customers,B,AB1,absence,corpus:movie_3.customers:cap2000,-,NOT_APPLICABLE,,e719b16ad31719f3,,,IR_constfill:movie_3.customers:AB1,,inferred_key,,,survive,
movie_3.customers,B,AB1R,absence,corpus:movie_3.customers:cap2000,-,NOT_APPLICABLE,,e719b16ad31719f3,,,IR_constzero:movie_3.customers:AB1R,,inferred_key,,,survive,
movie_3.customers,B,AB2,absence,corpus:movie_3.customers:cap2000,-,NOT_APPLICABLE,,e719b16ad31719f3,,,IR_sentinel:movie_3.customers:AB2,,inferred_key,,,reject,
movie_3.films,B,GC1,grain_cardinality,corpus:movie_3.films:cap2000,default,applicable,admissible,1c1e7d8dcb77bc98,54b225da99a65c5e,rejected,SDL_rowdup:movie_3.films:GC1,rejected,inferred_key,,,survive,
movie_3.films,B,GC1,grain_cardinality,corpus:movie_3.films:cap2000,verified,applicable,admissible,1c1e7d8dcb77bc98,54b225da99a65c5e,SURVIVED,SDL_rowdup:movie_3.films:GC1,SURVIVED,inferred_key,,,survive,True
movie_3.films,B,PP1,population_predicates,corpus:movie_3.films:cap2000,default,applicable,admissible,1c1e7d8dcb77bc98,959afda768efd8f8,rejected,SDL_rowdrop:movie_3.films:PP1,rejected,inferred_key,,,survive,
movie_3.films,B,PP1,population_predicates,corpus:movie_3.films:cap2000,verified,applicable,admissible,1c1e7d8dcb77bc98,959afda768efd8f8,SURVIVED,SDL_rowdrop:movie_3.films:PP1,SURVIVED,inferred_key,,,survive,True
movie_3.films,B,RV1,representative_value,corpus:movie_3.films:cap2000,-,NOT_APPLICABLE,,1c1e7d8dcb77bc98,,,SDL_rowdrop:movie_3.films:RV1,,inferred_key,,,survive,
movie_3.films,B,ME3,measures,corpus:movie_3.films:cap2000,-,NOT_APPLICABLE,,1c1e7d8dcb77bc98,,,AOR_scale:movie_3.films:ME3,,inferred_key,,,survive,
movie_3.films,B,AB1,absence,corpus:movie_3.films:cap2000,-,NOT_APPLICABLE,,1c1e7d8dcb77bc98,,,IR_constfill:movie_3.films:AB1,,inferred_key,,,survive,
movie_3.films,B,AB1R,absence,corpus:movie_3.films:cap2000,-,NOT_APPLICABLE,,1c1e7d8dcb77bc98,,,IR_constzero:movie_3.films:AB1R,,inferred_key,,,survive,
movie_3.films,B,AB2,absence,corpus:movie_3.films:cap2000,-,NOT_APPLICABLE,,1c1e7d8dcb77bc98,,,IR_sentinel:movie_3.films:AB2,,inferred_key,,,reject,
movielens.movielens__actors,B,GC1,grain_cardinality,corpus:movielens.movielens__actors:cap2000,default,applicable,admissible,f76b3996ad16f7d8,d0c9d6f467f35ccb,rejected,SDL_rowdup:movielens.movielens__actors:GC1,rejected,inferred_key,,,survive,
movielens.movielens__actors,B,GC1,grain_cardinality,corpus:movielens.movielens__actors:cap2000,verified,applicable,admissible,f76b3996ad16f7d8,d0c9d6f467f35ccb,SURVIVED,SDL_rowdup:movielens.movielens__actors:GC1,SURVIVED,inferred_key,,,survive,True
movielens.movielens__actors,B,PP1,population_predicates,corpus:movielens.movielens__actors:cap2000,default,applicable,admissible,f76b3996ad16f7d8,3dcbcd1357a6d0ce,rejected,SDL_rowdrop:movielens.movielens__actors:PP1,rejected,inferred_key,,,survive,
movielens.movielens__actors,B,PP1,population_predicates,corpus:movielens.movielens__actors:cap2000,verified,applicable,admissible,f76b3996ad16f7d8,3dcbcd1357a6d0ce,SURVIVED,SDL_rowdrop:movielens.movielens__actors:PP1,SURVIVED,inferred_key,,,survive,True
movielens.movielens__actors,B,RV1,representative_value,corpus:movielens.movielens__actors:cap2000,-,NOT_APPLICABLE,,f76b3996ad16f7d8,,,SDL_rowdrop:movielens.movielens__actors:RV1,,inferred_key,,,survive,
movielens.movielens__actors,B,ME3,measures,corpus:movielens.movielens__actors:cap2000,-,NOT_APPLICABLE,,f76b3996ad16f7d8,,,AOR_scale:movielens.movielens__actors:ME3,,inferred_key,,,survive,
movielens.movielens__actors,B,AB1,absence,corpus:movielens.movielens__actors:cap2000,-,NOT_APPLICABLE,,f76b3996ad16f7d8,,,IR_constfill:movielens.movielens__actors:AB1,,inferred_key,,,survive,
movielens.movielens__actors,B,AB1R,absence,corpus:movielens.movielens__actors:cap2000,-,NOT_APPLICABLE,,f76b3996ad16f7d8,,,IR_constzero:movielens.movielens__actors:AB1R,,inferred_key,,,survive,
movielens.movielens__actors,B,AB2,absence,corpus:movielens.movielens__actors:cap2000,-,NOT_APPLICABLE,,f76b3996ad16f7d8,,,IR_sentinel:movielens.movielens__actors:AB2,,inferred_key,,,reject,
movielens.movielens__directors,B,GC1,grain_cardinality,corpus:movielens.movielens__directors:cap2000,default,applicable,admissible,47422bcee0883ab5,b2f7f39d8c15bad4,rejected,SDL_rowdup:movielens.movielens__directors:GC1,rejected,inferred_key,,,survive,
movielens.movielens__directors,B,GC1,grain_cardinality,corpus:movielens.movielens__directors:cap2000,verified,applicable,admissible,47422bcee0883ab5,b2f7f39d8c15bad4,SURVIVED,SDL_rowdup:movielens.movielens__directors:GC1,SURVIVED,inferred_key,,,survive,True
movielens.movielens__directors,B,PP1,population_predicates,corpus:movielens.movielens__directors:cap2000,default,applicable,admissible,47422bcee0883ab5,b38c8fd413c161c7,rejected,SDL_rowdrop:movielens.movielens__directors:PP1,rejected,inferred_key,,,survive,
movielens.movielens__directors,B,PP1,population_predicates,corpus:movielens.movielens__directors:cap2000,verified,applicable,admissible,47422bcee0883ab5,b38c8fd413c161c7,SURVIVED,SDL_rowdrop:movielens.movielens__directors:PP1,SURVIVED,inferred_key,,,survive,True
movielens.movielens__directors,B,RV1,representative_value,corpus:movielens.movielens__directors:cap2000,-,NOT_APPLICABLE,,47422bcee0883ab5,,,SDL_rowdrop:movielens.movielens__directors:RV1,,inferred_key,,,survive,
movielens.movielens__directors,B,ME3,measures,corpus:movielens.movielens__directors:cap2000,-,NOT_APPLICABLE,,47422bcee0883ab5,,,AOR_scale:movielens.movielens__directors:ME3,,inferred_key,,,survive,
movielens.movielens__directors,B,AB1,absence,corpus:movielens.movielens__directors:cap2000,-,NOT_APPLICABLE,,47422bcee0883ab5,,,IR_constfill:movielens.movielens__directors:AB1,,inferred_key,,,survive,
movielens.movielens__directors,B,AB1R,absence,corpus:movielens.movielens__directors:cap2000,-,NOT_APPLICABLE,,47422bcee0883ab5,,,IR_constzero:movielens.movielens__directors:AB1R,,inferred_key,,,survive,
movielens.movielens__directors,B,AB2,absence,corpus:movielens.movielens__directors:cap2000,-,NOT_APPLICABLE,,47422bcee0883ab5,,,IR_sentinel:movielens.movielens__directors:AB2,,inferred_key,,,reject,
movielens.movielens__movies,B,GC1,grain_cardinality,corpus:movielens.movielens__movies:cap2000,default,applicable,admissible,58682cd0c8142b5e,4c20363dcaf4adb6,rejected,SDL_rowdup:movielens.movielens__movies:GC1,rejected,inferred_key,,,survive,
movielens.movielens__movies,B,GC1,grain_cardinality,corpus:movielens.movielens__movies:cap2000,verified,applicable,admissible,58682cd0c8142b5e,4c20363dcaf4adb6,SURVIVED,SDL_rowdup:movielens.movielens__movies:GC1,SURVIVED,inferred_key,,,survive,True
movielens.movielens__movies,B,PP1,population_predicates,corpus:movielens.movielens__movies:cap2000,default,applicable,admissible,58682cd0c8142b5e,c2a1bafdde3c4ed7,rejected,SDL_rowdrop:movielens.movielens__movies:PP1,rejected,inferred_key,,,survive,
movielens.movielens__movies,B,PP1,population_predicates,corpus:movielens.movielens__movies:cap2000,verified,applicable,admissible,58682cd0c8142b5e,c2a1bafdde3c4ed7,SURVIVED,SDL_rowdrop:movielens.movielens__movies:PP1,SURVIVED,inferred_key,,,survive,True
movielens.movielens__movies,B,RV1,representative_value,corpus:movielens.movielens__movies:cap2000,-,NOT_APPLICABLE,,58682cd0c8142b5e,,,SDL_rowdrop:movielens.movielens__movies:RV1,,inferred_key,,,survive,
movielens.movielens__movies,B,ME3,measures,corpus:movielens.movielens__movies:cap2000,-,NOT_APPLICABLE,,58682cd0c8142b5e,,,AOR_scale:movielens.movielens__movies:ME3,,inferred_key,,,survive,
movielens.movielens__movies,B,AB1,absence,corpus:movielens.movielens__movies:cap2000,-,NOT_APPLICABLE,,58682cd0c8142b5e,,,IR_constfill:movielens.movielens__movies:AB1,,inferred_key,,,survive,
movielens.movielens__movies,B,AB1R,absence,corpus:movielens.movielens__movies:cap2000,-,NOT_APPLICABLE,,58682cd0c8142b5e,,,IR_constzero:movielens.movielens__movies:AB1R,,inferred_key,,,survive,
movielens.movielens__movies,B,AB2,absence,corpus:movielens.movielens__movies:cap2000,-,NOT_APPLICABLE,,58682cd0c8142b5e,,,IR_sentinel:movielens.movielens__movies:AB2,,inferred_key,,,reject,
movies_4.movies4__movies,B,GC1,grain_cardinality,corpus:movies_4.movies4__movies:cap2000,default,applicable,admissible,2d6015b2e114d1a6,d97117eb377604c7,rejected,SDL_rowdup:movies_4.movies4__movies:GC1,rejected,inferred_key,,,survive,
movies_4.movies4__movies,B,GC1,grain_cardinality,corpus:movies_4.movies4__movies:cap2000,verified,applicable,admissible,2d6015b2e114d1a6,d97117eb377604c7,SURVIVED,SDL_rowdup:movies_4.movies4__movies:GC1,SURVIVED,inferred_key,,,survive,True
movies_4.movies4__movies,B,PP1,population_predicates,corpus:movies_4.movies4__movies:cap2000,default,applicable,admissible,2d6015b2e114d1a6,3caf57f21c2deee2,rejected,SDL_rowdrop:movies_4.movies4__movies:PP1,rejected,inferred_key,,,survive,
movies_4.movies4__movies,B,PP1,population_predicates,corpus:movies_4.movies4__movies:cap2000,verified,applicable,admissible,2d6015b2e114d1a6,3caf57f21c2deee2,SURVIVED,SDL_rowdrop:movies_4.movies4__movies:PP1,SURVIVED,inferred_key,,,survive,True
movies_4.movies4__movies,B,RV1,representative_value,corpus:movies_4.movies4__movies:cap2000,-,NOT_APPLICABLE,,2d6015b2e114d1a6,,,SDL_rowdrop:movies_4.movies4__movies:RV1,,inferred_key,,,survive,
movies_4.movies4__movies,B,ME3,measures,corpus:movies_4.movies4__movies:cap2000,-,NOT_APPLICABLE,,2d6015b2e114d1a6,,,AOR_scale:movies_4.movies4__movies:ME3,,inferred_key,,,survive,
movies_4.movies4__movies,B,AB1,absence,corpus:movies_4.movies4__movies:cap2000,default,applicable,admissible,2d6015b2e114d1a6,b6c76455c1aa72b3,rejected,IR_constfill:movies_4.movies4__movies:AB1,rejected,inferred_key,,,survive,
movies_4.movies4__movies,B,AB1,absence,corpus:movies_4.movies4__movies:cap2000,verified,applicable,admissible,2d6015b2e114d1a6,b6c76455c1aa72b3,SURVIVED,IR_constfill:movies_4.movies4__movies:AB1,rejected,inferred_key,,,survive,True
movies_4.movies4__movies,B,AB1R,absence,corpus:movies_4.movies4__movies:cap2000,default,applicable,admissible,2d6015b2e114d1a6,1070b52914ddc74e,rejected,IR_constzero:movies_4.movies4__movies:AB1R,rejected,inferred_key,,,survive,
movies_4.movies4__movies,B,AB1R,absence,corpus:movies_4.movies4__movies:cap2000,verified,applicable,admissible,2d6015b2e114d1a6,1070b52914ddc74e,SURVIVED,IR_constzero:movies_4.movies4__movies:AB1R,rejected,inferred_key,,,survive,True
movies_4.movies4__movies,B,AB2,absence,corpus:movies_4.movies4__movies:cap2000,default,applicable,admissible,2d6015b2e114d1a6,34e83c94facc56d2,SURVIVED,IR_sentinel:movies_4.movies4__movies:AB2,rejected,inferred_key,,,reject,
movies_4.movies4__movies,B,AB2,absence,corpus:movies_4.movies4__movies:cap2000,verified,applicable,admissible,2d6015b2e114d1a6,34e83c94facc56d2,SURVIVED,IR_sentinel:movies_4.movies4__movies:AB2,rejected,inferred_key,,,reject,False
movies_4.movies4__person,B,GC1,grain_cardinality,corpus:movies_4.movies4__person:cap2000,default,applicable,admissible,0ec953f5635c7b0c,9e9a490998093604,rejected,SDL_rowdup:movies_4.movies4__person:GC1,rejected,inferred_key,,,survive,
movies_4.movies4__person,B,GC1,grain_cardinality,corpus:movies_4.movies4__person:cap2000,verified,applicable,admissible,0ec953f5635c7b0c,9e9a490998093604,SURVIVED,SDL_rowdup:movies_4.movies4__person:GC1,SURVIVED,inferred_key,,,survive,True
movies_4.movies4__person,B,PP1,population_predicates,corpus:movies_4.movies4__person:cap2000,default,applicable,admissible,0ec953f5635c7b0c,f81c4830a4dd9887,rejected,SDL_rowdrop:movies_4.movies4__person:PP1,rejected,inferred_key,,,survive,
movies_4.movies4__person,B,PP1,population_predicates,corpus:movies_4.movies4__person:cap2000,verified,applicable,admissible,0ec953f5635c7b0c,f81c4830a4dd9887,SURVIVED,SDL_rowdrop:movies_4.movies4__person:PP1,SURVIVED,inferred_key,,,survive,True
movies_4.movies4__person,B,RV1,representative_value,corpus:movies_4.movies4__person:cap2000,-,NOT_APPLICABLE,,0ec953f5635c7b0c,,,SDL_rowdrop:movies_4.movies4__person:RV1,,inferred_key,,,survive,
movies_4.movies4__person,B,ME3,measures,corpus:movies_4.movies4__person:cap2000,-,NOT_APPLICABLE,,0ec953f5635c7b0c,,,AOR_scale:movies_4.movies4__person:ME3,,inferred_key,,,survive,
movies_4.movies4__person,B,AB1,absence,corpus:movies_4.movies4__person:cap2000,-,NOT_APPLICABLE,,0ec953f5635c7b0c,,,IR_constfill:movies_4.movies4__person:AB1,,inferred_key,,,survive,
movies_4.movies4__person,B,AB1R,absence,corpus:movies_4.movies4__person:cap2000,-,NOT_APPLICABLE,,0ec953f5635c7b0c,,,IR_constzero:movies_4.movies4__person:AB1R,,inferred_key,,,survive,
movies_4.movies4__person,B,AB2,absence,corpus:movies_4.movies4__person:cap2000,default,applicable,admissible,0ec953f5635c7b0c,d117c7ba64e65588,SURVIVED,IR_sentinel:movies_4.movies4__person:AB2,rejected,inferred_key,,,reject,
movies_4.movies4__person,B,AB2,absence,corpus:movies_4.movies4__person:cap2000,verified,applicable,admissible,0ec953f5635c7b0c,d117c7ba64e65588,SURVIVED,IR_sentinel:movies_4.movies4__person:AB2,rejected,inferred_key,,,reject,False
movies_4.movies4__production_company,B,GC1,grain_cardinality,corpus:movies_4.movies4__production_company:cap2000,default,applicable,admissible,6f891ed8da8c0e01,18e3f2a4c3fc3fc6,rejected,SDL_rowdup:movies_4.movies4__production_company:GC1,rejected,inferred_key,,,survive,
movies_4.movies4__production_company,B,GC1,grain_cardinality,corpus:movies_4.movies4__production_company:cap2000,verified,applicable,admissible,6f891ed8da8c0e01,18e3f2a4c3fc3fc6,SURVIVED,SDL_rowdup:movies_4.movies4__production_company:GC1,SURVIVED,inferred_key,,,survive,True
movies_4.movies4__production_company,B,PP1,population_predicates,corpus:movies_4.movies4__production_company:cap2000,default,applicable,admissible,6f891ed8da8c0e01,ed5e8f25ef92e2a4,rejected,SDL_rowdrop:movies_4.movies4__production_company:PP1,rejected,inferred_key,,,survive,
movies_4.movies4__production_company,B,PP1,population_predicates,corpus:movies_4.movies4__production_company:cap2000,verified,applicable,admissible,6f891ed8da8c0e01,ed5e8f25ef92e2a4,SURVIVED,SDL_rowdrop:movies_4.movies4__production_company:PP1,SURVIVED,inferred_key,,,survive,True
movies_4.movies4__production_company,B,RV1,representative_value,corpus:movies_4.movies4__production_company:cap2000,-,NOT_APPLICABLE,,6f891ed8da8c0e01,,,SDL_rowdrop:movies_4.movies4__production_company:RV1,,inferred_key,,,survive,
movies_4.movies4__production_company,B,ME3,measures,corpus:movies_4.movies4__production_company:cap2000,-,NOT_APPLICABLE,,6f891ed8da8c0e01,,,AOR_scale:movies_4.movies4__production_company:ME3,,inferred_key,,,survive,
movies_4.movies4__production_company,B,AB1,absence,corpus:movies_4.movies4__production_company:cap2000,-,NOT_APPLICABLE,,6f891ed8da8c0e01,,,IR_constfill:movies_4.movies4__production_company:AB1,,inferred_key,,,survive,
movies_4.movies4__production_company,B,AB1R,absence,corpus:movies_4.movies4__production_company:cap2000,-,NOT_APPLICABLE,,6f891ed8da8c0e01,,,IR_constzero:movies_4.movies4__production_company:AB1R,,inferred_key,,,survive,
movies_4.movies4__production_company,B,AB2,absence,corpus:movies_4.movies4__production_company:cap2000,default,applicable,admissible,6f891ed8da8c0e01,d4318eb6d382b859,SURVIVED,IR_sentinel:movies_4.movies4__production_company:AB2,rejected,inferred_key,,,reject,
movies_4.movies4__production_company,B,AB2,absence,corpus:movies_4.movies4__production_company:cap2000,verified,applicable,admissible,6f891ed8da8c0e01,d4318eb6d382b859,SURVIVED,IR_sentinel:movies_4.movies4__production_company:AB2,rejected,inferred_key,,,reject,False
music_platform_2.music_platform__categories,B,GC1,grain_cardinality,corpus:music_platform_2.music_platform__categories:cap2000,default,applicable,admissible,a7e858da8ef00bf3,ba79789d7121dbb6,rejected,SDL_rowdup:music_platform_2.music_platform__categories:GC1,rejected,all_column_fallback,,,survive,
music_platform_2.music_platform__categories,B,GC1,grain_cardinality,corpus:music_platform_2.music_platform__categories:cap2000,verified,applicable,admissible,a7e858da8ef00bf3,ba79789d7121dbb6,SURVIVED,SDL_rowdup:music_platform_2.music_platform__categories:GC1,SURVIVED,all_column_fallback,,,survive,True
music_platform_2.music_platform__categories,B,PP1,population_predicates,corpus:music_platform_2.music_platform__categories:cap2000,default,applicable,admissible,a7e858da8ef00bf3,bfa0504bf9ec94b8,rejected,SDL_rowdrop:music_platform_2.music_platform__categories:PP1,rejected,all_column_fallback,,,survive,
music_platform_2.music_platform__categories,B,PP1,population_predicates,corpus:music_platform_2.music_platform__categories:cap2000,verified,applicable,admissible,a7e858da8ef00bf3,bfa0504bf9ec94b8,SURVIVED,SDL_rowdrop:music_platform_2.music_platform__categories:PP1,SURVIVED,all_column_fallback,,,survive,True
music_platform_2.music_platform__categories,B,RV1,representative_value,corpus:music_platform_2.music_platform__categories:cap2000,-,NOT_APPLICABLE,,a7e858da8ef00bf3,,,SDL_rowdrop:music_platform_2.music_platform__categories:RV1,,all_column_fallback,,,survive,
music_platform_2.music_platform__categories,B,ME3,measures,corpus:music_platform_2.music_platform__categories:cap2000,-,NOT_APPLICABLE,,a7e858da8ef00bf3,,,AOR_scale:music_platform_2.music_platform__categories:ME3,,all_column_fallback,,,survive,
music_platform_2.music_platform__categories,B,AB1,absence,corpus:music_platform_2.music_platform__categories:cap2000,-,NOT_APPLICABLE,,a7e858da8ef00bf3,,,IR_constfill:music_platform_2.music_platform__categories:AB1,,all_column_fallback,,,survive,
music_platform_2.music_platform__categories,B,AB1R,absence,corpus:music_platform_2.music_platform__categories:cap2000,-,NOT_APPLICABLE,,a7e858da8ef00bf3,,,IR_constzero:music_platform_2.music_platform__categories:AB1R,,all_column_fallback,,,survive,
music_platform_2.music_platform__categories,B,AB2,absence,corpus:music_platform_2.music_platform__categories:cap2000,-,NOT_APPLICABLE,,a7e858da8ef00bf3,,,IR_sentinel:music_platform_2.music_platform__categories:AB2,,all_column_fallback,,,reject,
music_tracker.music_tracker__tags,B,GC1,grain_cardinality,corpus:music_tracker.music_tracker__tags:cap2000,default,applicable,admissible,f70ff9e156facca6,9034b97166e3bc67,rejected,SDL_rowdup:music_tracker.music_tracker__tags:GC1,rejected,all_column_fallback,,,survive,
music_tracker.music_tracker__tags,B,GC1,grain_cardinality,corpus:music_tracker.music_tracker__tags:cap2000,verified,applicable,admissible,f70ff9e156facca6,9034b97166e3bc67,SURVIVED,SDL_rowdup:music_tracker.music_tracker__tags:GC1,SURVIVED,all_column_fallback,,,survive,True
music_tracker.music_tracker__tags,B,PP1,population_predicates,corpus:music_tracker.music_tracker__tags:cap2000,default,applicable,admissible,f70ff9e156facca6,70658ed82f5e81f6,rejected,SDL_rowdrop:music_tracker.music_tracker__tags:PP1,rejected,all_column_fallback,,,survive,
music_tracker.music_tracker__tags,B,PP1,population_predicates,corpus:music_tracker.music_tracker__tags:cap2000,verified,applicable,admissible,f70ff9e156facca6,70658ed82f5e81f6,SURVIVED,SDL_rowdrop:music_tracker.music_tracker__tags:PP1,rejected,all_column_fallback,,,survive,True
music_tracker.music_tracker__tags,B,RV1,representative_value,corpus:music_tracker.music_tracker__tags:cap2000,-,NOT_APPLICABLE,,f70ff9e156facca6,,,SDL_rowdrop:music_tracker.music_tracker__tags:RV1,,all_column_fallback,,,survive,
music_tracker.music_tracker__tags,B,ME3,measures,corpus:music_tracker.music_tracker__tags:cap2000,-,NOT_APPLICABLE,,f70ff9e156facca6,,,AOR_scale:music_tracker.music_tracker__tags:ME3,,all_column_fallback,,,survive,
music_tracker.music_tracker__tags,B,AB1,absence,corpus:music_tracker.music_tracker__tags:cap2000,-,NOT_APPLICABLE,,f70ff9e156facca6,,,IR_constfill:music_tracker.music_tracker__tags:AB1,,all_column_fallback,,,survive,
music_tracker.music_tracker__tags,B,AB1R,absence,corpus:music_tracker.music_tracker__tags:cap2000,-,NOT_APPLICABLE,,f70ff9e156facca6,,,IR_constzero:music_tracker.music_tracker__tags:AB1R,,all_column_fallback,,,survive,
music_tracker.music_tracker__tags,B,AB2,absence,corpus:music_tracker.music_tracker__tags:cap2000,default,applicable,admissible,f70ff9e156facca6,3880c3facd2e5fdd,SURVIVED,IR_sentinel:music_tracker.music_tracker__tags:AB2,rejected,all_column_fallback,,,reject,
music_tracker.music_tracker__tags,B,AB2,absence,corpus:music_tracker.music_tracker__tags:cap2000,verified,applicable,admissible,f70ff9e156facca6,3880c3facd2e5fdd,SURVIVED,IR_sentinel:music_tracker.music_tracker__tags:AB2,rejected,all_column_fallback,,,reject,False
pardot.pardot__campaigns,B,GC1,grain_cardinality,corpus:pardot.pardot__campaigns:cap2000,default,applicable,admissible,73af67ec9f32adde,67a3b9bd0105ef4b,rejected,SDL_rowdup:pardot.pardot__campaigns:GC1,rejected,inferred_key,,,survive,
pardot.pardot__campaigns,B,GC1,grain_cardinality,corpus:pardot.pardot__campaigns:cap2000,verified,applicable,admissible,73af67ec9f32adde,67a3b9bd0105ef4b,SURVIVED,SDL_rowdup:pardot.pardot__campaigns:GC1,SURVIVED,inferred_key,,,survive,True
pardot.pardot__campaigns,B,PP1,population_predicates,corpus:pardot.pardot__campaigns:cap2000,default,applicable,admissible,73af67ec9f32adde,72b1fb6ba91ee103,rejected,SDL_rowdrop:pardot.pardot__campaigns:PP1,rejected,inferred_key,,,survive,
pardot.pardot__campaigns,B,PP1,population_predicates,corpus:pardot.pardot__campaigns:cap2000,verified,applicable,admissible,73af67ec9f32adde,72b1fb6ba91ee103,SURVIVED,SDL_rowdrop:pardot.pardot__campaigns:PP1,SURVIVED,inferred_key,,,survive,True
pardot.pardot__campaigns,B,RV1,representative_value,corpus:pardot.pardot__campaigns:cap2000,-,NOT_APPLICABLE,,73af67ec9f32adde,,,SDL_rowdrop:pardot.pardot__campaigns:RV1,,inferred_key,,,survive,
pardot.pardot__campaigns,B,ME3,measures,corpus:pardot.pardot__campaigns:cap2000,-,NOT_APPLICABLE,,73af67ec9f32adde,,,AOR_scale:pardot.pardot__campaigns:ME3,,inferred_key,,,survive,
pardot.pardot__campaigns,B,AB1,absence,corpus:pardot.pardot__campaigns:cap2000,-,NOT_APPLICABLE,,73af67ec9f32adde,,,IR_constfill:pardot.pardot__campaigns:AB1,,inferred_key,,,survive,
pardot.pardot__campaigns,B,AB1R,absence,corpus:pardot.pardot__campaigns:cap2000,-,NOT_APPLICABLE,,73af67ec9f32adde,,,IR_constzero:pardot.pardot__campaigns:AB1R,,inferred_key,,,survive,
pardot.pardot__campaigns,B,AB2,absence,corpus:pardot.pardot__campaigns:cap2000,-,NOT_APPLICABLE,,73af67ec9f32adde,,,IR_sentinel:pardot.pardot__campaigns:AB2,,inferred_key,,,reject,
pardot.pardot__lists,B,GC1,grain_cardinality,corpus:pardot.pardot__lists:cap2000,default,applicable,admissible,8d0ba26625ea61b1,ee54a5166080871a,rejected,SDL_rowdup:pardot.pardot__lists:GC1,rejected,inferred_key,,,survive,
pardot.pardot__lists,B,GC1,grain_cardinality,corpus:pardot.pardot__lists:cap2000,verified,applicable,admissible,8d0ba26625ea61b1,ee54a5166080871a,SURVIVED,SDL_rowdup:pardot.pardot__lists:GC1,SURVIVED,inferred_key,,,survive,True
pardot.pardot__lists,B,PP1,population_predicates,corpus:pardot.pardot__lists:cap2000,default,applicable,admissible,8d0ba26625ea61b1,2e79425c840cc011,rejected,SDL_rowdrop:pardot.pardot__lists:PP1,rejected,inferred_key,,,survive,
pardot.pardot__lists,B,PP1,population_predicates,corpus:pardot.pardot__lists:cap2000,verified,applicable,admissible,8d0ba26625ea61b1,2e79425c840cc011,SURVIVED,SDL_rowdrop:pardot.pardot__lists:PP1,SURVIVED,inferred_key,,,survive,True
pardot.pardot__lists,B,RV1,representative_value,corpus:pardot.pardot__lists:cap2000,-,NOT_APPLICABLE,,8d0ba26625ea61b1,,,SDL_rowdrop:pardot.pardot__lists:RV1,,inferred_key,,,survive,
pardot.pardot__lists,B,ME3,measures,corpus:pardot.pardot__lists:cap2000,-,NOT_APPLICABLE,,8d0ba26625ea61b1,,,AOR_scale:pardot.pardot__lists:ME3,,inferred_key,,,survive,
pardot.pardot__lists,B,AB1,absence,corpus:pardot.pardot__lists:cap2000,-,NOT_APPLICABLE,,8d0ba26625ea61b1,,,IR_constfill:pardot.pardot__lists:AB1,,inferred_key,,,survive,
pardot.pardot__lists,B,AB1R,absence,corpus:pardot.pardot__lists:cap2000,-,NOT_APPLICABLE,,8d0ba26625ea61b1,,,IR_constzero:pardot.pardot__lists:AB1R,,inferred_key,,,survive,
pardot.pardot__lists,B,AB2,absence,corpus:pardot.pardot__lists:cap2000,default,applicable,admissible,8d0ba26625ea61b1,9122283560f6edbf,SURVIVED,IR_sentinel:pardot.pardot__lists:AB2,rejected,inferred_key,,,reject,
pardot.pardot__lists,B,AB2,absence,corpus:pardot.pardot__lists:cap2000,verified,applicable,admissible,8d0ba26625ea61b1,9122283560f6edbf,SURVIVED,IR_sentinel:pardot.pardot__lists:AB2,rejected,inferred_key,,,reject,False
pardot.pardot__opportunities,B,GC1,grain_cardinality,corpus:pardot.pardot__opportunities:cap2000,default,applicable,admissible,4f0efb28909bb297,52032e0b7a52d8ef,rejected,SDL_rowdup:pardot.pardot__opportunities:GC1,rejected,inferred_key,,,survive,
pardot.pardot__opportunities,B,GC1,grain_cardinality,corpus:pardot.pardot__opportunities:cap2000,verified,applicable,admissible,4f0efb28909bb297,52032e0b7a52d8ef,SURVIVED,SDL_rowdup:pardot.pardot__opportunities:GC1,SURVIVED,inferred_key,,,survive,True
pardot.pardot__opportunities,B,PP1,population_predicates,corpus:pardot.pardot__opportunities:cap2000,default,applicable,admissible,4f0efb28909bb297,ed81580983ef0b2d,rejected,SDL_rowdrop:pardot.pardot__opportunities:PP1,rejected,inferred_key,,,survive,
pardot.pardot__opportunities,B,PP1,population_predicates,corpus:pardot.pardot__opportunities:cap2000,verified,applicable,admissible,4f0efb28909bb297,ed81580983ef0b2d,SURVIVED,SDL_rowdrop:pardot.pardot__opportunities:PP1,SURVIVED,inferred_key,,,survive,True
pardot.pardot__opportunities,B,RV1,representative_value,corpus:pardot.pardot__opportunities:cap2000,-,NOT_APPLICABLE,,4f0efb28909bb297,,,SDL_rowdrop:pardot.pardot__opportunities:RV1,,inferred_key,,,survive,
pardot.pardot__opportunities,B,ME3,measures,corpus:pardot.pardot__opportunities:cap2000,-,NOT_APPLICABLE,,4f0efb28909bb297,,,AOR_scale:pardot.pardot__opportunities:ME3,,inferred_key,,,survive,
pardot.pardot__opportunities,B,AB1,absence,corpus:pardot.pardot__opportunities:cap2000,-,NOT_APPLICABLE,,4f0efb28909bb297,,,IR_constfill:pardot.pardot__opportunities:AB1,,inferred_key,,,survive,
pardot.pardot__opportunities,B,AB1R,absence,corpus:pardot.pardot__opportunities:cap2000,-,NOT_APPLICABLE,,4f0efb28909bb297,,,IR_constzero:pardot.pardot__opportunities:AB1R,,inferred_key,,,survive,
pardot.pardot__opportunities,B,AB2,absence,corpus:pardot.pardot__opportunities:cap2000,-,NOT_APPLICABLE,,4f0efb28909bb297,,,IR_sentinel:pardot.pardot__opportunities:AB2,,inferred_key,,,reject,
pardot.pardot__prospects,B,GC1,grain_cardinality,corpus:pardot.pardot__prospects:cap2000,default,applicable,admissible,595d0ca00801995d,41b94ba54fbd3e94,rejected,SDL_rowdup:pardot.pardot__prospects:GC1,rejected,inferred_key,,,survive,
pardot.pardot__prospects,B,GC1,grain_cardinality,corpus:pardot.pardot__prospects:cap2000,verified,applicable,admissible,595d0ca00801995d,41b94ba54fbd3e94,SURVIVED,SDL_rowdup:pardot.pardot__prospects:GC1,SURVIVED,inferred_key,,,survive,True
pardot.pardot__prospects,B,PP1,population_predicates,corpus:pardot.pardot__prospects:cap2000,default,applicable,admissible,595d0ca00801995d,9aaac695d1555fd9,rejected,SDL_rowdrop:pardot.pardot__prospects:PP1,rejected,inferred_key,,,survive,
pardot.pardot__prospects,B,PP1,population_predicates,corpus:pardot.pardot__prospects:cap2000,verified,applicable,admissible,595d0ca00801995d,9aaac695d1555fd9,SURVIVED,SDL_rowdrop:pardot.pardot__prospects:PP1,SURVIVED,inferred_key,,,survive,True
pardot.pardot__prospects,B,RV1,representative_value,corpus:pardot.pardot__prospects:cap2000,-,NOT_APPLICABLE,,595d0ca00801995d,,,SDL_rowdrop:pardot.pardot__prospects:RV1,,inferred_key,,,survive,
pardot.pardot__prospects,B,ME3,measures,corpus:pardot.pardot__prospects:cap2000,-,NOT_APPLICABLE,,595d0ca00801995d,,,AOR_scale:pardot.pardot__prospects:ME3,,inferred_key,,,survive,
pardot.pardot__prospects,B,AB1,absence,corpus:pardot.pardot__prospects:cap2000,-,NOT_APPLICABLE,,595d0ca00801995d,,,IR_constfill:pardot.pardot__prospects:AB1,,inferred_key,,,survive,
pardot.pardot__prospects,B,AB1R,absence,corpus:pardot.pardot__prospects:cap2000,-,NOT_APPLICABLE,,595d0ca00801995d,,,IR_constzero:pardot.pardot__prospects:AB1R,,inferred_key,,,survive,
pardot.pardot__prospects,B,AB2,absence,corpus:pardot.pardot__prospects:cap2000,default,applicable,admissible,595d0ca00801995d,b90578d579cff3ec,SURVIVED,IR_sentinel:pardot.pardot__prospects:AB2,rejected,inferred_key,,,reject,
pardot.pardot__prospects,B,AB2,absence,corpus:pardot.pardot__prospects:cap2000,verified,applicable,admissible,595d0ca00801995d,b90578d579cff3ec,SURVIVED,IR_sentinel:pardot.pardot__prospects:AB2,rejected,inferred_key,,,reject,False
pinterest.pinterest_ads__ad_group_report,B,GC1,grain_cardinality,corpus:pinterest.pinterest_ads__ad_group_report:cap2000,default,applicable,admissible,7facaaff68410be9,5f56ad1829ba4ccf,rejected,SDL_rowdup:pinterest.pinterest_ads__ad_group_report:GC1,rejected,all_column_fallback,,,survive,
pinterest.pinterest_ads__ad_group_report,B,GC1,grain_cardinality,corpus:pinterest.pinterest_ads__ad_group_report:cap2000,verified,applicable,admissible,7facaaff68410be9,5f56ad1829ba4ccf,SURVIVED,SDL_rowdup:pinterest.pinterest_ads__ad_group_report:GC1,SURVIVED,all_column_fallback,,,survive,True
pinterest.pinterest_ads__ad_group_report,B,PP1,population_predicates,corpus:pinterest.pinterest_ads__ad_group_report:cap2000,default,applicable,admissible,7facaaff68410be9,38e91e0e81414049,rejected,SDL_rowdrop:pinterest.pinterest_ads__ad_group_report:PP1,rejected,all_column_fallback,,,survive,
pinterest.pinterest_ads__ad_group_report,B,PP1,population_predicates,corpus:pinterest.pinterest_ads__ad_group_report:cap2000,verified,applicable,admissible,7facaaff68410be9,38e91e0e81414049,SURVIVED,SDL_rowdrop:pinterest.pinterest_ads__ad_group_report:PP1,SURVIVED,all_column_fallback,,,survive,True
pinterest.pinterest_ads__ad_group_report,B,RV1,representative_value,corpus:pinterest.pinterest_ads__ad_group_report:cap2000,-,NOT_APPLICABLE,,7facaaff68410be9,,,SDL_rowdrop:pinterest.pinterest_ads__ad_group_report:RV1,,all_column_fallback,,,survive,
pinterest.pinterest_ads__ad_group_report,B,ME3,measures,corpus:pinterest.pinterest_ads__ad_group_report:cap2000,-,NOT_APPLICABLE,,7facaaff68410be9,,,AOR_scale:pinterest.pinterest_ads__ad_group_report:ME3,,all_column_fallback,,,survive,
pinterest.pinterest_ads__ad_group_report,B,AB1,absence,corpus:pinterest.pinterest_ads__ad_group_report:cap2000,-,NOT_APPLICABLE,,7facaaff68410be9,,,IR_constfill:pinterest.pinterest_ads__ad_group_report:AB1,,all_column_fallback,,,survive,
pinterest.pinterest_ads__ad_group_report,B,AB1R,absence,corpus:pinterest.pinterest_ads__ad_group_report:cap2000,-,NOT_APPLICABLE,,7facaaff68410be9,,,IR_constzero:pinterest.pinterest_ads__ad_group_report:AB1R,,all_column_fallback,,,survive,
pinterest.pinterest_ads__ad_group_report,B,AB2,absence,corpus:pinterest.pinterest_ads__ad_group_report:cap2000,default,applicable,admissible,7facaaff68410be9,e13879878a83f74b,SURVIVED,IR_sentinel:pinterest.pinterest_ads__ad_group_report:AB2,rejected,all_column_fallback,,,reject,
pinterest.pinterest_ads__ad_group_report,B,AB2,absence,corpus:pinterest.pinterest_ads__ad_group_report:cap2000,verified,applicable,admissible,7facaaff68410be9,e13879878a83f74b,SURVIVED,IR_sentinel:pinterest.pinterest_ads__ad_group_report:AB2,rejected,all_column_fallback,,,reject,False
pinterest.pinterest_ads__advertiser_report,B,GC1,grain_cardinality,corpus:pinterest.pinterest_ads__advertiser_report:cap2000,default,applicable,admissible,0de6b3b0e04ebe48,ac2d0f1433eff2c2,rejected,SDL_rowdup:pinterest.pinterest_ads__advertiser_report:GC1,rejected,all_column_fallback,,,survive,
pinterest.pinterest_ads__advertiser_report,B,GC1,grain_cardinality,corpus:pinterest.pinterest_ads__advertiser_report:cap2000,verified,applicable,admissible,0de6b3b0e04ebe48,ac2d0f1433eff2c2,SURVIVED,SDL_rowdup:pinterest.pinterest_ads__advertiser_report:GC1,SURVIVED,all_column_fallback,,,survive,True
pinterest.pinterest_ads__advertiser_report,B,PP1,population_predicates,corpus:pinterest.pinterest_ads__advertiser_report:cap2000,default,applicable,admissible,0de6b3b0e04ebe48,a13c1fe356f8e50c,rejected,SDL_rowdrop:pinterest.pinterest_ads__advertiser_report:PP1,rejected,all_column_fallback,,,survive,
pinterest.pinterest_ads__advertiser_report,B,PP1,population_predicates,corpus:pinterest.pinterest_ads__advertiser_report:cap2000,verified,applicable,admissible,0de6b3b0e04ebe48,a13c1fe356f8e50c,SURVIVED,SDL_rowdrop:pinterest.pinterest_ads__advertiser_report:PP1,SURVIVED,all_column_fallback,,,survive,True
pinterest.pinterest_ads__advertiser_report,B,RV1,representative_value,corpus:pinterest.pinterest_ads__advertiser_report:cap2000,-,NOT_APPLICABLE,,0de6b3b0e04ebe48,,,SDL_rowdrop:pinterest.pinterest_ads__advertiser_report:RV1,,all_column_fallback,,,survive,
pinterest.pinterest_ads__advertiser_report,B,ME3,measures,corpus:pinterest.pinterest_ads__advertiser_report:cap2000,-,NOT_APPLICABLE,,0de6b3b0e04ebe48,,,AOR_scale:pinterest.pinterest_ads__advertiser_report:ME3,,all_column_fallback,,,survive,
pinterest.pinterest_ads__advertiser_report,B,AB1,absence,corpus:pinterest.pinterest_ads__advertiser_report:cap2000,-,NOT_APPLICABLE,,0de6b3b0e04ebe48,,,IR_constfill:pinterest.pinterest_ads__advertiser_report:AB1,,all_column_fallback,,,survive,
pinterest.pinterest_ads__advertiser_report,B,AB1R,absence,corpus:pinterest.pinterest_ads__advertiser_report:cap2000,-,NOT_APPLICABLE,,0de6b3b0e04ebe48,,,IR_constzero:pinterest.pinterest_ads__advertiser_report:AB1R,,all_column_fallback,,,survive,
pinterest.pinterest_ads__advertiser_report,B,AB2,absence,corpus:pinterest.pinterest_ads__advertiser_report:cap2000,-,NOT_APPLICABLE,,0de6b3b0e04ebe48,,,IR_sentinel:pinterest.pinterest_ads__advertiser_report:AB2,,all_column_fallback,,,reject,
pinterest.pinterest_ads__campaign_report,B,GC1,grain_cardinality,corpus:pinterest.pinterest_ads__campaign_report:cap2000,default,applicable,admissible,7cd24a403c6c24e6,d6d96f6e1825c892,rejected,SDL_rowdup:pinterest.pinterest_ads__campaign_report:GC1,rejected,all_column_fallback,,,survive,
pinterest.pinterest_ads__campaign_report,B,GC1,grain_cardinality,corpus:pinterest.pinterest_ads__campaign_report:cap2000,verified,applicable,admissible,7cd24a403c6c24e6,d6d96f6e1825c892,SURVIVED,SDL_rowdup:pinterest.pinterest_ads__campaign_report:GC1,SURVIVED,all_column_fallback,,,survive,True
pinterest.pinterest_ads__campaign_report,B,PP1,population_predicates,corpus:pinterest.pinterest_ads__campaign_report:cap2000,default,applicable,admissible,7cd24a403c6c24e6,8927fda9c983d24b,rejected,SDL_rowdrop:pinterest.pinterest_ads__campaign_report:PP1,rejected,all_column_fallback,,,survive,
pinterest.pinterest_ads__campaign_report,B,PP1,population_predicates,corpus:pinterest.pinterest_ads__campaign_report:cap2000,verified,applicable,admissible,7cd24a403c6c24e6,8927fda9c983d24b,SURVIVED,SDL_rowdrop:pinterest.pinterest_ads__campaign_report:PP1,SURVIVED,all_column_fallback,,,survive,True
pinterest.pinterest_ads__campaign_report,B,RV1,representative_value,corpus:pinterest.pinterest_ads__campaign_report:cap2000,-,NOT_APPLICABLE,,7cd24a403c6c24e6,,,SDL_rowdrop:pinterest.pinterest_ads__campaign_report:RV1,,all_column_fallback,,,survive,
pinterest.pinterest_ads__campaign_report,B,ME3,measures,corpus:pinterest.pinterest_ads__campaign_report:cap2000,-,NOT_APPLICABLE,,7cd24a403c6c24e6,,,AOR_scale:pinterest.pinterest_ads__campaign_report:ME3,,all_column_fallback,,,survive,
pinterest.pinterest_ads__campaign_report,B,AB1,absence,corpus:pinterest.pinterest_ads__campaign_report:cap2000,-,NOT_APPLICABLE,,7cd24a403c6c24e6,,,IR_constfill:pinterest.pinterest_ads__campaign_report:AB1,,all_column_fallback,,,survive,
pinterest.pinterest_ads__campaign_report,B,AB1R,absence,corpus:pinterest.pinterest_ads__campaign_report:cap2000,-,NOT_APPLICABLE,,7cd24a403c6c24e6,,,IR_constzero:pinterest.pinterest_ads__campaign_report:AB1R,,all_column_fallback,,,survive,
pinterest.pinterest_ads__campaign_report,B,AB2,absence,corpus:pinterest.pinterest_ads__campaign_report:cap2000,-,NOT_APPLICABLE,,7cd24a403c6c24e6,,,IR_sentinel:pinterest.pinterest_ads__campaign_report:AB2,,all_column_fallback,,,reject,
pinterest.pinterest_ads__keyword_report,B,GC1,grain_cardinality,corpus:pinterest.pinterest_ads__keyword_report:cap2000,default,applicable,admissible,b81ab42557f073d6,7625c75aca70fa50,rejected,SDL_rowdup:pinterest.pinterest_ads__keyword_report:GC1,rejected,inferred_key,,,survive,
pinterest.pinterest_ads__keyword_report,B,GC1,grain_cardinality,corpus:pinterest.pinterest_ads__keyword_report:cap2000,verified,applicable,admissible,b81ab42557f073d6,7625c75aca70fa50,SURVIVED,SDL_rowdup:pinterest.pinterest_ads__keyword_report:GC1,SURVIVED,inferred_key,,,survive,True
pinterest.pinterest_ads__keyword_report,B,PP1,population_predicates,corpus:pinterest.pinterest_ads__keyword_report:cap2000,default,applicable,admissible,b81ab42557f073d6,bc0799b323eac798,rejected,SDL_rowdrop:pinterest.pinterest_ads__keyword_report:PP1,rejected,inferred_key,,,survive,
pinterest.pinterest_ads__keyword_report,B,PP1,population_predicates,corpus:pinterest.pinterest_ads__keyword_report:cap2000,verified,applicable,admissible,b81ab42557f073d6,bc0799b323eac798,rejected,SDL_rowdrop:pinterest.pinterest_ads__keyword_report:PP1,rejected,inferred_key,,,survive,False
pinterest.pinterest_ads__keyword_report,B,RV1,representative_value,corpus:pinterest.pinterest_ads__keyword_report:cap2000,-,NOT_APPLICABLE,,b81ab42557f073d6,,,SDL_rowdrop:pinterest.pinterest_ads__keyword_report:RV1,,inferred_key,,,survive,
pinterest.pinterest_ads__keyword_report,B,ME3,measures,corpus:pinterest.pinterest_ads__keyword_report:cap2000,-,NOT_APPLICABLE,,b81ab42557f073d6,,,AOR_scale:pinterest.pinterest_ads__keyword_report:ME3,,inferred_key,,,survive,
pinterest.pinterest_ads__keyword_report,B,AB1,absence,corpus:pinterest.pinterest_ads__keyword_report:cap2000,-,NOT_APPLICABLE,,b81ab42557f073d6,,,IR_constfill:pinterest.pinterest_ads__keyword_report:AB1,,inferred_key,,,survive,
pinterest.pinterest_ads__keyword_report,B,AB1R,absence,corpus:pinterest.pinterest_ads__keyword_report:cap2000,-,NOT_APPLICABLE,,b81ab42557f073d6,,,IR_constzero:pinterest.pinterest_ads__keyword_report:AB1R,,inferred_key,,,survive,
pinterest.pinterest_ads__keyword_report,B,AB2,absence,corpus:pinterest.pinterest_ads__keyword_report:cap2000,-,NOT_APPLICABLE,,b81ab42557f073d6,,,IR_sentinel:pinterest.pinterest_ads__keyword_report:AB2,,inferred_key,,,reject,
public_review_platform.public_review_platform__businesses,B,GC1,grain_cardinality,corpus:public_review_platform.public_review_platform__businesses:cap2000,default,applicable,admissible,7103317b85a39717,e0a8555c7769fa3d,rejected,SDL_rowdup:public_review_platform.public_review_platform__businesses:GC1,rejected,inferred_key,,,survive,
public_review_platform.public_review_platform__businesses,B,GC1,grain_cardinality,corpus:public_review_platform.public_review_platform__businesses:cap2000,verified,applicable,admissible,7103317b85a39717,e0a8555c7769fa3d,SURVIVED,SDL_rowdup:public_review_platform.public_review_platform__businesses:GC1,SURVIVED,inferred_key,,,survive,True
public_review_platform.public_review_platform__businesses,B,PP1,population_predicates,corpus:public_review_platform.public_review_platform__businesses:cap2000,default,applicable,admissible,7103317b85a39717,f3eebe14644458ed,rejected,SDL_rowdrop:public_review_platform.public_review_platform__businesses:PP1,rejected,inferred_key,,,survive,
public_review_platform.public_review_platform__businesses,B,PP1,population_predicates,corpus:public_review_platform.public_review_platform__businesses:cap2000,verified,applicable,admissible,7103317b85a39717,f3eebe14644458ed,SURVIVED,SDL_rowdrop:public_review_platform.public_review_platform__businesses:PP1,SURVIVED,inferred_key,,,survive,True
public_review_platform.public_review_platform__businesses,B,RV1,representative_value,corpus:public_review_platform.public_review_platform__businesses:cap2000,-,NOT_APPLICABLE,,7103317b85a39717,,,SDL_rowdrop:public_review_platform.public_review_platform__businesses:RV1,,inferred_key,,,survive,
public_review_platform.public_review_platform__businesses,B,ME3,measures,corpus:public_review_platform.public_review_platform__businesses:cap2000,-,NOT_APPLICABLE,,7103317b85a39717,,,AOR_scale:public_review_platform.public_review_platform__businesses:ME3,,inferred_key,,,survive,
public_review_platform.public_review_platform__businesses,B,AB1,absence,corpus:public_review_platform.public_review_platform__businesses:cap2000,-,NOT_APPLICABLE,,7103317b85a39717,,,IR_constfill:public_review_platform.public_review_platform__businesses:AB1,,inferred_key,,,survive,
public_review_platform.public_review_platform__businesses,B,AB1R,absence,corpus:public_review_platform.public_review_platform__businesses:cap2000,-,NOT_APPLICABLE,,7103317b85a39717,,,IR_constzero:public_review_platform.public_review_platform__businesses:AB1R,,inferred_key,,,survive,
public_review_platform.public_review_platform__businesses,B,AB2,absence,corpus:public_review_platform.public_review_platform__businesses:cap2000,-,NOT_APPLICABLE,,7103317b85a39717,,,IR_sentinel:public_review_platform.public_review_platform__businesses:AB2,,inferred_key,,,reject,
public_review_platform.public_review_platform__users,B,GC1,grain_cardinality,corpus:public_review_platform.public_review_platform__users:cap2000,default,applicable,admissible,de4ed042a3987303,5b0e30d2f6bddd64,rejected,SDL_rowdup:public_review_platform.public_review_platform__users:GC1,rejected,inferred_key,,,survive,
public_review_platform.public_review_platform__users,B,GC1,grain_cardinality,corpus:public_review_platform.public_review_platform__users:cap2000,verified,applicable,admissible,de4ed042a3987303,5b0e30d2f6bddd64,SURVIVED,SDL_rowdup:public_review_platform.public_review_platform__users:GC1,SURVIVED,inferred_key,,,survive,True
public_review_platform.public_review_platform__users,B,PP1,population_predicates,corpus:public_review_platform.public_review_platform__users:cap2000,default,applicable,admissible,de4ed042a3987303,5b883d5b2385c0dd,rejected,SDL_rowdrop:public_review_platform.public_review_platform__users:PP1,rejected,inferred_key,,,survive,
public_review_platform.public_review_platform__users,B,PP1,population_predicates,corpus:public_review_platform.public_review_platform__users:cap2000,verified,applicable,admissible,de4ed042a3987303,5b883d5b2385c0dd,SURVIVED,SDL_rowdrop:public_review_platform.public_review_platform__users:PP1,SURVIVED,inferred_key,,,survive,True
public_review_platform.public_review_platform__users,B,RV1,representative_value,corpus:public_review_platform.public_review_platform__users:cap2000,-,NOT_APPLICABLE,,de4ed042a3987303,,,SDL_rowdrop:public_review_platform.public_review_platform__users:RV1,,inferred_key,,,survive,
public_review_platform.public_review_platform__users,B,ME3,measures,corpus:public_review_platform.public_review_platform__users:cap2000,-,NOT_APPLICABLE,,de4ed042a3987303,,,AOR_scale:public_review_platform.public_review_platform__users:ME3,,inferred_key,,,survive,
public_review_platform.public_review_platform__users,B,AB1,absence,corpus:public_review_platform.public_review_platform__users:cap2000,-,NOT_APPLICABLE,,de4ed042a3987303,,,IR_constfill:public_review_platform.public_review_platform__users:AB1,,inferred_key,,,survive,
public_review_platform.public_review_platform__users,B,AB1R,absence,corpus:public_review_platform.public_review_platform__users:cap2000,-,NOT_APPLICABLE,,de4ed042a3987303,,,IR_constzero:public_review_platform.public_review_platform__users:AB1R,,inferred_key,,,survive,
public_review_platform.public_review_platform__users,B,AB2,absence,corpus:public_review_platform.public_review_platform__users:cap2000,default,applicable,admissible,de4ed042a3987303,0ea9964ad77aedd4,SURVIVED,IR_sentinel:public_review_platform.public_review_platform__users:AB2,rejected,inferred_key,,,reject,
public_review_platform.public_review_platform__users,B,AB2,absence,corpus:public_review_platform.public_review_platform__users:cap2000,verified,applicable,admissible,de4ed042a3987303,0ea9964ad77aedd4,SURVIVED,IR_sentinel:public_review_platform.public_review_platform__users:AB2,rejected,inferred_key,,,reject,False
qualtrics.qualtrics__contact,B,GC1,grain_cardinality,corpus:qualtrics.qualtrics__contact:cap2000,default,applicable,admissible,72372447215f5c12,3c5612bb8a83ecfe,rejected,SDL_rowdup:qualtrics.qualtrics__contact:GC1,rejected,inferred_key,,,survive,
qualtrics.qualtrics__contact,B,GC1,grain_cardinality,corpus:qualtrics.qualtrics__contact:cap2000,verified,applicable,admissible,72372447215f5c12,3c5612bb8a83ecfe,SURVIVED,SDL_rowdup:qualtrics.qualtrics__contact:GC1,SURVIVED,inferred_key,,,survive,True
qualtrics.qualtrics__contact,B,PP1,population_predicates,corpus:qualtrics.qualtrics__contact:cap2000,default,applicable,admissible,72372447215f5c12,f9b71da0fd780348,rejected,SDL_rowdrop:qualtrics.qualtrics__contact:PP1,rejected,inferred_key,,,survive,
qualtrics.qualtrics__contact,B,PP1,population_predicates,corpus:qualtrics.qualtrics__contact:cap2000,verified,applicable,admissible,72372447215f5c12,f9b71da0fd780348,SURVIVED,SDL_rowdrop:qualtrics.qualtrics__contact:PP1,SURVIVED,inferred_key,,,survive,True
qualtrics.qualtrics__contact,B,RV1,representative_value,corpus:qualtrics.qualtrics__contact:cap2000,-,NOT_APPLICABLE,,72372447215f5c12,,,SDL_rowdrop:qualtrics.qualtrics__contact:RV1,,inferred_key,,,survive,
qualtrics.qualtrics__contact,B,ME3,measures,corpus:qualtrics.qualtrics__contact:cap2000,-,NOT_APPLICABLE,,72372447215f5c12,,,AOR_scale:qualtrics.qualtrics__contact:ME3,,inferred_key,,,survive,
qualtrics.qualtrics__contact,B,AB1,absence,corpus:qualtrics.qualtrics__contact:cap2000,-,NOT_APPLICABLE,,72372447215f5c12,,,IR_constfill:qualtrics.qualtrics__contact:AB1,,inferred_key,,,survive,
qualtrics.qualtrics__contact,B,AB1R,absence,corpus:qualtrics.qualtrics__contact:cap2000,-,NOT_APPLICABLE,,72372447215f5c12,,,IR_constzero:qualtrics.qualtrics__contact:AB1R,,inferred_key,,,survive,
qualtrics.qualtrics__contact,B,AB2,absence,corpus:qualtrics.qualtrics__contact:cap2000,default,applicable,admissible,72372447215f5c12,4ad4880f81035782,SURVIVED,IR_sentinel:qualtrics.qualtrics__contact:AB2,rejected,inferred_key,,,reject,
qualtrics.qualtrics__contact,B,AB2,absence,corpus:qualtrics.qualtrics__contact:cap2000,verified,applicable,admissible,72372447215f5c12,4ad4880f81035782,SURVIVED,IR_sentinel:qualtrics.qualtrics__contact:AB2,rejected,inferred_key,,,reject,False
qualtrics.qualtrics__directory,B,GC1,grain_cardinality,corpus:qualtrics.qualtrics__directory:cap2000,-,NOT_APPLICABLE,,16b1c0586bb15cc2,,,SDL_rowdup:qualtrics.qualtrics__directory:GC1,,inferred_key,,,survive,
qualtrics.qualtrics__directory,B,PP1,population_predicates,corpus:qualtrics.qualtrics__directory:cap2000,-,NOT_APPLICABLE,,16b1c0586bb15cc2,,,SDL_rowdrop:qualtrics.qualtrics__directory:PP1,,inferred_key,,,survive,
qualtrics.qualtrics__directory,B,RV1,representative_value,corpus:qualtrics.qualtrics__directory:cap2000,-,NOT_APPLICABLE,,16b1c0586bb15cc2,,,SDL_rowdrop:qualtrics.qualtrics__directory:RV1,,inferred_key,,,survive,
qualtrics.qualtrics__directory,B,ME3,measures,corpus:qualtrics.qualtrics__directory:cap2000,-,NOT_APPLICABLE,,16b1c0586bb15cc2,,,AOR_scale:qualtrics.qualtrics__directory:ME3,,inferred_key,,,survive,
qualtrics.qualtrics__directory,B,AB1,absence,corpus:qualtrics.qualtrics__directory:cap2000,-,NOT_APPLICABLE,,16b1c0586bb15cc2,,,IR_constfill:qualtrics.qualtrics__directory:AB1,,inferred_key,,,survive,
qualtrics.qualtrics__directory,B,AB1R,absence,corpus:qualtrics.qualtrics__directory:cap2000,-,NOT_APPLICABLE,,16b1c0586bb15cc2,,,IR_constzero:qualtrics.qualtrics__directory:AB1R,,inferred_key,,,survive,
qualtrics.qualtrics__directory,B,AB2,absence,corpus:qualtrics.qualtrics__directory:cap2000,-,NOT_APPLICABLE,,16b1c0586bb15cc2,,,IR_sentinel:qualtrics.qualtrics__directory:AB2,,inferred_key,,,reject,
qualtrics.qualtrics__distribution,B,GC1,grain_cardinality,corpus:qualtrics.qualtrics__distribution:cap2000,default,applicable,admissible,c6354328f5651d0b,c29a56288882caea,rejected,SDL_rowdup:qualtrics.qualtrics__distribution:GC1,rejected,inferred_key,,,survive,
qualtrics.qualtrics__distribution,B,GC1,grain_cardinality,corpus:qualtrics.qualtrics__distribution:cap2000,verified,applicable,admissible,c6354328f5651d0b,c29a56288882caea,SURVIVED,SDL_rowdup:qualtrics.qualtrics__distribution:GC1,SURVIVED,inferred_key,,,survive,True
qualtrics.qualtrics__distribution,B,PP1,population_predicates,corpus:qualtrics.qualtrics__distribution:cap2000,default,applicable,admissible,c6354328f5651d0b,bbac5eb2740508c8,rejected,SDL_rowdrop:qualtrics.qualtrics__distribution:PP1,rejected,inferred_key,,,survive,
qualtrics.qualtrics__distribution,B,PP1,population_predicates,corpus:qualtrics.qualtrics__distribution:cap2000,verified,applicable,admissible,c6354328f5651d0b,bbac5eb2740508c8,SURVIVED,SDL_rowdrop:qualtrics.qualtrics__distribution:PP1,SURVIVED,inferred_key,,,survive,True
qualtrics.qualtrics__distribution,B,RV1,representative_value,corpus:qualtrics.qualtrics__distribution:cap2000,-,NOT_APPLICABLE,,c6354328f5651d0b,,,SDL_rowdrop:qualtrics.qualtrics__distribution:RV1,,inferred_key,,,survive,
qualtrics.qualtrics__distribution,B,ME3,measures,corpus:qualtrics.qualtrics__distribution:cap2000,-,NOT_APPLICABLE,,c6354328f5651d0b,,,AOR_scale:qualtrics.qualtrics__distribution:ME3,,inferred_key,,,survive,
qualtrics.qualtrics__distribution,B,AB1,absence,corpus:qualtrics.qualtrics__distribution:cap2000,-,NOT_APPLICABLE,,c6354328f5651d0b,,,IR_constfill:qualtrics.qualtrics__distribution:AB1,,inferred_key,,,survive,
qualtrics.qualtrics__distribution,B,AB1R,absence,corpus:qualtrics.qualtrics__distribution:cap2000,-,NOT_APPLICABLE,,c6354328f5651d0b,,,IR_constzero:qualtrics.qualtrics__distribution:AB1R,,inferred_key,,,survive,
qualtrics.qualtrics__distribution,B,AB2,absence,corpus:qualtrics.qualtrics__distribution:cap2000,default,applicable,admissible,c6354328f5651d0b,0d7082f0da1d30ba,SURVIVED,IR_sentinel:qualtrics.qualtrics__distribution:AB2,rejected,inferred_key,,,reject,
qualtrics.qualtrics__distribution,B,AB2,absence,corpus:qualtrics.qualtrics__distribution:cap2000,verified,applicable,admissible,c6354328f5651d0b,0d7082f0da1d30ba,SURVIVED,IR_sentinel:qualtrics.qualtrics__distribution:AB2,rejected,inferred_key,,,reject,False
qualtrics.qualtrics__survey,B,GC1,grain_cardinality,corpus:qualtrics.qualtrics__survey:cap2000,default,applicable,admissible,70f43ab061efcc84,fe3a0e1724bd2299,rejected,SDL_rowdup:qualtrics.qualtrics__survey:GC1,rejected,inferred_key,,,survive,
qualtrics.qualtrics__survey,B,GC1,grain_cardinality,corpus:qualtrics.qualtrics__survey:cap2000,verified,applicable,admissible,70f43ab061efcc84,fe3a0e1724bd2299,SURVIVED,SDL_rowdup:qualtrics.qualtrics__survey:GC1,SURVIVED,inferred_key,,,survive,True
qualtrics.qualtrics__survey,B,PP1,population_predicates,corpus:qualtrics.qualtrics__survey:cap2000,default,applicable,admissible,70f43ab061efcc84,0ba6584f273bf961,rejected,SDL_rowdrop:qualtrics.qualtrics__survey:PP1,rejected,inferred_key,,,survive,
qualtrics.qualtrics__survey,B,PP1,population_predicates,corpus:qualtrics.qualtrics__survey:cap2000,verified,applicable,admissible,70f43ab061efcc84,0ba6584f273bf961,SURVIVED,SDL_rowdrop:qualtrics.qualtrics__survey:PP1,SURVIVED,inferred_key,,,survive,True
qualtrics.qualtrics__survey,B,RV1,representative_value,corpus:qualtrics.qualtrics__survey:cap2000,-,NOT_APPLICABLE,,70f43ab061efcc84,,,SDL_rowdrop:qualtrics.qualtrics__survey:RV1,,inferred_key,,,survive,
qualtrics.qualtrics__survey,B,ME3,measures,corpus:qualtrics.qualtrics__survey:cap2000,-,NOT_APPLICABLE,,70f43ab061efcc84,,,AOR_scale:qualtrics.qualtrics__survey:ME3,,inferred_key,,,survive,
qualtrics.qualtrics__survey,B,AB1,absence,corpus:qualtrics.qualtrics__survey:cap2000,-,NOT_APPLICABLE,,70f43ab061efcc84,,,IR_constfill:qualtrics.qualtrics__survey:AB1,,inferred_key,,,survive,
qualtrics.qualtrics__survey,B,AB1R,absence,corpus:qualtrics.qualtrics__survey:cap2000,-,NOT_APPLICABLE,,70f43ab061efcc84,,,IR_constzero:qualtrics.qualtrics__survey:AB1R,,inferred_key,,,survive,
qualtrics.qualtrics__survey,B,AB2,absence,corpus:qualtrics.qualtrics__survey:cap2000,default,applicable,admissible,70f43ab061efcc84,7f6e2e8fd727b48f,SURVIVED,IR_sentinel:qualtrics.qualtrics__survey:AB2,rejected,inferred_key,,,reject,
qualtrics.qualtrics__survey,B,AB2,absence,corpus:qualtrics.qualtrics__survey:cap2000,verified,applicable,admissible,70f43ab061efcc84,7f6e2e8fd727b48f,SURVIVED,IR_sentinel:qualtrics.qualtrics__survey:AB2,rejected,inferred_key,,,reject,False
regional_sales.regional_sales__customers,B,GC1,grain_cardinality,corpus:regional_sales.regional_sales__customers:cap2000,default,applicable,admissible,7b46785cb855ffe3,1327322d6f112b77,rejected,SDL_rowdup:regional_sales.regional_sales__customers:GC1,rejected,inferred_key,,,survive,
regional_sales.regional_sales__customers,B,GC1,grain_cardinality,corpus:regional_sales.regional_sales__customers:cap2000,verified,applicable,admissible,7b46785cb855ffe3,1327322d6f112b77,SURVIVED,SDL_rowdup:regional_sales.regional_sales__customers:GC1,SURVIVED,inferred_key,,,survive,True
regional_sales.regional_sales__customers,B,PP1,population_predicates,corpus:regional_sales.regional_sales__customers:cap2000,default,applicable,admissible,7b46785cb855ffe3,ca82037adb9e6ea1,rejected,SDL_rowdrop:regional_sales.regional_sales__customers:PP1,rejected,inferred_key,,,survive,
regional_sales.regional_sales__customers,B,PP1,population_predicates,corpus:regional_sales.regional_sales__customers:cap2000,verified,applicable,admissible,7b46785cb855ffe3,ca82037adb9e6ea1,SURVIVED,SDL_rowdrop:regional_sales.regional_sales__customers:PP1,SURVIVED,inferred_key,,,survive,True
regional_sales.regional_sales__customers,B,RV1,representative_value,corpus:regional_sales.regional_sales__customers:cap2000,-,NOT_APPLICABLE,,7b46785cb855ffe3,,,SDL_rowdrop:regional_sales.regional_sales__customers:RV1,,inferred_key,,,survive,
regional_sales.regional_sales__customers,B,ME3,measures,corpus:regional_sales.regional_sales__customers:cap2000,-,NOT_APPLICABLE,,7b46785cb855ffe3,,,AOR_scale:regional_sales.regional_sales__customers:ME3,,inferred_key,,,survive,
regional_sales.regional_sales__customers,B,AB1,absence,corpus:regional_sales.regional_sales__customers:cap2000,-,NOT_APPLICABLE,,7b46785cb855ffe3,,,IR_constfill:regional_sales.regional_sales__customers:AB1,,inferred_key,,,survive,
regional_sales.regional_sales__customers,B,AB1R,absence,corpus:regional_sales.regional_sales__customers:cap2000,-,NOT_APPLICABLE,,7b46785cb855ffe3,,,IR_constzero:regional_sales.regional_sales__customers:AB1R,,inferred_key,,,survive,
regional_sales.regional_sales__customers,B,AB2,absence,corpus:regional_sales.regional_sales__customers:cap2000,default,applicable,admissible,7b46785cb855ffe3,021904f9480414fe,SURVIVED,IR_sentinel:regional_sales.regional_sales__customers:AB2,rejected,inferred_key,,,reject,
regional_sales.regional_sales__customers,B,AB2,absence,corpus:regional_sales.regional_sales__customers:cap2000,verified,applicable,admissible,7b46785cb855ffe3,021904f9480414fe,SURVIVED,IR_sentinel:regional_sales.regional_sales__customers:AB2,rejected,inferred_key,,,reject,False
regional_sales.regional_sales__products,B,GC1,grain_cardinality,corpus:regional_sales.regional_sales__products:cap2000,default,applicable,admissible,b47d5d9068086cdb,cb15b0335d98d4ee,rejected,SDL_rowdup:regional_sales.regional_sales__products:GC1,rejected,inferred_key,,,survive,
regional_sales.regional_sales__products,B,GC1,grain_cardinality,corpus:regional_sales.regional_sales__products:cap2000,verified,applicable,admissible,b47d5d9068086cdb,cb15b0335d98d4ee,SURVIVED,SDL_rowdup:regional_sales.regional_sales__products:GC1,SURVIVED,inferred_key,,,survive,True
regional_sales.regional_sales__products,B,PP1,population_predicates,corpus:regional_sales.regional_sales__products:cap2000,default,applicable,admissible,b47d5d9068086cdb,b868a62abea3973e,rejected,SDL_rowdrop:regional_sales.regional_sales__products:PP1,rejected,inferred_key,,,survive,
regional_sales.regional_sales__products,B,PP1,population_predicates,corpus:regional_sales.regional_sales__products:cap2000,verified,applicable,admissible,b47d5d9068086cdb,b868a62abea3973e,SURVIVED,SDL_rowdrop:regional_sales.regional_sales__products:PP1,SURVIVED,inferred_key,,,survive,True
regional_sales.regional_sales__products,B,RV1,representative_value,corpus:regional_sales.regional_sales__products:cap2000,-,NOT_APPLICABLE,,b47d5d9068086cdb,,,SDL_rowdrop:regional_sales.regional_sales__products:RV1,,inferred_key,,,survive,
regional_sales.regional_sales__products,B,ME3,measures,corpus:regional_sales.regional_sales__products:cap2000,-,NOT_APPLICABLE,,b47d5d9068086cdb,,,AOR_scale:regional_sales.regional_sales__products:ME3,,inferred_key,,,survive,
regional_sales.regional_sales__products,B,AB1,absence,corpus:regional_sales.regional_sales__products:cap2000,-,NOT_APPLICABLE,,b47d5d9068086cdb,,,IR_constfill:regional_sales.regional_sales__products:AB1,,inferred_key,,,survive,
regional_sales.regional_sales__products,B,AB1R,absence,corpus:regional_sales.regional_sales__products:cap2000,-,NOT_APPLICABLE,,b47d5d9068086cdb,,,IR_constzero:regional_sales.regional_sales__products:AB1R,,inferred_key,,,survive,
regional_sales.regional_sales__products,B,AB2,absence,corpus:regional_sales.regional_sales__products:cap2000,-,NOT_APPLICABLE,,b47d5d9068086cdb,,,IR_sentinel:regional_sales.regional_sales__products:AB2,,inferred_key,,,reject,
restaurant.cities,B,GC1,grain_cardinality,corpus:restaurant.cities:cap2000,default,applicable,admissible,b4e42910fe8e76bd,a71a960655bdc3f4,rejected,SDL_rowdup:restaurant.cities:GC1,rejected,all_column_fallback,,,survive,
restaurant.cities,B,GC1,grain_cardinality,corpus:restaurant.cities:cap2000,verified,applicable,admissible,b4e42910fe8e76bd,a71a960655bdc3f4,SURVIVED,SDL_rowdup:restaurant.cities:GC1,SURVIVED,all_column_fallback,,,survive,True
restaurant.cities,B,PP1,population_predicates,corpus:restaurant.cities:cap2000,default,applicable,admissible,b4e42910fe8e76bd,458a9a15b68557e3,rejected,SDL_rowdrop:restaurant.cities:PP1,rejected,all_column_fallback,,,survive,
restaurant.cities,B,PP1,population_predicates,corpus:restaurant.cities:cap2000,verified,applicable,admissible,b4e42910fe8e76bd,458a9a15b68557e3,SURVIVED,SDL_rowdrop:restaurant.cities:PP1,SURVIVED,all_column_fallback,,,survive,True
restaurant.cities,B,RV1,representative_value,corpus:restaurant.cities:cap2000,-,NOT_APPLICABLE,,b4e42910fe8e76bd,,,SDL_rowdrop:restaurant.cities:RV1,,all_column_fallback,,,survive,
restaurant.cities,B,ME3,measures,corpus:restaurant.cities:cap2000,-,NOT_APPLICABLE,,b4e42910fe8e76bd,,,AOR_scale:restaurant.cities:ME3,,all_column_fallback,,,survive,
restaurant.cities,B,AB1,absence,corpus:restaurant.cities:cap2000,-,NOT_APPLICABLE,,b4e42910fe8e76bd,,,IR_constfill:restaurant.cities:AB1,,all_column_fallback,,,survive,
restaurant.cities,B,AB1R,absence,corpus:restaurant.cities:cap2000,-,NOT_APPLICABLE,,b4e42910fe8e76bd,,,IR_constzero:restaurant.cities:AB1R,,all_column_fallback,,,survive,
restaurant.cities,B,AB2,absence,corpus:restaurant.cities:cap2000,default,applicable,admissible,b4e42910fe8e76bd,6d7aaf8dc5544f42,SURVIVED,IR_sentinel:restaurant.cities:AB2,rejected,all_column_fallback,,,reject,
restaurant.cities,B,AB2,absence,corpus:restaurant.cities:cap2000,verified,applicable,admissible,b4e42910fe8e76bd,6d7aaf8dc5544f42,SURVIVED,IR_sentinel:restaurant.cities:AB2,rejected,all_column_fallback,,,reject,False
retail_complains.Clients,B,GC1,grain_cardinality,corpus:retail_complains.Clients:cap2000,default,applicable,admissible,e2b60a75e411f7e8,d2419c851acc6f4a,rejected,SDL_rowdup:retail_complains.Clients:GC1,rejected,inferred_key,,,survive,
retail_complains.Clients,B,GC1,grain_cardinality,corpus:retail_complains.Clients:cap2000,verified,applicable,admissible,e2b60a75e411f7e8,d2419c851acc6f4a,SURVIVED,SDL_rowdup:retail_complains.Clients:GC1,SURVIVED,inferred_key,,,survive,True
retail_complains.Clients,B,PP1,population_predicates,corpus:retail_complains.Clients:cap2000,default,applicable,admissible,e2b60a75e411f7e8,d42f68f4695bfd11,rejected,SDL_rowdrop:retail_complains.Clients:PP1,rejected,inferred_key,,,survive,
retail_complains.Clients,B,PP1,population_predicates,corpus:retail_complains.Clients:cap2000,verified,applicable,admissible,e2b60a75e411f7e8,d42f68f4695bfd11,SURVIVED,SDL_rowdrop:retail_complains.Clients:PP1,SURVIVED,inferred_key,,,survive,True
retail_complains.Clients,B,RV1,representative_value,corpus:retail_complains.Clients:cap2000,-,NOT_APPLICABLE,,e2b60a75e411f7e8,,,SDL_rowdrop:retail_complains.Clients:RV1,,inferred_key,,,survive,
retail_complains.Clients,B,ME3,measures,corpus:retail_complains.Clients:cap2000,-,NOT_APPLICABLE,,e2b60a75e411f7e8,,,AOR_scale:retail_complains.Clients:ME3,,inferred_key,,,survive,
retail_complains.Clients,B,AB1,absence,corpus:retail_complains.Clients:cap2000,-,NOT_APPLICABLE,,e2b60a75e411f7e8,,,IR_constfill:retail_complains.Clients:AB1,,inferred_key,,,survive,
retail_complains.Clients,B,AB1R,absence,corpus:retail_complains.Clients:cap2000,-,NOT_APPLICABLE,,e2b60a75e411f7e8,,,IR_constzero:retail_complains.Clients:AB1R,,inferred_key,,,survive,
retail_complains.Clients,B,AB2,absence,corpus:retail_complains.Clients:cap2000,default,applicable,admissible,e2b60a75e411f7e8,94bfe87618534a60,SURVIVED,IR_sentinel:retail_complains.Clients:AB2,rejected,inferred_key,,,reject,
retail_complains.Clients,B,AB2,absence,corpus:retail_complains.Clients:cap2000,verified,applicable,admissible,e2b60a75e411f7e8,94bfe87618534a60,SURVIVED,IR_sentinel:retail_complains.Clients:AB2,rejected,inferred_key,,,reject,False
sales.sales__customers,B,GC1,grain_cardinality,corpus:sales.sales__customers:cap2000,default,applicable,admissible,a7bac22e5e6bae4d,6fb77ecad884ca44,rejected,SDL_rowdup:sales.sales__customers:GC1,rejected,inferred_key,,,survive,
sales.sales__customers,B,GC1,grain_cardinality,corpus:sales.sales__customers:cap2000,verified,applicable,admissible,a7bac22e5e6bae4d,6fb77ecad884ca44,SURVIVED,SDL_rowdup:sales.sales__customers:GC1,SURVIVED,inferred_key,,,survive,True
sales.sales__customers,B,PP1,population_predicates,corpus:sales.sales__customers:cap2000,default,applicable,admissible,a7bac22e5e6bae4d,4aa744e8ec851b67,rejected,SDL_rowdrop:sales.sales__customers:PP1,rejected,inferred_key,,,survive,
sales.sales__customers,B,PP1,population_predicates,corpus:sales.sales__customers:cap2000,verified,applicable,admissible,a7bac22e5e6bae4d,4aa744e8ec851b67,SURVIVED,SDL_rowdrop:sales.sales__customers:PP1,SURVIVED,inferred_key,,,survive,True
sales.sales__customers,B,RV1,representative_value,corpus:sales.sales__customers:cap2000,-,NOT_APPLICABLE,,a7bac22e5e6bae4d,,,SDL_rowdrop:sales.sales__customers:RV1,,inferred_key,,,survive,
sales.sales__customers,B,ME3,measures,corpus:sales.sales__customers:cap2000,-,NOT_APPLICABLE,,a7bac22e5e6bae4d,,,AOR_scale:sales.sales__customers:ME3,,inferred_key,,,survive,
sales.sales__customers,B,AB1,absence,corpus:sales.sales__customers:cap2000,-,NOT_APPLICABLE,,a7bac22e5e6bae4d,,,IR_constfill:sales.sales__customers:AB1,,inferred_key,,,survive,
sales.sales__customers,B,AB1R,absence,corpus:sales.sales__customers:cap2000,-,NOT_APPLICABLE,,a7bac22e5e6bae4d,,,IR_constzero:sales.sales__customers:AB1R,,inferred_key,,,survive,
sales.sales__customers,B,AB2,absence,corpus:sales.sales__customers:cap2000,default,applicable,admissible,a7bac22e5e6bae4d,d679376066e60c55,SURVIVED,IR_sentinel:sales.sales__customers:AB2,rejected,inferred_key,,,reject,
sales.sales__customers,B,AB2,absence,corpus:sales.sales__customers:cap2000,verified,applicable,admissible,a7bac22e5e6bae4d,d679376066e60c55,SURVIVED,IR_sentinel:sales.sales__customers:AB2,rejected,inferred_key,,,reject,False
sales.sales__employees,B,GC1,grain_cardinality,corpus:sales.sales__employees:cap2000,default,applicable,admissible,18e2da0efe16b18c,5d517f1930da6f00,rejected,SDL_rowdup:sales.sales__employees:GC1,rejected,inferred_key,,,survive,
sales.sales__employees,B,GC1,grain_cardinality,corpus:sales.sales__employees:cap2000,verified,applicable,admissible,18e2da0efe16b18c,5d517f1930da6f00,SURVIVED,SDL_rowdup:sales.sales__employees:GC1,SURVIVED,inferred_key,,,survive,True
sales.sales__employees,B,PP1,population_predicates,corpus:sales.sales__employees:cap2000,default,applicable,admissible,18e2da0efe16b18c,aa19dcf7817674ca,rejected,SDL_rowdrop:sales.sales__employees:PP1,rejected,inferred_key,,,survive,
sales.sales__employees,B,PP1,population_predicates,corpus:sales.sales__employees:cap2000,verified,applicable,admissible,18e2da0efe16b18c,aa19dcf7817674ca,SURVIVED,SDL_rowdrop:sales.sales__employees:PP1,SURVIVED,inferred_key,,,survive,True
sales.sales__employees,B,RV1,representative_value,corpus:sales.sales__employees:cap2000,-,NOT_APPLICABLE,,18e2da0efe16b18c,,,SDL_rowdrop:sales.sales__employees:RV1,,inferred_key,,,survive,
sales.sales__employees,B,ME3,measures,corpus:sales.sales__employees:cap2000,-,NOT_APPLICABLE,,18e2da0efe16b18c,,,AOR_scale:sales.sales__employees:ME3,,inferred_key,,,survive,
sales.sales__employees,B,AB1,absence,corpus:sales.sales__employees:cap2000,-,NOT_APPLICABLE,,18e2da0efe16b18c,,,IR_constfill:sales.sales__employees:AB1,,inferred_key,,,survive,
sales.sales__employees,B,AB1R,absence,corpus:sales.sales__employees:cap2000,-,NOT_APPLICABLE,,18e2da0efe16b18c,,,IR_constzero:sales.sales__employees:AB1R,,inferred_key,,,survive,
sales.sales__employees,B,AB2,absence,corpus:sales.sales__employees:cap2000,-,NOT_APPLICABLE,,18e2da0efe16b18c,,,IR_sentinel:sales.sales__employees:AB2,,inferred_key,,,reject,
sales.sales__products,B,GC1,grain_cardinality,corpus:sales.sales__products:cap2000,default,applicable,admissible,e24a5cb660e34f78,f0f0c8388243b787,rejected,SDL_rowdup:sales.sales__products:GC1,rejected,inferred_key,,,survive,
sales.sales__products,B,GC1,grain_cardinality,corpus:sales.sales__products:cap2000,verified,applicable,admissible,e24a5cb660e34f78,f0f0c8388243b787,SURVIVED,SDL_rowdup:sales.sales__products:GC1,SURVIVED,inferred_key,,,survive,True
sales.sales__products,B,PP1,population_predicates,corpus:sales.sales__products:cap2000,default,applicable,admissible,e24a5cb660e34f78,c42c2e0d0cda7620,rejected,SDL_rowdrop:sales.sales__products:PP1,rejected,inferred_key,,,survive,
sales.sales__products,B,PP1,population_predicates,corpus:sales.sales__products:cap2000,verified,applicable,admissible,e24a5cb660e34f78,c42c2e0d0cda7620,SURVIVED,SDL_rowdrop:sales.sales__products:PP1,SURVIVED,inferred_key,,,survive,True
sales.sales__products,B,RV1,representative_value,corpus:sales.sales__products:cap2000,-,NOT_APPLICABLE,,e24a5cb660e34f78,,,SDL_rowdrop:sales.sales__products:RV1,,inferred_key,,,survive,
sales.sales__products,B,ME3,measures,corpus:sales.sales__products:cap2000,default,applicable,admissible,e24a5cb660e34f78,50663ce55ce87b44,rejected,AOR_scale:sales.sales__products:ME3,rejected,inferred_key,,,survive,
sales.sales__products,B,ME3,measures,corpus:sales.sales__products:cap2000,verified,applicable,admissible,e24a5cb660e34f78,50663ce55ce87b44,SURVIVED,AOR_scale:sales.sales__products:ME3,rejected,inferred_key,,,survive,True
sales.sales__products,B,AB1,absence,corpus:sales.sales__products:cap2000,-,NOT_APPLICABLE,,e24a5cb660e34f78,,,IR_constfill:sales.sales__products:AB1,,inferred_key,,,survive,
sales.sales__products,B,AB1R,absence,corpus:sales.sales__products:cap2000,-,NOT_APPLICABLE,,e24a5cb660e34f78,,,IR_constzero:sales.sales__products:AB1R,,inferred_key,,,survive,
sales.sales__products,B,AB2,absence,corpus:sales.sales__products:cap2000,-,NOT_APPLICABLE,,e24a5cb660e34f78,,,IR_sentinel:sales.sales__products:AB2,,inferred_key,,,reject,
sales_in_weather.stations,B,GC1,grain_cardinality,corpus:sales_in_weather.stations:cap2000,default,applicable,admissible,116b96fa14df5e01,626748ca52223908,rejected,SDL_rowdup:sales_in_weather.stations:GC1,rejected,all_column_fallback,,,survive,
sales_in_weather.stations,B,GC1,grain_cardinality,corpus:sales_in_weather.stations:cap2000,verified,applicable,admissible,116b96fa14df5e01,626748ca52223908,SURVIVED,SDL_rowdup:sales_in_weather.stations:GC1,SURVIVED,all_column_fallback,,,survive,True
sales_in_weather.stations,B,PP1,population_predicates,corpus:sales_in_weather.stations:cap2000,default,applicable,admissible,116b96fa14df5e01,3ddf4e1e4d370ee4,rejected,SDL_rowdrop:sales_in_weather.stations:PP1,rejected,all_column_fallback,,,survive,
sales_in_weather.stations,B,PP1,population_predicates,corpus:sales_in_weather.stations:cap2000,verified,applicable,admissible,116b96fa14df5e01,3ddf4e1e4d370ee4,SURVIVED,SDL_rowdrop:sales_in_weather.stations:PP1,SURVIVED,all_column_fallback,,,survive,True
sales_in_weather.stations,B,RV1,representative_value,corpus:sales_in_weather.stations:cap2000,-,NOT_APPLICABLE,,116b96fa14df5e01,,,SDL_rowdrop:sales_in_weather.stations:RV1,,all_column_fallback,,,survive,
sales_in_weather.stations,B,ME3,measures,corpus:sales_in_weather.stations:cap2000,-,NOT_APPLICABLE,,116b96fa14df5e01,,,AOR_scale:sales_in_weather.stations:ME3,,all_column_fallback,,,survive,
sales_in_weather.stations,B,AB1,absence,corpus:sales_in_weather.stations:cap2000,-,NOT_APPLICABLE,,116b96fa14df5e01,,,IR_constfill:sales_in_weather.stations:AB1,,all_column_fallback,,,survive,
sales_in_weather.stations,B,AB1R,absence,corpus:sales_in_weather.stations:cap2000,-,NOT_APPLICABLE,,116b96fa14df5e01,,,IR_constzero:sales_in_weather.stations:AB1R,,all_column_fallback,,,survive,
sales_in_weather.stations,B,AB2,absence,corpus:sales_in_weather.stations:cap2000,default,applicable,admissible,116b96fa14df5e01,120effd843b47282,SURVIVED,IR_sentinel:sales_in_weather.stations:AB2,rejected,all_column_fallback,,,reject,
sales_in_weather.stations,B,AB2,absence,corpus:sales_in_weather.stations:cap2000,verified,applicable,admissible,116b96fa14df5e01,120effd843b47282,SURVIVED,IR_sentinel:sales_in_weather.stations:AB2,SURVIVED,all_column_fallback,,,reject,False
sales_in_weather.stores,B,GC1,grain_cardinality,corpus:sales_in_weather.stores:cap2000,default,applicable,admissible,0c0d6e41c6d39206,c7133e41e868e5c9,rejected,SDL_rowdup:sales_in_weather.stores:GC1,rejected,all_column_fallback,,,survive,
sales_in_weather.stores,B,GC1,grain_cardinality,corpus:sales_in_weather.stores:cap2000,verified,applicable,admissible,0c0d6e41c6d39206,c7133e41e868e5c9,SURVIVED,SDL_rowdup:sales_in_weather.stores:GC1,SURVIVED,all_column_fallback,,,survive,True
sales_in_weather.stores,B,PP1,population_predicates,corpus:sales_in_weather.stores:cap2000,default,applicable,admissible,0c0d6e41c6d39206,658afb66118b77bf,rejected,SDL_rowdrop:sales_in_weather.stores:PP1,rejected,all_column_fallback,,,survive,
sales_in_weather.stores,B,PP1,population_predicates,corpus:sales_in_weather.stores:cap2000,verified,applicable,admissible,0c0d6e41c6d39206,658afb66118b77bf,SURVIVED,SDL_rowdrop:sales_in_weather.stores:PP1,SURVIVED,all_column_fallback,,,survive,True
sales_in_weather.stores,B,RV1,representative_value,corpus:sales_in_weather.stores:cap2000,-,NOT_APPLICABLE,,0c0d6e41c6d39206,,,SDL_rowdrop:sales_in_weather.stores:RV1,,all_column_fallback,,,survive,
sales_in_weather.stores,B,ME3,measures,corpus:sales_in_weather.stores:cap2000,-,NOT_APPLICABLE,,0c0d6e41c6d39206,,,AOR_scale:sales_in_weather.stores:ME3,,all_column_fallback,,,survive,
sales_in_weather.stores,B,AB1,absence,corpus:sales_in_weather.stores:cap2000,-,NOT_APPLICABLE,,0c0d6e41c6d39206,,,IR_constfill:sales_in_weather.stores:AB1,,all_column_fallback,,,survive,
sales_in_weather.stores,B,AB1R,absence,corpus:sales_in_weather.stores:cap2000,-,NOT_APPLICABLE,,0c0d6e41c6d39206,,,IR_constzero:sales_in_weather.stores:AB1R,,all_column_fallback,,,survive,
sales_in_weather.stores,B,AB2,absence,corpus:sales_in_weather.stores:cap2000,-,NOT_APPLICABLE,,0c0d6e41c6d39206,,,IR_sentinel:sales_in_weather.stores:AB2,,all_column_fallback,,,reject,
shakespeare.shakespeare__works,B,GC1,grain_cardinality,corpus:shakespeare.shakespeare__works:cap2000,default,applicable,admissible,d6c942efe03b68b2,3f31329c7dfed1ff,rejected,SDL_rowdup:shakespeare.shakespeare__works:GC1,rejected,inferred_key,,,survive,
shakespeare.shakespeare__works,B,GC1,grain_cardinality,corpus:shakespeare.shakespeare__works:cap2000,verified,applicable,admissible,d6c942efe03b68b2,3f31329c7dfed1ff,SURVIVED,SDL_rowdup:shakespeare.shakespeare__works:GC1,SURVIVED,inferred_key,,,survive,True
shakespeare.shakespeare__works,B,PP1,population_predicates,corpus:shakespeare.shakespeare__works:cap2000,default,applicable,admissible,d6c942efe03b68b2,58861e402cf37bec,rejected,SDL_rowdrop:shakespeare.shakespeare__works:PP1,rejected,inferred_key,,,survive,
shakespeare.shakespeare__works,B,PP1,population_predicates,corpus:shakespeare.shakespeare__works:cap2000,verified,applicable,admissible,d6c942efe03b68b2,58861e402cf37bec,SURVIVED,SDL_rowdrop:shakespeare.shakespeare__works:PP1,SURVIVED,inferred_key,,,survive,True
shakespeare.shakespeare__works,B,RV1,representative_value,corpus:shakespeare.shakespeare__works:cap2000,-,NOT_APPLICABLE,,d6c942efe03b68b2,,,SDL_rowdrop:shakespeare.shakespeare__works:RV1,,inferred_key,,,survive,
shakespeare.shakespeare__works,B,ME3,measures,corpus:shakespeare.shakespeare__works:cap2000,-,NOT_APPLICABLE,,d6c942efe03b68b2,,,AOR_scale:shakespeare.shakespeare__works:ME3,,inferred_key,,,survive,
shakespeare.shakespeare__works,B,AB1,absence,corpus:shakespeare.shakespeare__works:cap2000,-,NOT_APPLICABLE,,d6c942efe03b68b2,,,IR_constfill:shakespeare.shakespeare__works:AB1,,inferred_key,,,survive,
shakespeare.shakespeare__works,B,AB1R,absence,corpus:shakespeare.shakespeare__works:cap2000,-,NOT_APPLICABLE,,d6c942efe03b68b2,,,IR_constzero:shakespeare.shakespeare__works:AB1R,,inferred_key,,,survive,
shakespeare.shakespeare__works,B,AB2,absence,corpus:shakespeare.shakespeare__works:cap2000,-,NOT_APPLICABLE,,d6c942efe03b68b2,,,IR_sentinel:shakespeare.shakespeare__works:AB2,,inferred_key,,,reject,
shipping.drivers,B,GC1,grain_cardinality,corpus:shipping.drivers:cap2000,default,applicable,admissible,30775b517c2bd8da,671c9044ec0dbf17,rejected,SDL_rowdup:shipping.drivers:GC1,rejected,inferred_key,,,survive,
shipping.drivers,B,GC1,grain_cardinality,corpus:shipping.drivers:cap2000,verified,applicable,admissible,30775b517c2bd8da,671c9044ec0dbf17,SURVIVED,SDL_rowdup:shipping.drivers:GC1,SURVIVED,inferred_key,,,survive,True
shipping.drivers,B,PP1,population_predicates,corpus:shipping.drivers:cap2000,default,applicable,admissible,30775b517c2bd8da,3918f5d26b5da3fc,rejected,SDL_rowdrop:shipping.drivers:PP1,rejected,inferred_key,,,survive,
shipping.drivers,B,PP1,population_predicates,corpus:shipping.drivers:cap2000,verified,applicable,admissible,30775b517c2bd8da,3918f5d26b5da3fc,SURVIVED,SDL_rowdrop:shipping.drivers:PP1,SURVIVED,inferred_key,,,survive,True
shipping.drivers,B,RV1,representative_value,corpus:shipping.drivers:cap2000,-,NOT_APPLICABLE,,30775b517c2bd8da,,,SDL_rowdrop:shipping.drivers:RV1,,inferred_key,,,survive,
shipping.drivers,B,ME3,measures,corpus:shipping.drivers:cap2000,-,NOT_APPLICABLE,,30775b517c2bd8da,,,AOR_scale:shipping.drivers:ME3,,inferred_key,,,survive,
shipping.drivers,B,AB1,absence,corpus:shipping.drivers:cap2000,-,NOT_APPLICABLE,,30775b517c2bd8da,,,IR_constfill:shipping.drivers:AB1,,inferred_key,,,survive,
shipping.drivers,B,AB1R,absence,corpus:shipping.drivers:cap2000,-,NOT_APPLICABLE,,30775b517c2bd8da,,,IR_constzero:shipping.drivers:AB1R,,inferred_key,,,survive,
shipping.drivers,B,AB2,absence,corpus:shipping.drivers:cap2000,-,NOT_APPLICABLE,,30775b517c2bd8da,,,IR_sentinel:shipping.drivers:AB2,,inferred_key,,,reject,
shipping.trucks,B,GC1,grain_cardinality,corpus:shipping.trucks:cap2000,default,applicable,admissible,bef89bd932c7bbb2,baecaed653818d3a,rejected,SDL_rowdup:shipping.trucks:GC1,rejected,inferred_key,,,survive,
shipping.trucks,B,GC1,grain_cardinality,corpus:shipping.trucks:cap2000,verified,applicable,admissible,bef89bd932c7bbb2,baecaed653818d3a,SURVIVED,SDL_rowdup:shipping.trucks:GC1,SURVIVED,inferred_key,,,survive,True
shipping.trucks,B,PP1,population_predicates,corpus:shipping.trucks:cap2000,default,applicable,admissible,bef89bd932c7bbb2,65d173548eac7b59,rejected,SDL_rowdrop:shipping.trucks:PP1,rejected,inferred_key,,,survive,
shipping.trucks,B,PP1,population_predicates,corpus:shipping.trucks:cap2000,verified,applicable,admissible,bef89bd932c7bbb2,65d173548eac7b59,SURVIVED,SDL_rowdrop:shipping.trucks:PP1,SURVIVED,inferred_key,,,survive,True
shipping.trucks,B,RV1,representative_value,corpus:shipping.trucks:cap2000,-,NOT_APPLICABLE,,bef89bd932c7bbb2,,,SDL_rowdrop:shipping.trucks:RV1,,inferred_key,,,survive,
shipping.trucks,B,ME3,measures,corpus:shipping.trucks:cap2000,-,NOT_APPLICABLE,,bef89bd932c7bbb2,,,AOR_scale:shipping.trucks:ME3,,inferred_key,,,survive,
shipping.trucks,B,AB1,absence,corpus:shipping.trucks:cap2000,-,NOT_APPLICABLE,,bef89bd932c7bbb2,,,IR_constfill:shipping.trucks:AB1,,inferred_key,,,survive,
shipping.trucks,B,AB1R,absence,corpus:shipping.trucks:cap2000,-,NOT_APPLICABLE,,bef89bd932c7bbb2,,,IR_constzero:shipping.trucks:AB1R,,inferred_key,,,survive,
shipping.trucks,B,AB2,absence,corpus:shipping.trucks:cap2000,-,NOT_APPLICABLE,,bef89bd932c7bbb2,,,IR_sentinel:shipping.trucks:AB2,,inferred_key,,,reject,
simpson_episodes.simpson_episodes__episode,B,GC1,grain_cardinality,corpus:simpson_episodes.simpson_episodes__episode:cap2000,default,applicable,admissible,83f91005baa19839,e95f204596d7520d,rejected,SDL_rowdup:simpson_episodes.simpson_episodes__episode:GC1,rejected,inferred_key,,,survive,
simpson_episodes.simpson_episodes__episode,B,GC1,grain_cardinality,corpus:simpson_episodes.simpson_episodes__episode:cap2000,verified,applicable,admissible,83f91005baa19839,e95f204596d7520d,SURVIVED,SDL_rowdup:simpson_episodes.simpson_episodes__episode:GC1,SURVIVED,inferred_key,,,survive,True
simpson_episodes.simpson_episodes__episode,B,PP1,population_predicates,corpus:simpson_episodes.simpson_episodes__episode:cap2000,default,applicable,admissible,83f91005baa19839,96e8a4bfa9ade5cf,rejected,SDL_rowdrop:simpson_episodes.simpson_episodes__episode:PP1,rejected,inferred_key,,,survive,
simpson_episodes.simpson_episodes__episode,B,PP1,population_predicates,corpus:simpson_episodes.simpson_episodes__episode:cap2000,verified,applicable,admissible,83f91005baa19839,96e8a4bfa9ade5cf,SURVIVED,SDL_rowdrop:simpson_episodes.simpson_episodes__episode:PP1,SURVIVED,inferred_key,,,survive,True
simpson_episodes.simpson_episodes__episode,B,RV1,representative_value,corpus:simpson_episodes.simpson_episodes__episode:cap2000,-,NOT_APPLICABLE,,83f91005baa19839,,,SDL_rowdrop:simpson_episodes.simpson_episodes__episode:RV1,,inferred_key,,,survive,
simpson_episodes.simpson_episodes__episode,B,ME3,measures,corpus:simpson_episodes.simpson_episodes__episode:cap2000,-,NOT_APPLICABLE,,83f91005baa19839,,,AOR_scale:simpson_episodes.simpson_episodes__episode:ME3,,inferred_key,,,survive,
simpson_episodes.simpson_episodes__episode,B,AB1,absence,corpus:simpson_episodes.simpson_episodes__episode:cap2000,-,NOT_APPLICABLE,,83f91005baa19839,,,IR_constfill:simpson_episodes.simpson_episodes__episode:AB1,,inferred_key,,,survive,
simpson_episodes.simpson_episodes__episode,B,AB1R,absence,corpus:simpson_episodes.simpson_episodes__episode:cap2000,-,NOT_APPLICABLE,,83f91005baa19839,,,IR_constzero:simpson_episodes.simpson_episodes__episode:AB1R,,inferred_key,,,survive,
simpson_episodes.simpson_episodes__episode,B,AB2,absence,corpus:simpson_episodes.simpson_episodes__episode:cap2000,-,NOT_APPLICABLE,,83f91005baa19839,,,IR_sentinel:simpson_episodes.simpson_episodes__episode:AB2,,inferred_key,,,reject,
soccer_2016.teams,B,GC1,grain_cardinality,corpus:soccer_2016.teams:cap2000,default,applicable,admissible,070f35374155243d,0ed57be799c1f6e4,rejected,SDL_rowdup:soccer_2016.teams:GC1,rejected,inferred_key,,,survive,
soccer_2016.teams,B,GC1,grain_cardinality,corpus:soccer_2016.teams:cap2000,verified,applicable,admissible,070f35374155243d,0ed57be799c1f6e4,SURVIVED,SDL_rowdup:soccer_2016.teams:GC1,SURVIVED,inferred_key,,,survive,True
soccer_2016.teams,B,PP1,population_predicates,corpus:soccer_2016.teams:cap2000,default,applicable,admissible,070f35374155243d,cc82d82c2f557ef2,rejected,SDL_rowdrop:soccer_2016.teams:PP1,rejected,inferred_key,,,survive,
soccer_2016.teams,B,PP1,population_predicates,corpus:soccer_2016.teams:cap2000,verified,applicable,admissible,070f35374155243d,cc82d82c2f557ef2,SURVIVED,SDL_rowdrop:soccer_2016.teams:PP1,SURVIVED,inferred_key,,,survive,True
soccer_2016.teams,B,RV1,representative_value,corpus:soccer_2016.teams:cap2000,-,NOT_APPLICABLE,,070f35374155243d,,,SDL_rowdrop:soccer_2016.teams:RV1,,inferred_key,,,survive,
soccer_2016.teams,B,ME3,measures,corpus:soccer_2016.teams:cap2000,default,applicable,admissible,070f35374155243d,25d0526c148f8acd,rejected,AOR_scale:soccer_2016.teams:ME3,rejected,inferred_key,,,survive,
soccer_2016.teams,B,ME3,measures,corpus:soccer_2016.teams:cap2000,verified,applicable,admissible,070f35374155243d,25d0526c148f8acd,SURVIVED,AOR_scale:soccer_2016.teams:ME3,rejected,inferred_key,,,survive,True
soccer_2016.teams,B,AB1,absence,corpus:soccer_2016.teams:cap2000,-,NOT_APPLICABLE,,070f35374155243d,,,IR_constfill:soccer_2016.teams:AB1,,inferred_key,,,survive,
soccer_2016.teams,B,AB1R,absence,corpus:soccer_2016.teams:cap2000,-,NOT_APPLICABLE,,070f35374155243d,,,IR_constzero:soccer_2016.teams:AB1R,,inferred_key,,,survive,
soccer_2016.teams,B,AB2,absence,corpus:soccer_2016.teams:cap2000,-,NOT_APPLICABLE,,070f35374155243d,,,IR_sentinel:soccer_2016.teams:AB2,,inferred_key,,,reject,
social_media.countries,B,GC1,grain_cardinality,corpus:social_media.countries:cap2000,default,applicable,admissible,f6965b0d6f0ef1f2,f1b8972e89230466,rejected,SDL_rowdup:social_media.countries:GC1,rejected,all_column_fallback,,,survive,
social_media.countries,B,GC1,grain_cardinality,corpus:social_media.countries:cap2000,verified,applicable,admissible,f6965b0d6f0ef1f2,f1b8972e89230466,SURVIVED,SDL_rowdup:social_media.countries:GC1,SURVIVED,all_column_fallback,,,survive,True
social_media.countries,B,PP1,population_predicates,corpus:social_media.countries:cap2000,default,applicable,admissible,f6965b0d6f0ef1f2,22bc1dba4b9810b3,rejected,SDL_rowdrop:social_media.countries:PP1,rejected,all_column_fallback,,,survive,
social_media.countries,B,PP1,population_predicates,corpus:social_media.countries:cap2000,verified,applicable,admissible,f6965b0d6f0ef1f2,22bc1dba4b9810b3,SURVIVED,SDL_rowdrop:social_media.countries:PP1,SURVIVED,all_column_fallback,,,survive,True
social_media.countries,B,RV1,representative_value,corpus:social_media.countries:cap2000,-,NOT_APPLICABLE,,f6965b0d6f0ef1f2,,,SDL_rowdrop:social_media.countries:RV1,,all_column_fallback,,,survive,
social_media.countries,B,ME3,measures,corpus:social_media.countries:cap2000,-,NOT_APPLICABLE,,f6965b0d6f0ef1f2,,,AOR_scale:social_media.countries:ME3,,all_column_fallback,,,survive,
social_media.countries,B,AB1,absence,corpus:social_media.countries:cap2000,-,NOT_APPLICABLE,,f6965b0d6f0ef1f2,,,IR_constfill:social_media.countries:AB1,,all_column_fallback,,,survive,
social_media.countries,B,AB1R,absence,corpus:social_media.countries:cap2000,-,NOT_APPLICABLE,,f6965b0d6f0ef1f2,,,IR_constzero:social_media.countries:AB1R,,all_column_fallback,,,survive,
social_media.countries,B,AB2,absence,corpus:social_media.countries:cap2000,default,applicable,admissible,f6965b0d6f0ef1f2,a77a2f73642e76dd,SURVIVED,IR_sentinel:social_media.countries:AB2,rejected,all_column_fallback,,,reject,
social_media.countries,B,AB2,absence,corpus:social_media.countries:cap2000,verified,applicable,admissible,f6965b0d6f0ef1f2,a77a2f73642e76dd,SURVIVED,IR_sentinel:social_media.countries:AB2,rejected,all_column_fallback,,,reject,False
software_company.geo,B,GC1,grain_cardinality,corpus:software_company.geo:cap2000,default,applicable,admissible,8129343e7b8ead22,041aba28b9c9ffbb,rejected,SDL_rowdup:software_company.geo:GC1,rejected,inferred_key,,,survive,
software_company.geo,B,GC1,grain_cardinality,corpus:software_company.geo:cap2000,verified,applicable,admissible,8129343e7b8ead22,041aba28b9c9ffbb,SURVIVED,SDL_rowdup:software_company.geo:GC1,SURVIVED,inferred_key,,,survive,True
software_company.geo,B,PP1,population_predicates,corpus:software_company.geo:cap2000,default,applicable,admissible,8129343e7b8ead22,32248d2703147144,rejected,SDL_rowdrop:software_company.geo:PP1,rejected,inferred_key,,,survive,
software_company.geo,B,PP1,population_predicates,corpus:software_company.geo:cap2000,verified,applicable,admissible,8129343e7b8ead22,32248d2703147144,SURVIVED,SDL_rowdrop:software_company.geo:PP1,SURVIVED,inferred_key,,,survive,True
software_company.geo,B,RV1,representative_value,corpus:software_company.geo:cap2000,-,NOT_APPLICABLE,,8129343e7b8ead22,,,SDL_rowdrop:software_company.geo:RV1,,inferred_key,,,survive,
software_company.geo,B,ME3,measures,corpus:software_company.geo:cap2000,-,NOT_APPLICABLE,,8129343e7b8ead22,,,AOR_scale:software_company.geo:ME3,,inferred_key,,,survive,
software_company.geo,B,AB1,absence,corpus:software_company.geo:cap2000,default,applicable,admissible,8129343e7b8ead22,573ffe0ad89eb247,rejected,IR_constfill:software_company.geo:AB1,rejected,inferred_key,,,survive,
software_company.geo,B,AB1,absence,corpus:software_company.geo:cap2000,verified,applicable,admissible,8129343e7b8ead22,573ffe0ad89eb247,SURVIVED,IR_constfill:software_company.geo:AB1,rejected,inferred_key,,,survive,True
software_company.geo,B,AB1R,absence,corpus:software_company.geo:cap2000,default,applicable,admissible,8129343e7b8ead22,57202704f00ca575,rejected,IR_constzero:software_company.geo:AB1R,rejected,inferred_key,,,survive,
software_company.geo,B,AB1R,absence,corpus:software_company.geo:cap2000,verified,applicable,admissible,8129343e7b8ead22,57202704f00ca575,SURVIVED,IR_constzero:software_company.geo:AB1R,rejected,inferred_key,,,survive,True
software_company.geo,B,AB2,absence,corpus:software_company.geo:cap2000,default,applicable,admissible,8129343e7b8ead22,367074939bb1adb8,SURVIVED,IR_sentinel:software_company.geo:AB2,rejected,inferred_key,,,reject,
software_company.geo,B,AB2,absence,corpus:software_company.geo:cap2000,verified,applicable,admissible,8129343e7b8ead22,367074939bb1adb8,SURVIVED,IR_sentinel:software_company.geo:AB2,rejected,inferred_key,,,reject,False
student_club.events,B,GC1,grain_cardinality,corpus:student_club.events:cap2000,default,applicable,admissible,f6f618bc8c819db9,974f69b336e3cc17,rejected,SDL_rowdup:student_club.events:GC1,rejected,inferred_key,,,survive,
student_club.events,B,GC1,grain_cardinality,corpus:student_club.events:cap2000,verified,applicable,admissible,f6f618bc8c819db9,974f69b336e3cc17,SURVIVED,SDL_rowdup:student_club.events:GC1,SURVIVED,inferred_key,,,survive,True
student_club.events,B,PP1,population_predicates,corpus:student_club.events:cap2000,default,applicable,admissible,f6f618bc8c819db9,6224a881cd40da5c,rejected,SDL_rowdrop:student_club.events:PP1,rejected,inferred_key,,,survive,
student_club.events,B,PP1,population_predicates,corpus:student_club.events:cap2000,verified,applicable,admissible,f6f618bc8c819db9,6224a881cd40da5c,SURVIVED,SDL_rowdrop:student_club.events:PP1,SURVIVED,inferred_key,,,survive,True
student_club.events,B,RV1,representative_value,corpus:student_club.events:cap2000,-,NOT_APPLICABLE,,f6f618bc8c819db9,,,SDL_rowdrop:student_club.events:RV1,,inferred_key,,,survive,
student_club.events,B,ME3,measures,corpus:student_club.events:cap2000,-,NOT_APPLICABLE,,f6f618bc8c819db9,,,AOR_scale:student_club.events:ME3,,inferred_key,,,survive,
student_club.events,B,AB1,absence,corpus:student_club.events:cap2000,-,NOT_APPLICABLE,,f6f618bc8c819db9,,,IR_constfill:student_club.events:AB1,,inferred_key,,,survive,
student_club.events,B,AB1R,absence,corpus:student_club.events:cap2000,-,NOT_APPLICABLE,,f6f618bc8c819db9,,,IR_constzero:student_club.events:AB1R,,inferred_key,,,survive,
student_club.events,B,AB2,absence,corpus:student_club.events:cap2000,-,NOT_APPLICABLE,,f6f618bc8c819db9,,,IR_sentinel:student_club.events:AB2,,inferred_key,,,reject,
student_club.members,B,GC1,grain_cardinality,corpus:student_club.members:cap2000,default,applicable,admissible,0e1b6834f702fcc0,581f877df12b50d2,rejected,SDL_rowdup:student_club.members:GC1,rejected,inferred_key,,,survive,
student_club.members,B,GC1,grain_cardinality,corpus:student_club.members:cap2000,verified,applicable,admissible,0e1b6834f702fcc0,581f877df12b50d2,SURVIVED,SDL_rowdup:student_club.members:GC1,SURVIVED,inferred_key,,,survive,True
student_club.members,B,PP1,population_predicates,corpus:student_club.members:cap2000,default,applicable,admissible,0e1b6834f702fcc0,0138b2b141b96ed1,rejected,SDL_rowdrop:student_club.members:PP1,rejected,inferred_key,,,survive,
student_club.members,B,PP1,population_predicates,corpus:student_club.members:cap2000,verified,applicable,admissible,0e1b6834f702fcc0,0138b2b141b96ed1,SURVIVED,SDL_rowdrop:student_club.members:PP1,SURVIVED,inferred_key,,,survive,True
student_club.members,B,RV1,representative_value,corpus:student_club.members:cap2000,-,NOT_APPLICABLE,,0e1b6834f702fcc0,,,SDL_rowdrop:student_club.members:RV1,,inferred_key,,,survive,
student_club.members,B,ME3,measures,corpus:student_club.members:cap2000,-,NOT_APPLICABLE,,0e1b6834f702fcc0,,,AOR_scale:student_club.members:ME3,,inferred_key,,,survive,
student_club.members,B,AB1,absence,corpus:student_club.members:cap2000,-,NOT_APPLICABLE,,0e1b6834f702fcc0,,,IR_constfill:student_club.members:AB1,,inferred_key,,,survive,
student_club.members,B,AB1R,absence,corpus:student_club.members:cap2000,-,NOT_APPLICABLE,,0e1b6834f702fcc0,,,IR_constzero:student_club.members:AB1R,,inferred_key,,,survive,
student_club.members,B,AB2,absence,corpus:student_club.members:cap2000,-,NOT_APPLICABLE,,0e1b6834f702fcc0,,,IR_sentinel:student_club.members:AB2,,inferred_key,,,reject,
student_loan.organization,B,GC1,grain_cardinality,corpus:student_loan.organization:cap2000,default,applicable,admissible,92fa58d91bc387b4,81a7439935f0afc7,rejected,SDL_rowdup:student_loan.organization:GC1,rejected,all_column_fallback,,,survive,
student_loan.organization,B,GC1,grain_cardinality,corpus:student_loan.organization:cap2000,verified,applicable,admissible,92fa58d91bc387b4,81a7439935f0afc7,SURVIVED,SDL_rowdup:student_loan.organization:GC1,SURVIVED,all_column_fallback,,,survive,True
student_loan.organization,B,PP1,population_predicates,corpus:student_loan.organization:cap2000,default,applicable,admissible,92fa58d91bc387b4,7ba48c360082d682,rejected,SDL_rowdrop:student_loan.organization:PP1,rejected,all_column_fallback,,,survive,
student_loan.organization,B,PP1,population_predicates,corpus:student_loan.organization:cap2000,verified,applicable,admissible,92fa58d91bc387b4,7ba48c360082d682,SURVIVED,SDL_rowdrop:student_loan.organization:PP1,SURVIVED,all_column_fallback,,,survive,True
student_loan.organization,B,RV1,representative_value,corpus:student_loan.organization:cap2000,-,NOT_APPLICABLE,,92fa58d91bc387b4,,,SDL_rowdrop:student_loan.organization:RV1,,all_column_fallback,,,survive,
student_loan.organization,B,ME3,measures,corpus:student_loan.organization:cap2000,-,NOT_APPLICABLE,,92fa58d91bc387b4,,,AOR_scale:student_loan.organization:ME3,,all_column_fallback,,,survive,
student_loan.organization,B,AB1,absence,corpus:student_loan.organization:cap2000,-,NOT_APPLICABLE,,92fa58d91bc387b4,,,IR_constfill:student_loan.organization:AB1,,all_column_fallback,,,survive,
student_loan.organization,B,AB1R,absence,corpus:student_loan.organization:cap2000,-,NOT_APPLICABLE,,92fa58d91bc387b4,,,IR_constzero:student_loan.organization:AB1R,,all_column_fallback,,,survive,
student_loan.organization,B,AB2,absence,corpus:student_loan.organization:cap2000,-,NOT_APPLICABLE,,92fa58d91bc387b4,,,IR_sentinel:student_loan.organization:AB2,,all_column_fallback,,,reject,
student_loan.schools,B,GC1,grain_cardinality,corpus:student_loan.schools:cap2000,default,applicable,admissible,97ad47ff3fee87b5,dcbbd0c5c47aeed9,rejected,SDL_rowdup:student_loan.schools:GC1,rejected,all_column_fallback,,,survive,
student_loan.schools,B,GC1,grain_cardinality,corpus:student_loan.schools:cap2000,verified,applicable,admissible,97ad47ff3fee87b5,dcbbd0c5c47aeed9,SURVIVED,SDL_rowdup:student_loan.schools:GC1,SURVIVED,all_column_fallback,,,survive,True
student_loan.schools,B,PP1,population_predicates,corpus:student_loan.schools:cap2000,default,applicable,admissible,97ad47ff3fee87b5,40fff7eda864378d,rejected,SDL_rowdrop:student_loan.schools:PP1,rejected,all_column_fallback,,,survive,
student_loan.schools,B,PP1,population_predicates,corpus:student_loan.schools:cap2000,verified,applicable,admissible,97ad47ff3fee87b5,40fff7eda864378d,SURVIVED,SDL_rowdrop:student_loan.schools:PP1,SURVIVED,all_column_fallback,,,survive,True
student_loan.schools,B,RV1,representative_value,corpus:student_loan.schools:cap2000,-,NOT_APPLICABLE,,97ad47ff3fee87b5,,,SDL_rowdrop:student_loan.schools:RV1,,all_column_fallback,,,survive,
student_loan.schools,B,ME3,measures,corpus:student_loan.schools:cap2000,-,NOT_APPLICABLE,,97ad47ff3fee87b5,,,AOR_scale:student_loan.schools:ME3,,all_column_fallback,,,survive,
student_loan.schools,B,AB1,absence,corpus:student_loan.schools:cap2000,-,NOT_APPLICABLE,,97ad47ff3fee87b5,,,IR_constfill:student_loan.schools:AB1,,all_column_fallback,,,survive,
student_loan.schools,B,AB1R,absence,corpus:student_loan.schools:cap2000,-,NOT_APPLICABLE,,97ad47ff3fee87b5,,,IR_constzero:student_loan.schools:AB1R,,all_column_fallback,,,survive,
student_loan.schools,B,AB2,absence,corpus:student_loan.schools:cap2000,-,NOT_APPLICABLE,,97ad47ff3fee87b5,,,IR_sentinel:student_loan.schools:AB2,,all_column_fallback,,,reject,
student_loan.students,B,GC1,grain_cardinality,corpus:student_loan.students:cap2000,default,applicable,admissible,9909edf3fb122ea1,cb3ad36f3f47644e,rejected,SDL_rowdup:student_loan.students:GC1,rejected,all_column_fallback,,,survive,
student_loan.students,B,GC1,grain_cardinality,corpus:student_loan.students:cap2000,verified,applicable,admissible,9909edf3fb122ea1,cb3ad36f3f47644e,SURVIVED,SDL_rowdup:student_loan.students:GC1,SURVIVED,all_column_fallback,,,survive,True
student_loan.students,B,PP1,population_predicates,corpus:student_loan.students:cap2000,default,applicable,admissible,9909edf3fb122ea1,30752e734bf69084,rejected,SDL_rowdrop:student_loan.students:PP1,rejected,all_column_fallback,,,survive,
student_loan.students,B,PP1,population_predicates,corpus:student_loan.students:cap2000,verified,applicable,admissible,9909edf3fb122ea1,30752e734bf69084,SURVIVED,SDL_rowdrop:student_loan.students:PP1,SURVIVED,all_column_fallback,,,survive,True
student_loan.students,B,RV1,representative_value,corpus:student_loan.students:cap2000,-,NOT_APPLICABLE,,9909edf3fb122ea1,,,SDL_rowdrop:student_loan.students:RV1,,all_column_fallback,,,survive,
student_loan.students,B,ME3,measures,corpus:student_loan.students:cap2000,-,NOT_APPLICABLE,,9909edf3fb122ea1,,,AOR_scale:student_loan.students:ME3,,all_column_fallback,,,survive,
student_loan.students,B,AB1,absence,corpus:student_loan.students:cap2000,-,NOT_APPLICABLE,,9909edf3fb122ea1,,,IR_constfill:student_loan.students:AB1,,all_column_fallback,,,survive,
student_loan.students,B,AB1R,absence,corpus:student_loan.students:cap2000,-,NOT_APPLICABLE,,9909edf3fb122ea1,,,IR_constzero:student_loan.students:AB1R,,all_column_fallback,,,survive,
student_loan.students,B,AB2,absence,corpus:student_loan.students:cap2000,-,NOT_APPLICABLE,,9909edf3fb122ea1,,,IR_sentinel:student_loan.students:AB2,,all_column_fallback,,,reject,
superhero.superheroes,B,GC1,grain_cardinality,corpus:superhero.superheroes:cap2000,default,applicable,admissible,4a5c91266efe794d,80436af5a6ea6e4c,rejected,SDL_rowdup:superhero.superheroes:GC1,rejected,inferred_key,,,survive,
superhero.superheroes,B,GC1,grain_cardinality,corpus:superhero.superheroes:cap2000,verified,applicable,admissible,4a5c91266efe794d,80436af5a6ea6e4c,SURVIVED,SDL_rowdup:superhero.superheroes:GC1,SURVIVED,inferred_key,,,survive,True
superhero.superheroes,B,PP1,population_predicates,corpus:superhero.superheroes:cap2000,default,applicable,admissible,4a5c91266efe794d,287208d61a5bd5b3,rejected,SDL_rowdrop:superhero.superheroes:PP1,rejected,inferred_key,,,survive,
superhero.superheroes,B,PP1,population_predicates,corpus:superhero.superheroes:cap2000,verified,applicable,admissible,4a5c91266efe794d,287208d61a5bd5b3,SURVIVED,SDL_rowdrop:superhero.superheroes:PP1,SURVIVED,inferred_key,,,survive,True
superhero.superheroes,B,RV1,representative_value,corpus:superhero.superheroes:cap2000,-,NOT_APPLICABLE,,4a5c91266efe794d,,,SDL_rowdrop:superhero.superheroes:RV1,,inferred_key,,,survive,
superhero.superheroes,B,ME3,measures,corpus:superhero.superheroes:cap2000,-,NOT_APPLICABLE,,4a5c91266efe794d,,,AOR_scale:superhero.superheroes:ME3,,inferred_key,,,survive,
superhero.superheroes,B,AB1,absence,corpus:superhero.superheroes:cap2000,-,NOT_APPLICABLE,,4a5c91266efe794d,,,IR_constfill:superhero.superheroes:AB1,,inferred_key,,,survive,
superhero.superheroes,B,AB1R,absence,corpus:superhero.superheroes:cap2000,-,NOT_APPLICABLE,,4a5c91266efe794d,,,IR_constzero:superhero.superheroes:AB1R,,inferred_key,,,survive,
superhero.superheroes,B,AB2,absence,corpus:superhero.superheroes:cap2000,default,applicable,admissible,4a5c91266efe794d,39abaa2794836ad2,SURVIVED,IR_sentinel:superhero.superheroes:AB2,rejected,inferred_key,,,reject,
superhero.superheroes,B,AB2,absence,corpus:superhero.superheroes:cap2000,verified,applicable,admissible,4a5c91266efe794d,39abaa2794836ad2,SURVIVED,IR_sentinel:superhero.superheroes:AB2,rejected,inferred_key,,,reject,False
superstore.customers,B,GC1,grain_cardinality,corpus:superstore.customers:cap2000,default,applicable,admissible,7bfe766b379e4cb7,53a4e73b4514c3db,rejected,SDL_rowdup:superstore.customers:GC1,rejected,inferred_key,,,survive,
superstore.customers,B,GC1,grain_cardinality,corpus:superstore.customers:cap2000,verified,applicable,admissible,7bfe766b379e4cb7,53a4e73b4514c3db,SURVIVED,SDL_rowdup:superstore.customers:GC1,SURVIVED,inferred_key,,,survive,True
superstore.customers,B,PP1,population_predicates,corpus:superstore.customers:cap2000,default,applicable,admissible,7bfe766b379e4cb7,52c47bf7ec2a95e4,rejected,SDL_rowdrop:superstore.customers:PP1,rejected,inferred_key,,,survive,
superstore.customers,B,PP1,population_predicates,corpus:superstore.customers:cap2000,verified,applicable,admissible,7bfe766b379e4cb7,52c47bf7ec2a95e4,SURVIVED,SDL_rowdrop:superstore.customers:PP1,SURVIVED,inferred_key,,,survive,True
superstore.customers,B,RV1,representative_value,corpus:superstore.customers:cap2000,-,NOT_APPLICABLE,,7bfe766b379e4cb7,,,SDL_rowdrop:superstore.customers:RV1,,inferred_key,,,survive,
superstore.customers,B,ME3,measures,corpus:superstore.customers:cap2000,-,NOT_APPLICABLE,,7bfe766b379e4cb7,,,AOR_scale:superstore.customers:ME3,,inferred_key,,,survive,
superstore.customers,B,AB1,absence,corpus:superstore.customers:cap2000,-,NOT_APPLICABLE,,7bfe766b379e4cb7,,,IR_constfill:superstore.customers:AB1,,inferred_key,,,survive,
superstore.customers,B,AB1R,absence,corpus:superstore.customers:cap2000,-,NOT_APPLICABLE,,7bfe766b379e4cb7,,,IR_constzero:superstore.customers:AB1R,,inferred_key,,,survive,
superstore.customers,B,AB2,absence,corpus:superstore.customers:cap2000,default,applicable,admissible,7bfe766b379e4cb7,783179d45e246aa2,SURVIVED,IR_sentinel:superstore.customers:AB2,rejected,inferred_key,,,reject,
superstore.customers,B,AB2,absence,corpus:superstore.customers:cap2000,verified,applicable,admissible,7bfe766b379e4cb7,783179d45e246aa2,SURVIVED,IR_sentinel:superstore.customers:AB2,rejected,inferred_key,,,reject,False
superstore.products,B,GC1,grain_cardinality,corpus:superstore.products:cap2000,default,applicable,admissible,726619ccc1687603,aea4d468dc026a64,rejected,SDL_rowdup:superstore.products:GC1,rejected,inferred_key,,,survive,
superstore.products,B,GC1,grain_cardinality,corpus:superstore.products:cap2000,verified,applicable,admissible,726619ccc1687603,aea4d468dc026a64,SURVIVED,SDL_rowdup:superstore.products:GC1,SURVIVED,inferred_key,,,survive,True
superstore.products,B,PP1,population_predicates,corpus:superstore.products:cap2000,default,applicable,admissible,726619ccc1687603,a78b3f098975c82f,rejected,SDL_rowdrop:superstore.products:PP1,rejected,inferred_key,,,survive,
superstore.products,B,PP1,population_predicates,corpus:superstore.products:cap2000,verified,applicable,admissible,726619ccc1687603,a78b3f098975c82f,SURVIVED,SDL_rowdrop:superstore.products:PP1,SURVIVED,inferred_key,,,survive,True
superstore.products,B,RV1,representative_value,corpus:superstore.products:cap2000,-,NOT_APPLICABLE,,726619ccc1687603,,,SDL_rowdrop:superstore.products:RV1,,inferred_key,,,survive,
superstore.products,B,ME3,measures,corpus:superstore.products:cap2000,-,NOT_APPLICABLE,,726619ccc1687603,,,AOR_scale:superstore.products:ME3,,inferred_key,,,survive,
superstore.products,B,AB1,absence,corpus:superstore.products:cap2000,-,NOT_APPLICABLE,,726619ccc1687603,,,IR_constfill:superstore.products:AB1,,inferred_key,,,survive,
superstore.products,B,AB1R,absence,corpus:superstore.products:cap2000,-,NOT_APPLICABLE,,726619ccc1687603,,,IR_constzero:superstore.products:AB1R,,inferred_key,,,survive,
superstore.products,B,AB2,absence,corpus:superstore.products:cap2000,-,NOT_APPLICABLE,,726619ccc1687603,,,IR_sentinel:superstore.products:AB2,,inferred_key,,,reject,
synthea.synthea__patients,B,GC1,grain_cardinality,corpus:synthea.synthea__patients:cap2000,default,applicable,admissible,a070fb7c8861c1a5,14a2c51a6b39048e,rejected,SDL_rowdup:synthea.synthea__patients:GC1,rejected,all_column_fallback,,,survive,
synthea.synthea__patients,B,GC1,grain_cardinality,corpus:synthea.synthea__patients:cap2000,verified,applicable,admissible,a070fb7c8861c1a5,14a2c51a6b39048e,SURVIVED,SDL_rowdup:synthea.synthea__patients:GC1,SURVIVED,all_column_fallback,,,survive,True
synthea.synthea__patients,B,PP1,population_predicates,corpus:synthea.synthea__patients:cap2000,default,applicable,admissible,a070fb7c8861c1a5,098bc450ddad8a34,rejected,SDL_rowdrop:synthea.synthea__patients:PP1,rejected,all_column_fallback,,,survive,
synthea.synthea__patients,B,PP1,population_predicates,corpus:synthea.synthea__patients:cap2000,verified,applicable,admissible,a070fb7c8861c1a5,098bc450ddad8a34,SURVIVED,SDL_rowdrop:synthea.synthea__patients:PP1,SURVIVED,all_column_fallback,,,survive,True
synthea.synthea__patients,B,RV1,representative_value,corpus:synthea.synthea__patients:cap2000,-,NOT_APPLICABLE,,a070fb7c8861c1a5,,,SDL_rowdrop:synthea.synthea__patients:RV1,,all_column_fallback,,,survive,
synthea.synthea__patients,B,ME3,measures,corpus:synthea.synthea__patients:cap2000,-,NOT_APPLICABLE,,a070fb7c8861c1a5,,,AOR_scale:synthea.synthea__patients:ME3,,all_column_fallback,,,survive,
synthea.synthea__patients,B,AB1,absence,corpus:synthea.synthea__patients:cap2000,-,NOT_APPLICABLE,,a070fb7c8861c1a5,,,IR_constfill:synthea.synthea__patients:AB1,,all_column_fallback,,,survive,
synthea.synthea__patients,B,AB1R,absence,corpus:synthea.synthea__patients:cap2000,-,NOT_APPLICABLE,,a070fb7c8861c1a5,,,IR_constzero:synthea.synthea__patients:AB1R,,all_column_fallback,,,survive,
synthea.synthea__patients,B,AB2,absence,corpus:synthea.synthea__patients:cap2000,default,applicable,admissible,a070fb7c8861c1a5,522e43a1c44c16c4,SURVIVED,IR_sentinel:synthea.synthea__patients:AB2,rejected,all_column_fallback,,,reject,
synthea.synthea__patients,B,AB2,absence,corpus:synthea.synthea__patients:cap2000,verified,applicable,admissible,a070fb7c8861c1a5,522e43a1c44c16c4,SURVIVED,IR_sentinel:synthea.synthea__patients:AB2,rejected,all_column_fallback,,,reject,False
talkingdata.labels,B,GC1,grain_cardinality,corpus:talkingdata.labels:cap2000,default,applicable,admissible,6eb84902f06c3d29,9ad02320744f0c0c,rejected,SDL_rowdup:talkingdata.labels:GC1,rejected,inferred_key,,,survive,
talkingdata.labels,B,GC1,grain_cardinality,corpus:talkingdata.labels:cap2000,verified,applicable,admissible,6eb84902f06c3d29,9ad02320744f0c0c,SURVIVED,SDL_rowdup:talkingdata.labels:GC1,SURVIVED,inferred_key,,,survive,True
talkingdata.labels,B,PP1,population_predicates,corpus:talkingdata.labels:cap2000,default,applicable,admissible,6eb84902f06c3d29,3943dd75a620acb2,rejected,SDL_rowdrop:talkingdata.labels:PP1,rejected,inferred_key,,,survive,
talkingdata.labels,B,PP1,population_predicates,corpus:talkingdata.labels:cap2000,verified,applicable,admissible,6eb84902f06c3d29,3943dd75a620acb2,SURVIVED,SDL_rowdrop:talkingdata.labels:PP1,SURVIVED,inferred_key,,,survive,True
talkingdata.labels,B,RV1,representative_value,corpus:talkingdata.labels:cap2000,-,NOT_APPLICABLE,,6eb84902f06c3d29,,,SDL_rowdrop:talkingdata.labels:RV1,,inferred_key,,,survive,
talkingdata.labels,B,ME3,measures,corpus:talkingdata.labels:cap2000,-,NOT_APPLICABLE,,6eb84902f06c3d29,,,AOR_scale:talkingdata.labels:ME3,,inferred_key,,,survive,
talkingdata.labels,B,AB1,absence,corpus:talkingdata.labels:cap2000,-,NOT_APPLICABLE,,6eb84902f06c3d29,,,IR_constfill:talkingdata.labels:AB1,,inferred_key,,,survive,
talkingdata.labels,B,AB1R,absence,corpus:talkingdata.labels:cap2000,-,NOT_APPLICABLE,,6eb84902f06c3d29,,,IR_constzero:talkingdata.labels:AB1R,,inferred_key,,,survive,
talkingdata.labels,B,AB2,absence,corpus:talkingdata.labels:cap2000,default,applicable,admissible,6eb84902f06c3d29,fd08a36d38c22989,SURVIVED,IR_sentinel:talkingdata.labels:AB2,rejected,inferred_key,,,reject,
talkingdata.labels,B,AB2,absence,corpus:talkingdata.labels:cap2000,verified,applicable,admissible,6eb84902f06c3d29,fd08a36d38c22989,SURVIVED,IR_sentinel:talkingdata.labels:AB2,rejected,inferred_key,,,reject,False
tiktok_ads.tiktok_ads__ad_group_report,B,GC1,grain_cardinality,corpus:tiktok_ads.tiktok_ads__ad_group_report:cap2000,default,applicable,admissible,db584416e267d237,6168fc3d2e6683c8,rejected,SDL_rowdup:tiktok_ads.tiktok_ads__ad_group_report:GC1,rejected,inferred_key,,,survive,
tiktok_ads.tiktok_ads__ad_group_report,B,GC1,grain_cardinality,corpus:tiktok_ads.tiktok_ads__ad_group_report:cap2000,verified,applicable,admissible,db584416e267d237,6168fc3d2e6683c8,SURVIVED,SDL_rowdup:tiktok_ads.tiktok_ads__ad_group_report:GC1,SURVIVED,inferred_key,,,survive,True
tiktok_ads.tiktok_ads__ad_group_report,B,PP1,population_predicates,corpus:tiktok_ads.tiktok_ads__ad_group_report:cap2000,-,NOT_APPLICABLE,,db584416e267d237,,,SDL_rowdrop:tiktok_ads.tiktok_ads__ad_group_report:PP1,,inferred_key,,,survive,
tiktok_ads.tiktok_ads__ad_group_report,B,RV1,representative_value,corpus:tiktok_ads.tiktok_ads__ad_group_report:cap2000,-,NOT_APPLICABLE,,db584416e267d237,,,SDL_rowdrop:tiktok_ads.tiktok_ads__ad_group_report:RV1,,inferred_key,,,survive,
tiktok_ads.tiktok_ads__ad_group_report,B,ME3,measures,corpus:tiktok_ads.tiktok_ads__ad_group_report:cap2000,-,NOT_APPLICABLE,,db584416e267d237,,,AOR_scale:tiktok_ads.tiktok_ads__ad_group_report:ME3,,inferred_key,,,survive,
tiktok_ads.tiktok_ads__ad_group_report,B,AB1,absence,corpus:tiktok_ads.tiktok_ads__ad_group_report:cap2000,-,NOT_APPLICABLE,,db584416e267d237,,,IR_constfill:tiktok_ads.tiktok_ads__ad_group_report:AB1,,inferred_key,,,survive,
tiktok_ads.tiktok_ads__ad_group_report,B,AB1R,absence,corpus:tiktok_ads.tiktok_ads__ad_group_report:cap2000,-,NOT_APPLICABLE,,db584416e267d237,,,IR_constzero:tiktok_ads.tiktok_ads__ad_group_report:AB1R,,inferred_key,,,survive,
tiktok_ads.tiktok_ads__ad_group_report,B,AB2,absence,corpus:tiktok_ads.tiktok_ads__ad_group_report:cap2000,-,NOT_APPLICABLE,,db584416e267d237,,,IR_sentinel:tiktok_ads.tiktok_ads__ad_group_report:AB2,,inferred_key,,,reject,
tiktok_ads.tiktok_ads__ad_report,B,GC1,grain_cardinality,corpus:tiktok_ads.tiktok_ads__ad_report:cap2000,default,applicable,admissible,1d69f3834db36987,fe0bc8c19b35f2ac,rejected,SDL_rowdup:tiktok_ads.tiktok_ads__ad_report:GC1,rejected,inferred_key,,,survive,
tiktok_ads.tiktok_ads__ad_report,B,GC1,grain_cardinality,corpus:tiktok_ads.tiktok_ads__ad_report:cap2000,verified,applicable,admissible,1d69f3834db36987,fe0bc8c19b35f2ac,SURVIVED,SDL_rowdup:tiktok_ads.tiktok_ads__ad_report:GC1,SURVIVED,inferred_key,,,survive,True
tiktok_ads.tiktok_ads__ad_report,B,PP1,population_predicates,corpus:tiktok_ads.tiktok_ads__ad_report:cap2000,-,NOT_APPLICABLE,,1d69f3834db36987,,,SDL_rowdrop:tiktok_ads.tiktok_ads__ad_report:PP1,,inferred_key,,,survive,
tiktok_ads.tiktok_ads__ad_report,B,RV1,representative_value,corpus:tiktok_ads.tiktok_ads__ad_report:cap2000,-,NOT_APPLICABLE,,1d69f3834db36987,,,SDL_rowdrop:tiktok_ads.tiktok_ads__ad_report:RV1,,inferred_key,,,survive,
tiktok_ads.tiktok_ads__ad_report,B,ME3,measures,corpus:tiktok_ads.tiktok_ads__ad_report:cap2000,-,NOT_APPLICABLE,,1d69f3834db36987,,,AOR_scale:tiktok_ads.tiktok_ads__ad_report:ME3,,inferred_key,,,survive,
tiktok_ads.tiktok_ads__ad_report,B,AB1,absence,corpus:tiktok_ads.tiktok_ads__ad_report:cap2000,-,NOT_APPLICABLE,,1d69f3834db36987,,,IR_constfill:tiktok_ads.tiktok_ads__ad_report:AB1,,inferred_key,,,survive,
tiktok_ads.tiktok_ads__ad_report,B,AB1R,absence,corpus:tiktok_ads.tiktok_ads__ad_report:cap2000,-,NOT_APPLICABLE,,1d69f3834db36987,,,IR_constzero:tiktok_ads.tiktok_ads__ad_report:AB1R,,inferred_key,,,survive,
tiktok_ads.tiktok_ads__ad_report,B,AB2,absence,corpus:tiktok_ads.tiktok_ads__ad_report:cap2000,-,NOT_APPLICABLE,,1d69f3834db36987,,,IR_sentinel:tiktok_ads.tiktok_ads__ad_report:AB2,,inferred_key,,,reject,
tiktok_ads.tiktok_ads__advertiser_report,B,GC1,grain_cardinality,corpus:tiktok_ads.tiktok_ads__advertiser_report:cap2000,default,applicable,admissible,65aaa5a193fe3400,7ceb2ff120f52334,rejected,SDL_rowdup:tiktok_ads.tiktok_ads__advertiser_report:GC1,rejected,inferred_key,,,survive,
tiktok_ads.tiktok_ads__advertiser_report,B,GC1,grain_cardinality,corpus:tiktok_ads.tiktok_ads__advertiser_report:cap2000,verified,applicable,admissible,65aaa5a193fe3400,7ceb2ff120f52334,SURVIVED,SDL_rowdup:tiktok_ads.tiktok_ads__advertiser_report:GC1,SURVIVED,inferred_key,,,survive,True
tiktok_ads.tiktok_ads__advertiser_report,B,PP1,population_predicates,corpus:tiktok_ads.tiktok_ads__advertiser_report:cap2000,-,NOT_APPLICABLE,,65aaa5a193fe3400,,,SDL_rowdrop:tiktok_ads.tiktok_ads__advertiser_report:PP1,,inferred_key,,,survive,
tiktok_ads.tiktok_ads__advertiser_report,B,RV1,representative_value,corpus:tiktok_ads.tiktok_ads__advertiser_report:cap2000,-,NOT_APPLICABLE,,65aaa5a193fe3400,,,SDL_rowdrop:tiktok_ads.tiktok_ads__advertiser_report:RV1,,inferred_key,,,survive,
tiktok_ads.tiktok_ads__advertiser_report,B,ME3,measures,corpus:tiktok_ads.tiktok_ads__advertiser_report:cap2000,-,NOT_APPLICABLE,,65aaa5a193fe3400,,,AOR_scale:tiktok_ads.tiktok_ads__advertiser_report:ME3,,inferred_key,,,survive,
tiktok_ads.tiktok_ads__advertiser_report,B,AB1,absence,corpus:tiktok_ads.tiktok_ads__advertiser_report:cap2000,-,NOT_APPLICABLE,,65aaa5a193fe3400,,,IR_constfill:tiktok_ads.tiktok_ads__advertiser_report:AB1,,inferred_key,,,survive,
tiktok_ads.tiktok_ads__advertiser_report,B,AB1R,absence,corpus:tiktok_ads.tiktok_ads__advertiser_report:cap2000,-,NOT_APPLICABLE,,65aaa5a193fe3400,,,IR_constzero:tiktok_ads.tiktok_ads__advertiser_report:AB1R,,inferred_key,,,survive,
tiktok_ads.tiktok_ads__advertiser_report,B,AB2,absence,corpus:tiktok_ads.tiktok_ads__advertiser_report:cap2000,-,NOT_APPLICABLE,,65aaa5a193fe3400,,,IR_sentinel:tiktok_ads.tiktok_ads__advertiser_report:AB2,,inferred_key,,,reject,
tiktok_ads.tiktok_ads__campaign_report,B,GC1,grain_cardinality,corpus:tiktok_ads.tiktok_ads__campaign_report:cap2000,default,applicable,admissible,497905f782c1c520,bcfc9d87af94faad,rejected,SDL_rowdup:tiktok_ads.tiktok_ads__campaign_report:GC1,rejected,inferred_key,,,survive,
tiktok_ads.tiktok_ads__campaign_report,B,GC1,grain_cardinality,corpus:tiktok_ads.tiktok_ads__campaign_report:cap2000,verified,applicable,admissible,497905f782c1c520,bcfc9d87af94faad,SURVIVED,SDL_rowdup:tiktok_ads.tiktok_ads__campaign_report:GC1,SURVIVED,inferred_key,,,survive,True
tiktok_ads.tiktok_ads__campaign_report,B,PP1,population_predicates,corpus:tiktok_ads.tiktok_ads__campaign_report:cap2000,-,NOT_APPLICABLE,,497905f782c1c520,,,SDL_rowdrop:tiktok_ads.tiktok_ads__campaign_report:PP1,,inferred_key,,,survive,
tiktok_ads.tiktok_ads__campaign_report,B,RV1,representative_value,corpus:tiktok_ads.tiktok_ads__campaign_report:cap2000,-,NOT_APPLICABLE,,497905f782c1c520,,,SDL_rowdrop:tiktok_ads.tiktok_ads__campaign_report:RV1,,inferred_key,,,survive,
tiktok_ads.tiktok_ads__campaign_report,B,ME3,measures,corpus:tiktok_ads.tiktok_ads__campaign_report:cap2000,-,NOT_APPLICABLE,,497905f782c1c520,,,AOR_scale:tiktok_ads.tiktok_ads__campaign_report:ME3,,inferred_key,,,survive,
tiktok_ads.tiktok_ads__campaign_report,B,AB1,absence,corpus:tiktok_ads.tiktok_ads__campaign_report:cap2000,-,NOT_APPLICABLE,,497905f782c1c520,,,IR_constfill:tiktok_ads.tiktok_ads__campaign_report:AB1,,inferred_key,,,survive,
tiktok_ads.tiktok_ads__campaign_report,B,AB1R,absence,corpus:tiktok_ads.tiktok_ads__campaign_report:cap2000,-,NOT_APPLICABLE,,497905f782c1c520,,,IR_constzero:tiktok_ads.tiktok_ads__campaign_report:AB1R,,inferred_key,,,survive,
tiktok_ads.tiktok_ads__campaign_report,B,AB2,absence,corpus:tiktok_ads.tiktok_ads__campaign_report:cap2000,-,NOT_APPLICABLE,,497905f782c1c520,,,IR_sentinel:tiktok_ads.tiktok_ads__campaign_report:AB2,,inferred_key,,,reject,
toxicology.molecules,B,GC1,grain_cardinality,corpus:toxicology.molecules:cap2000,default,applicable,admissible,2b6b9f184759fbff,48cb88a2e1a2db37,rejected,SDL_rowdup:toxicology.molecules:GC1,rejected,inferred_key,,,survive,
toxicology.molecules,B,GC1,grain_cardinality,corpus:toxicology.molecules:cap2000,verified,applicable,admissible,2b6b9f184759fbff,48cb88a2e1a2db37,SURVIVED,SDL_rowdup:toxicology.molecules:GC1,SURVIVED,inferred_key,,,survive,True
toxicology.molecules,B,PP1,population_predicates,corpus:toxicology.molecules:cap2000,default,applicable,admissible,2b6b9f184759fbff,f0b64323179cf445,rejected,SDL_rowdrop:toxicology.molecules:PP1,rejected,inferred_key,,,survive,
toxicology.molecules,B,PP1,population_predicates,corpus:toxicology.molecules:cap2000,verified,applicable,admissible,2b6b9f184759fbff,f0b64323179cf445,SURVIVED,SDL_rowdrop:toxicology.molecules:PP1,SURVIVED,inferred_key,,,survive,True
toxicology.molecules,B,RV1,representative_value,corpus:toxicology.molecules:cap2000,-,NOT_APPLICABLE,,2b6b9f184759fbff,,,SDL_rowdrop:toxicology.molecules:RV1,,inferred_key,,,survive,
toxicology.molecules,B,ME3,measures,corpus:toxicology.molecules:cap2000,default,applicable,admissible,2b6b9f184759fbff,d764ae290a87129b,rejected,AOR_scale:toxicology.molecules:ME3,rejected,inferred_key,,,survive,
toxicology.molecules,B,ME3,measures,corpus:toxicology.molecules:cap2000,verified,applicable,admissible,2b6b9f184759fbff,d764ae290a87129b,SURVIVED,AOR_scale:toxicology.molecules:ME3,rejected,inferred_key,,,survive,True
toxicology.molecules,B,AB1,absence,corpus:toxicology.molecules:cap2000,-,NOT_APPLICABLE,,2b6b9f184759fbff,,,IR_constfill:toxicology.molecules:AB1,,inferred_key,,,survive,
toxicology.molecules,B,AB1R,absence,corpus:toxicology.molecules:cap2000,-,NOT_APPLICABLE,,2b6b9f184759fbff,,,IR_constzero:toxicology.molecules:AB1R,,inferred_key,,,survive,
toxicology.molecules,B,AB2,absence,corpus:toxicology.molecules:cap2000,-,NOT_APPLICABLE,,2b6b9f184759fbff,,,IR_sentinel:toxicology.molecules:AB2,,inferred_key,,,reject,
trains.trains,B,GC1,grain_cardinality,corpus:trains.trains:cap2000,default,applicable,admissible,53bb2aac2d2ed906,d60b14df3f2418d6,rejected,SDL_rowdup:trains.trains:GC1,rejected,inferred_key,,,survive,
trains.trains,B,GC1,grain_cardinality,corpus:trains.trains:cap2000,verified,applicable,admissible,53bb2aac2d2ed906,d60b14df3f2418d6,SURVIVED,SDL_rowdup:trains.trains:GC1,SURVIVED,inferred_key,,,survive,True
trains.trains,B,PP1,population_predicates,corpus:trains.trains:cap2000,default,applicable,admissible,53bb2aac2d2ed906,0da915b53f6af365,rejected,SDL_rowdrop:trains.trains:PP1,rejected,inferred_key,,,survive,
trains.trains,B,PP1,population_predicates,corpus:trains.trains:cap2000,verified,applicable,admissible,53bb2aac2d2ed906,0da915b53f6af365,SURVIVED,SDL_rowdrop:trains.trains:PP1,SURVIVED,inferred_key,,,survive,True
trains.trains,B,RV1,representative_value,corpus:trains.trains:cap2000,-,NOT_APPLICABLE,,53bb2aac2d2ed906,,,SDL_rowdrop:trains.trains:RV1,,inferred_key,,,survive,
trains.trains,B,ME3,measures,corpus:trains.trains:cap2000,-,NOT_APPLICABLE,,53bb2aac2d2ed906,,,AOR_scale:trains.trains:ME3,,inferred_key,,,survive,
trains.trains,B,AB1,absence,corpus:trains.trains:cap2000,-,NOT_APPLICABLE,,53bb2aac2d2ed906,,,IR_constfill:trains.trains:AB1,,inferred_key,,,survive,
trains.trains,B,AB1R,absence,corpus:trains.trains:cap2000,-,NOT_APPLICABLE,,53bb2aac2d2ed906,,,IR_constzero:trains.trains:AB1R,,inferred_key,,,survive,
trains.trains,B,AB2,absence,corpus:trains.trains:cap2000,-,NOT_APPLICABLE,,53bb2aac2d2ed906,,,IR_sentinel:trains.trains:AB2,,inferred_key,,,reject,
twilio.twilio__account_overview,B,GC1,grain_cardinality,corpus:twilio.twilio__account_overview:cap2000,-,NOT_APPLICABLE,,98d1ce4dd297e164,,,SDL_rowdup:twilio.twilio__account_overview:GC1,,inferred_key,,,survive,
twilio.twilio__account_overview,B,PP1,population_predicates,corpus:twilio.twilio__account_overview:cap2000,-,NOT_APPLICABLE,,98d1ce4dd297e164,,,SDL_rowdrop:twilio.twilio__account_overview:PP1,,inferred_key,,,survive,
twilio.twilio__account_overview,B,RV1,representative_value,corpus:twilio.twilio__account_overview:cap2000,-,NOT_APPLICABLE,,98d1ce4dd297e164,,,SDL_rowdrop:twilio.twilio__account_overview:RV1,,inferred_key,,,survive,
twilio.twilio__account_overview,B,ME3,measures,corpus:twilio.twilio__account_overview:cap2000,-,NOT_APPLICABLE,,98d1ce4dd297e164,,,AOR_scale:twilio.twilio__account_overview:ME3,,inferred_key,,,survive,
twilio.twilio__account_overview,B,AB1,absence,corpus:twilio.twilio__account_overview:cap2000,-,NOT_APPLICABLE,,98d1ce4dd297e164,,,IR_constfill:twilio.twilio__account_overview:AB1,,inferred_key,,,survive,
twilio.twilio__account_overview,B,AB1R,absence,corpus:twilio.twilio__account_overview:cap2000,-,NOT_APPLICABLE,,98d1ce4dd297e164,,,IR_constzero:twilio.twilio__account_overview:AB1R,,inferred_key,,,survive,
twilio.twilio__account_overview,B,AB2,absence,corpus:twilio.twilio__account_overview:cap2000,-,NOT_APPLICABLE,,98d1ce4dd297e164,,,IR_sentinel:twilio.twilio__account_overview:AB2,,inferred_key,,,reject,
twitter_organic.twitter_organic__tweets,B,GC1,grain_cardinality,corpus:twitter_organic.twitter_organic__tweets:cap2000,default,applicable,admissible,c37b3d9cca18af3e,afe1f866f558af42,rejected,SDL_rowdup:twitter_organic.twitter_organic__tweets:GC1,rejected,all_column_fallback,,,survive,
twitter_organic.twitter_organic__tweets,B,GC1,grain_cardinality,corpus:twitter_organic.twitter_organic__tweets:cap2000,verified,applicable,admissible,c37b3d9cca18af3e,afe1f866f558af42,SURVIVED,SDL_rowdup:twitter_organic.twitter_organic__tweets:GC1,SURVIVED,all_column_fallback,,,survive,True
twitter_organic.twitter_organic__tweets,B,PP1,population_predicates,corpus:twitter_organic.twitter_organic__tweets:cap2000,default,applicable,admissible,c37b3d9cca18af3e,2b239fb63fa3230e,rejected,SDL_rowdrop:twitter_organic.twitter_organic__tweets:PP1,rejected,all_column_fallback,,,survive,
twitter_organic.twitter_organic__tweets,B,PP1,population_predicates,corpus:twitter_organic.twitter_organic__tweets:cap2000,verified,applicable,admissible,c37b3d9cca18af3e,2b239fb63fa3230e,SURVIVED,SDL_rowdrop:twitter_organic.twitter_organic__tweets:PP1,SURVIVED,all_column_fallback,,,survive,True
twitter_organic.twitter_organic__tweets,B,RV1,representative_value,corpus:twitter_organic.twitter_organic__tweets:cap2000,-,NOT_APPLICABLE,,c37b3d9cca18af3e,,,SDL_rowdrop:twitter_organic.twitter_organic__tweets:RV1,,all_column_fallback,,,survive,
twitter_organic.twitter_organic__tweets,B,ME3,measures,corpus:twitter_organic.twitter_organic__tweets:cap2000,-,NOT_APPLICABLE,,c37b3d9cca18af3e,,,AOR_scale:twitter_organic.twitter_organic__tweets:ME3,,all_column_fallback,,,survive,
twitter_organic.twitter_organic__tweets,B,AB1,absence,corpus:twitter_organic.twitter_organic__tweets:cap2000,-,NOT_APPLICABLE,,c37b3d9cca18af3e,,,IR_constfill:twitter_organic.twitter_organic__tweets:AB1,,all_column_fallback,,,survive,
twitter_organic.twitter_organic__tweets,B,AB1R,absence,corpus:twitter_organic.twitter_organic__tweets:cap2000,-,NOT_APPLICABLE,,c37b3d9cca18af3e,,,IR_constzero:twitter_organic.twitter_organic__tweets:AB1R,,all_column_fallback,,,survive,
twitter_organic.twitter_organic__tweets,B,AB2,absence,corpus:twitter_organic.twitter_organic__tweets:cap2000,-,NOT_APPLICABLE,,c37b3d9cca18af3e,,,IR_sentinel:twitter_organic.twitter_organic__tweets:AB2,,all_column_fallback,,,reject,
university.countries,B,GC1,grain_cardinality,corpus:university.countries:cap2000,default,applicable,admissible,464835b783a99515,952a23c75f16398a,rejected,SDL_rowdup:university.countries:GC1,rejected,inferred_key,,,survive,
university.countries,B,GC1,grain_cardinality,corpus:university.countries:cap2000,verified,applicable,admissible,464835b783a99515,952a23c75f16398a,SURVIVED,SDL_rowdup:university.countries:GC1,SURVIVED,inferred_key,,,survive,True
university.countries,B,PP1,population_predicates,corpus:university.countries:cap2000,default,applicable,admissible,464835b783a99515,5211e881d573a8b9,rejected,SDL_rowdrop:university.countries:PP1,rejected,inferred_key,,,survive,
university.countries,B,PP1,population_predicates,corpus:university.countries:cap2000,verified,applicable,admissible,464835b783a99515,5211e881d573a8b9,SURVIVED,SDL_rowdrop:university.countries:PP1,SURVIVED,inferred_key,,,survive,True
university.countries,B,RV1,representative_value,corpus:university.countries:cap2000,-,NOT_APPLICABLE,,464835b783a99515,,,SDL_rowdrop:university.countries:RV1,,inferred_key,,,survive,
university.countries,B,ME3,measures,corpus:university.countries:cap2000,-,NOT_APPLICABLE,,464835b783a99515,,,AOR_scale:university.countries:ME3,,inferred_key,,,survive,
university.countries,B,AB1,absence,corpus:university.countries:cap2000,-,NOT_APPLICABLE,,464835b783a99515,,,IR_constfill:university.countries:AB1,,inferred_key,,,survive,
university.countries,B,AB1R,absence,corpus:university.countries:cap2000,-,NOT_APPLICABLE,,464835b783a99515,,,IR_constzero:university.countries:AB1R,,inferred_key,,,survive,
university.countries,B,AB2,absence,corpus:university.countries:cap2000,default,applicable,admissible,464835b783a99515,c0608d3f7c04112e,SURVIVED,IR_sentinel:university.countries:AB2,rejected,inferred_key,,,reject,
university.countries,B,AB2,absence,corpus:university.countries:cap2000,verified,applicable,admissible,464835b783a99515,c0608d3f7c04112e,SURVIVED,IR_sentinel:university.countries:AB2,rejected,inferred_key,,,reject,False
university.universities,B,GC1,grain_cardinality,corpus:university.universities:cap2000,default,applicable,admissible,9a1e0687cfa300a7,457ed92d01c40f95,rejected,SDL_rowdup:university.universities:GC1,rejected,inferred_key,,,survive,
university.universities,B,GC1,grain_cardinality,corpus:university.universities:cap2000,verified,applicable,admissible,9a1e0687cfa300a7,457ed92d01c40f95,SURVIVED,SDL_rowdup:university.universities:GC1,SURVIVED,inferred_key,,,survive,True
university.universities,B,PP1,population_predicates,corpus:university.universities:cap2000,default,applicable,admissible,9a1e0687cfa300a7,50c03c3c577305c1,rejected,SDL_rowdrop:university.universities:PP1,rejected,inferred_key,,,survive,
university.universities,B,PP1,population_predicates,corpus:university.universities:cap2000,verified,applicable,admissible,9a1e0687cfa300a7,50c03c3c577305c1,SURVIVED,SDL_rowdrop:university.universities:PP1,SURVIVED,inferred_key,,,survive,True
university.universities,B,RV1,representative_value,corpus:university.universities:cap2000,-,NOT_APPLICABLE,,9a1e0687cfa300a7,,,SDL_rowdrop:university.universities:RV1,,inferred_key,,,survive,
university.universities,B,ME3,measures,corpus:university.universities:cap2000,-,NOT_APPLICABLE,,9a1e0687cfa300a7,,,AOR_scale:university.universities:ME3,,inferred_key,,,survive,
university.universities,B,AB1,absence,corpus:university.universities:cap2000,-,NOT_APPLICABLE,,9a1e0687cfa300a7,,,IR_constfill:university.universities:AB1,,inferred_key,,,survive,
university.universities,B,AB1R,absence,corpus:university.universities:cap2000,-,NOT_APPLICABLE,,9a1e0687cfa300a7,,,IR_constzero:university.universities:AB1R,,inferred_key,,,survive,
university.universities,B,AB2,absence,corpus:university.universities:cap2000,-,NOT_APPLICABLE,,9a1e0687cfa300a7,,,IR_sentinel:university.universities:AB2,,inferred_key,,,reject,
video_games.publishers,B,GC1,grain_cardinality,corpus:video_games.publishers:cap2000,default,applicable,admissible,937497023725a75e,ddd545de826ca41f,rejected,SDL_rowdup:video_games.publishers:GC1,rejected,inferred_key,,,survive,
video_games.publishers,B,GC1,grain_cardinality,corpus:video_games.publishers:cap2000,verified,applicable,admissible,937497023725a75e,ddd545de826ca41f,SURVIVED,SDL_rowdup:video_games.publishers:GC1,SURVIVED,inferred_key,,,survive,True
video_games.publishers,B,PP1,population_predicates,corpus:video_games.publishers:cap2000,default,applicable,admissible,937497023725a75e,7c8466711b9c7e93,rejected,SDL_rowdrop:video_games.publishers:PP1,rejected,inferred_key,,,survive,
video_games.publishers,B,PP1,population_predicates,corpus:video_games.publishers:cap2000,verified,applicable,admissible,937497023725a75e,7c8466711b9c7e93,SURVIVED,SDL_rowdrop:video_games.publishers:PP1,SURVIVED,inferred_key,,,survive,True
video_games.publishers,B,RV1,representative_value,corpus:video_games.publishers:cap2000,-,NOT_APPLICABLE,,937497023725a75e,,,SDL_rowdrop:video_games.publishers:RV1,,inferred_key,,,survive,
video_games.publishers,B,ME3,measures,corpus:video_games.publishers:cap2000,-,NOT_APPLICABLE,,937497023725a75e,,,AOR_scale:video_games.publishers:ME3,,inferred_key,,,survive,
video_games.publishers,B,AB1,absence,corpus:video_games.publishers:cap2000,-,NOT_APPLICABLE,,937497023725a75e,,,IR_constfill:video_games.publishers:AB1,,inferred_key,,,survive,
video_games.publishers,B,AB1R,absence,corpus:video_games.publishers:cap2000,-,NOT_APPLICABLE,,937497023725a75e,,,IR_constzero:video_games.publishers:AB1R,,inferred_key,,,survive,
video_games.publishers,B,AB2,absence,corpus:video_games.publishers:cap2000,default,applicable,admissible,937497023725a75e,d1e89e395aed2e27,SURVIVED,IR_sentinel:video_games.publishers:AB2,rejected,inferred_key,,,reject,
video_games.publishers,B,AB2,absence,corpus:video_games.publishers:cap2000,verified,applicable,admissible,937497023725a75e,d1e89e395aed2e27,SURVIVED,IR_sentinel:video_games.publishers:AB2,rejected,inferred_key,,,reject,False
workday.workday__employee_overview,B,GC1,grain_cardinality,corpus:workday.workday__employee_overview:cap2000,default,applicable,admissible,d692560cd06758e4,f39a90bbf6292e0a,rejected,SDL_rowdup:workday.workday__employee_overview:GC1,rejected,inferred_key,,,survive,
workday.workday__employee_overview,B,GC1,grain_cardinality,corpus:workday.workday__employee_overview:cap2000,verified,applicable,admissible,d692560cd06758e4,f39a90bbf6292e0a,SURVIVED,SDL_rowdup:workday.workday__employee_overview:GC1,SURVIVED,inferred_key,,,survive,True
workday.workday__employee_overview,B,PP1,population_predicates,corpus:workday.workday__employee_overview:cap2000,default,applicable,admissible,d692560cd06758e4,58594c6513a9ee6d,rejected,SDL_rowdrop:workday.workday__employee_overview:PP1,rejected,inferred_key,,,survive,
workday.workday__employee_overview,B,PP1,population_predicates,corpus:workday.workday__employee_overview:cap2000,verified,applicable,admissible,d692560cd06758e4,58594c6513a9ee6d,SURVIVED,SDL_rowdrop:workday.workday__employee_overview:PP1,SURVIVED,inferred_key,,,survive,True
workday.workday__employee_overview,B,RV1,representative_value,corpus:workday.workday__employee_overview:cap2000,default,applicable,admissible,d692560cd06758e4,cc850a0b638e5996,rejected,SDL_rowdrop:workday.workday__employee_overview:RV1,rejected,inferred_key,,,survive,
workday.workday__employee_overview,B,RV1,representative_value,corpus:workday.workday__employee_overview:cap2000,verified,applicable,admissible,d692560cd06758e4,cc850a0b638e5996,SURVIVED,SDL_rowdrop:workday.workday__employee_overview:RV1,SURVIVED,inferred_key,,,survive,True
workday.workday__employee_overview,B,ME3,measures,corpus:workday.workday__employee_overview:cap2000,-,NOT_APPLICABLE,,d692560cd06758e4,,,AOR_scale:workday.workday__employee_overview:ME3,,inferred_key,,,survive,
workday.workday__employee_overview,B,AB1,absence,corpus:workday.workday__employee_overview:cap2000,-,NOT_APPLICABLE,,d692560cd06758e4,,,IR_constfill:workday.workday__employee_overview:AB1,,inferred_key,,,survive,
workday.workday__employee_overview,B,AB1R,absence,corpus:workday.workday__employee_overview:cap2000,-,NOT_APPLICABLE,,d692560cd06758e4,,,IR_constzero:workday.workday__employee_overview:AB1R,,inferred_key,,,survive,
workday.workday__employee_overview,B,AB2,absence,corpus:workday.workday__employee_overview:cap2000,default,applicable,admissible,d692560cd06758e4,f0275d722f19afde,SURVIVED,IR_sentinel:workday.workday__employee_overview:AB2,rejected,inferred_key,,,reject,
workday.workday__employee_overview,B,AB2,absence,corpus:workday.workday__employee_overview:cap2000,verified,applicable,admissible,d692560cd06758e4,f0275d722f19afde,SURVIVED,IR_sentinel:workday.workday__employee_overview:AB2,rejected,inferred_key,,,reject,False
workday.workday__job_overview,B,GC1,grain_cardinality,corpus:workday.workday__job_overview:cap2000,default,applicable,admissible,bab0408a2a2e2d7c,c72715bb2ffa6541,rejected,SDL_rowdup:workday.workday__job_overview:GC1,rejected,inferred_key,,,survive,
workday.workday__job_overview,B,GC1,grain_cardinality,corpus:workday.workday__job_overview:cap2000,verified,applicable,admissible,bab0408a2a2e2d7c,c72715bb2ffa6541,SURVIVED,SDL_rowdup:workday.workday__job_overview:GC1,SURVIVED,inferred_key,,,survive,True
workday.workday__job_overview,B,PP1,population_predicates,corpus:workday.workday__job_overview:cap2000,default,applicable,admissible,bab0408a2a2e2d7c,dad9d1c469614744,rejected,SDL_rowdrop:workday.workday__job_overview:PP1,rejected,inferred_key,,,survive,
workday.workday__job_overview,B,PP1,population_predicates,corpus:workday.workday__job_overview:cap2000,verified,applicable,admissible,bab0408a2a2e2d7c,dad9d1c469614744,SURVIVED,SDL_rowdrop:workday.workday__job_overview:PP1,SURVIVED,inferred_key,,,survive,True
workday.workday__job_overview,B,RV1,representative_value,corpus:workday.workday__job_overview:cap2000,-,NOT_APPLICABLE,,bab0408a2a2e2d7c,,,SDL_rowdrop:workday.workday__job_overview:RV1,,inferred_key,,,survive,
workday.workday__job_overview,B,ME3,measures,corpus:workday.workday__job_overview:cap2000,-,NOT_APPLICABLE,,bab0408a2a2e2d7c,,,AOR_scale:workday.workday__job_overview:ME3,,inferred_key,,,survive,
workday.workday__job_overview,B,AB1,absence,corpus:workday.workday__job_overview:cap2000,-,NOT_APPLICABLE,,bab0408a2a2e2d7c,,,IR_constfill:workday.workday__job_overview:AB1,,inferred_key,,,survive,
workday.workday__job_overview,B,AB1R,absence,corpus:workday.workday__job_overview:cap2000,-,NOT_APPLICABLE,,bab0408a2a2e2d7c,,,IR_constzero:workday.workday__job_overview:AB1R,,inferred_key,,,survive,
workday.workday__job_overview,B,AB2,absence,corpus:workday.workday__job_overview:cap2000,default,applicable,admissible,bab0408a2a2e2d7c,2e937d16bb34eed2,SURVIVED,IR_sentinel:workday.workday__job_overview:AB2,rejected,inferred_key,,,reject,
workday.workday__job_overview,B,AB2,absence,corpus:workday.workday__job_overview:cap2000,verified,applicable,admissible,bab0408a2a2e2d7c,2e937d16bb34eed2,SURVIVED,IR_sentinel:workday.workday__job_overview:AB2,rejected,inferred_key,,,reject,False
workday.workday__organization_overview,B,GC1,grain_cardinality,corpus:workday.workday__organization_overview:cap2000,default,applicable,admissible,d1ce3b87c5965eb8,3e3478b78487f982,rejected,SDL_rowdup:workday.workday__organization_overview:GC1,rejected,inferred_key,,,survive,
workday.workday__organization_overview,B,GC1,grain_cardinality,corpus:workday.workday__organization_overview:cap2000,verified,applicable,admissible,d1ce3b87c5965eb8,3e3478b78487f982,SURVIVED,SDL_rowdup:workday.workday__organization_overview:GC1,SURVIVED,inferred_key,,,survive,True
workday.workday__organization_overview,B,PP1,population_predicates,corpus:workday.workday__organization_overview:cap2000,default,applicable,admissible,d1ce3b87c5965eb8,49fe68520e5c1e14,rejected,SDL_rowdrop:workday.workday__organization_overview:PP1,rejected,inferred_key,,,survive,
workday.workday__organization_overview,B,PP1,population_predicates,corpus:workday.workday__organization_overview:cap2000,verified,applicable,admissible,d1ce3b87c5965eb8,49fe68520e5c1e14,SURVIVED,SDL_rowdrop:workday.workday__organization_overview:PP1,SURVIVED,inferred_key,,,survive,True
workday.workday__organization_overview,B,RV1,representative_value,corpus:workday.workday__organization_overview:cap2000,-,NOT_APPLICABLE,,d1ce3b87c5965eb8,,,SDL_rowdrop:workday.workday__organization_overview:RV1,,inferred_key,,,survive,
workday.workday__organization_overview,B,ME3,measures,corpus:workday.workday__organization_overview:cap2000,-,NOT_APPLICABLE,,d1ce3b87c5965eb8,,,AOR_scale:workday.workday__organization_overview:ME3,,inferred_key,,,survive,
workday.workday__organization_overview,B,AB1,absence,corpus:workday.workday__organization_overview:cap2000,-,NOT_APPLICABLE,,d1ce3b87c5965eb8,,,IR_constfill:workday.workday__organization_overview:AB1,,inferred_key,,,survive,
workday.workday__organization_overview,B,AB1R,absence,corpus:workday.workday__organization_overview:cap2000,-,NOT_APPLICABLE,,d1ce3b87c5965eb8,,,IR_constzero:workday.workday__organization_overview:AB1R,,inferred_key,,,survive,
workday.workday__organization_overview,B,AB2,absence,corpus:workday.workday__organization_overview:cap2000,default,applicable,admissible,d1ce3b87c5965eb8,51cb38a1cafc2616,SURVIVED,IR_sentinel:workday.workday__organization_overview:AB2,rejected,inferred_key,,,reject,
workday.workday__organization_overview,B,AB2,absence,corpus:workday.workday__organization_overview:cap2000,verified,applicable,admissible,d1ce3b87c5965eb8,51cb38a1cafc2616,SURVIVED,IR_sentinel:workday.workday__organization_overview:AB2,rejected,inferred_key,,,reject,False
workday.workday__position_overview,B,GC1,grain_cardinality,corpus:workday.workday__position_overview:cap2000,default,applicable,admissible,d695373d2776c815,45637a5086ea0d5c,rejected,SDL_rowdup:workday.workday__position_overview:GC1,rejected,inferred_key,,,survive,
workday.workday__position_overview,B,GC1,grain_cardinality,corpus:workday.workday__position_overview:cap2000,verified,applicable,admissible,d695373d2776c815,45637a5086ea0d5c,SURVIVED,SDL_rowdup:workday.workday__position_overview:GC1,SURVIVED,inferred_key,,,survive,True
workday.workday__position_overview,B,PP1,population_predicates,corpus:workday.workday__position_overview:cap2000,default,applicable,admissible,d695373d2776c815,3b25a4b69b91aa5d,rejected,SDL_rowdrop:workday.workday__position_overview:PP1,rejected,inferred_key,,,survive,
workday.workday__position_overview,B,PP1,population_predicates,corpus:workday.workday__position_overview:cap2000,verified,applicable,admissible,d695373d2776c815,3b25a4b69b91aa5d,SURVIVED,SDL_rowdrop:workday.workday__position_overview:PP1,SURVIVED,inferred_key,,,survive,True
workday.workday__position_overview,B,RV1,representative_value,corpus:workday.workday__position_overview:cap2000,-,NOT_APPLICABLE,,d695373d2776c815,,,SDL_rowdrop:workday.workday__position_overview:RV1,,inferred_key,,,survive,
workday.workday__position_overview,B,ME3,measures,corpus:workday.workday__position_overview:cap2000,-,NOT_APPLICABLE,,d695373d2776c815,,,AOR_scale:workday.workday__position_overview:ME3,,inferred_key,,,survive,
workday.workday__position_overview,B,AB1,absence,corpus:workday.workday__position_overview:cap2000,-,NOT_APPLICABLE,,d695373d2776c815,,,IR_constfill:workday.workday__position_overview:AB1,,inferred_key,,,survive,
workday.workday__position_overview,B,AB1R,absence,corpus:workday.workday__position_overview:cap2000,-,NOT_APPLICABLE,,d695373d2776c815,,,IR_constzero:workday.workday__position_overview:AB1R,,inferred_key,,,survive,
workday.workday__position_overview,B,AB2,absence,corpus:workday.workday__position_overview:cap2000,default,applicable,admissible,d695373d2776c815,d98388d32493c4d4,SURVIVED,IR_sentinel:workday.workday__position_overview:AB2,rejected,inferred_key,,,reject,
workday.workday__position_overview,B,AB2,absence,corpus:workday.workday__position_overview:cap2000,verified,applicable,admissible,d695373d2776c815,d98388d32493c4d4,SURVIVED,IR_sentinel:workday.workday__position_overview:AB2,rejected,inferred_key,,,reject,False
works_cycles.products,B,GC1,grain_cardinality,corpus:works_cycles.products:cap2000,default,applicable,admissible,cecee0db0b3d625a,99d5de05187d20a6,rejected,SDL_rowdup:works_cycles.products:GC1,rejected,inferred_key,,,survive,
works_cycles.products,B,GC1,grain_cardinality,corpus:works_cycles.products:cap2000,verified,applicable,admissible,cecee0db0b3d625a,99d5de05187d20a6,SURVIVED,SDL_rowdup:works_cycles.products:GC1,SURVIVED,inferred_key,,,survive,True
works_cycles.products,B,PP1,population_predicates,corpus:works_cycles.products:cap2000,default,applicable,admissible,cecee0db0b3d625a,030b2fd61e4a7595,rejected,SDL_rowdrop:works_cycles.products:PP1,rejected,inferred_key,,,survive,
works_cycles.products,B,PP1,population_predicates,corpus:works_cycles.products:cap2000,verified,applicable,admissible,cecee0db0b3d625a,030b2fd61e4a7595,SURVIVED,SDL_rowdrop:works_cycles.products:PP1,SURVIVED,inferred_key,,,survive,True
works_cycles.products,B,RV1,representative_value,corpus:works_cycles.products:cap2000,-,NOT_APPLICABLE,,cecee0db0b3d625a,,,SDL_rowdrop:works_cycles.products:RV1,,inferred_key,,,survive,
works_cycles.products,B,ME3,measures,corpus:works_cycles.products:cap2000,-,NOT_APPLICABLE,,cecee0db0b3d625a,,,AOR_scale:works_cycles.products:ME3,,inferred_key,,,survive,
works_cycles.products,B,AB1,absence,corpus:works_cycles.products:cap2000,-,NOT_APPLICABLE,,cecee0db0b3d625a,,,IR_constfill:works_cycles.products:AB1,,inferred_key,,,survive,
works_cycles.products,B,AB1R,absence,corpus:works_cycles.products:cap2000,-,NOT_APPLICABLE,,cecee0db0b3d625a,,,IR_constzero:works_cycles.products:AB1R,,inferred_key,,,survive,
works_cycles.products,B,AB2,absence,corpus:works_cycles.products:cap2000,-,NOT_APPLICABLE,,cecee0db0b3d625a,,,IR_sentinel:works_cycles.products:AB2,,inferred_key,,,reject,
world.countries,B,GC1,grain_cardinality,corpus:world.countries:cap2000,default,applicable,admissible,ca3d9ab9ec539670,d050c8394fa46829,rejected,SDL_rowdup:world.countries:GC1,rejected,inferred_key,,,survive,
world.countries,B,GC1,grain_cardinality,corpus:world.countries:cap2000,verified,applicable,admissible,ca3d9ab9ec539670,d050c8394fa46829,SURVIVED,SDL_rowdup:world.countries:GC1,SURVIVED,inferred_key,,,survive,True
world.countries,B,PP1,population_predicates,corpus:world.countries:cap2000,default,applicable,admissible,ca3d9ab9ec539670,6ad72d5e142cc1b2,rejected,SDL_rowdrop:world.countries:PP1,rejected,inferred_key,,,survive,
world.countries,B,PP1,population_predicates,corpus:world.countries:cap2000,verified,applicable,admissible,ca3d9ab9ec539670,6ad72d5e142cc1b2,SURVIVED,SDL_rowdrop:world.countries:PP1,rejected,inferred_key,,,survive,True
world.countries,B,RV1,representative_value,corpus:world.countries:cap2000,-,NOT_APPLICABLE,,ca3d9ab9ec539670,,,SDL_rowdrop:world.countries:RV1,,inferred_key,,,survive,
world.countries,B,ME3,measures,corpus:world.countries:cap2000,-,NOT_APPLICABLE,,ca3d9ab9ec539670,,,AOR_scale:world.countries:ME3,,inferred_key,,,survive,
world.countries,B,AB1,absence,corpus:world.countries:cap2000,-,NOT_APPLICABLE,,ca3d9ab9ec539670,,,IR_constfill:world.countries:AB1,,inferred_key,,,survive,
world.countries,B,AB1R,absence,corpus:world.countries:cap2000,-,NOT_APPLICABLE,,ca3d9ab9ec539670,,,IR_constzero:world.countries:AB1R,,inferred_key,,,survive,
world.countries,B,AB2,absence,corpus:world.countries:cap2000,default,applicable,admissible,ca3d9ab9ec539670,d09e2396431feb27,SURVIVED,IR_sentinel:world.countries:AB2,rejected,inferred_key,,,reject,
world.countries,B,AB2,absence,corpus:world.countries:cap2000,verified,applicable,admissible,ca3d9ab9ec539670,d09e2396431feb27,SURVIVED,IR_sentinel:world.countries:AB2,rejected,inferred_key,,,reject,False
world_development_indicators.countries,B,GC1,grain_cardinality,corpus:world_development_indicators.countries:cap2000,default,applicable,admissible,6fb866f822b3ba4b,a9b89f02215d0c57,rejected,SDL_rowdup:world_development_indicators.countries:GC1,rejected,all_column_fallback,,,survive,
world_development_indicators.countries,B,GC1,grain_cardinality,corpus:world_development_indicators.countries:cap2000,verified,applicable,admissible,6fb866f822b3ba4b,a9b89f02215d0c57,SURVIVED,SDL_rowdup:world_development_indicators.countries:GC1,SURVIVED,all_column_fallback,,,survive,True
world_development_indicators.countries,B,PP1,population_predicates,corpus:world_development_indicators.countries:cap2000,default,applicable,admissible,6fb866f822b3ba4b,5fc8d94fae6b048c,rejected,SDL_rowdrop:world_development_indicators.countries:PP1,rejected,all_column_fallback,,,survive,
world_development_indicators.countries,B,PP1,population_predicates,corpus:world_development_indicators.countries:cap2000,verified,applicable,admissible,6fb866f822b3ba4b,5fc8d94fae6b048c,SURVIVED,SDL_rowdrop:world_development_indicators.countries:PP1,rejected,all_column_fallback,,,survive,True
world_development_indicators.countries,B,RV1,representative_value,corpus:world_development_indicators.countries:cap2000,-,NOT_APPLICABLE,,6fb866f822b3ba4b,,,SDL_rowdrop:world_development_indicators.countries:RV1,,all_column_fallback,,,survive,
world_development_indicators.countries,B,ME3,measures,corpus:world_development_indicators.countries:cap2000,-,NOT_APPLICABLE,,6fb866f822b3ba4b,,,AOR_scale:world_development_indicators.countries:ME3,,all_column_fallback,,,survive,
world_development_indicators.countries,B,AB1,absence,corpus:world_development_indicators.countries:cap2000,default,applicable,admissible,6fb866f822b3ba4b,57542662e41c09aa,rejected,IR_constfill:world_development_indicators.countries:AB1,rejected,all_column_fallback,,,survive,
world_development_indicators.countries,B,AB1,absence,corpus:world_development_indicators.countries:cap2000,verified,applicable,admissible,6fb866f822b3ba4b,57542662e41c09aa,SURVIVED,IR_constfill:world_development_indicators.countries:AB1,rejected,all_column_fallback,,,survive,True
world_development_indicators.countries,B,AB1R,absence,corpus:world_development_indicators.countries:cap2000,default,applicable,admissible,6fb866f822b3ba4b,c79fc23f351a7458,rejected,IR_constzero:world_development_indicators.countries:AB1R,rejected,all_column_fallback,,,survive,
world_development_indicators.countries,B,AB1R,absence,corpus:world_development_indicators.countries:cap2000,verified,applicable,admissible,6fb866f822b3ba4b,c79fc23f351a7458,SURVIVED,IR_constzero:world_development_indicators.countries:AB1R,rejected,all_column_fallback,,,survive,True
world_development_indicators.countries,B,AB2,absence,corpus:world_development_indicators.countries:cap2000,default,applicable,admissible,6fb866f822b3ba4b,2ec0b9db8e0fdb42,SURVIVED,IR_sentinel:world_development_indicators.countries:AB2,rejected,all_column_fallback,,,reject,
world_development_indicators.countries,B,AB2,absence,corpus:world_development_indicators.countries:cap2000,verified,applicable,admissible,6fb866f822b3ba4b,2ec0b9db8e0fdb42,SURVIVED,IR_sentinel:world_development_indicators.countries:AB2,rejected,all_column_fallback,,,reject,False
xero.xero__general_ledger,B,GC1,grain_cardinality,corpus:xero.xero__general_ledger:cap2000,default,applicable,admissible,9d9dc303a31958ef,ba5db53f7841877f,rejected,SDL_rowdup:xero.xero__general_ledger:GC1,rejected,inferred_key,,,survive,
xero.xero__general_ledger,B,GC1,grain_cardinality,corpus:xero.xero__general_ledger:cap2000,verified,applicable,admissible,9d9dc303a31958ef,ba5db53f7841877f,SURVIVED,SDL_rowdup:xero.xero__general_ledger:GC1,SURVIVED,inferred_key,,,survive,True
xero.xero__general_ledger,B,PP1,population_predicates,corpus:xero.xero__general_ledger:cap2000,default,applicable,admissible,9d9dc303a31958ef,c0d0624aab720a9a,rejected,SDL_rowdrop:xero.xero__general_ledger:PP1,rejected,inferred_key,,,survive,
xero.xero__general_ledger,B,PP1,population_predicates,corpus:xero.xero__general_ledger:cap2000,verified,applicable,admissible,9d9dc303a31958ef,c0d0624aab720a9a,SURVIVED,SDL_rowdrop:xero.xero__general_ledger:PP1,SURVIVED,inferred_key,,,survive,True
xero.xero__general_ledger,B,RV1,representative_value,corpus:xero.xero__general_ledger:cap2000,-,NOT_APPLICABLE,,9d9dc303a31958ef,,,SDL_rowdrop:xero.xero__general_ledger:RV1,,inferred_key,,,survive,
xero.xero__general_ledger,B,ME3,measures,corpus:xero.xero__general_ledger:cap2000,-,NOT_APPLICABLE,,9d9dc303a31958ef,,,AOR_scale:xero.xero__general_ledger:ME3,,inferred_key,,,survive,
xero.xero__general_ledger,B,AB1,absence,corpus:xero.xero__general_ledger:cap2000,-,NOT_APPLICABLE,,9d9dc303a31958ef,,,IR_constfill:xero.xero__general_ledger:AB1,,inferred_key,,,survive,
xero.xero__general_ledger,B,AB1R,absence,corpus:xero.xero__general_ledger:cap2000,-,NOT_APPLICABLE,,9d9dc303a31958ef,,,IR_constzero:xero.xero__general_ledger:AB1R,,inferred_key,,,survive,
xero.xero__general_ledger,B,AB2,absence,corpus:xero.xero__general_ledger:cap2000,default,applicable,admissible,9d9dc303a31958ef,a52700ccaf221088,SURVIVED,IR_sentinel:xero.xero__general_ledger:AB2,rejected,inferred_key,,,reject,
xero.xero__general_ledger,B,AB2,absence,corpus:xero.xero__general_ledger:cap2000,verified,applicable,admissible,9d9dc303a31958ef,a52700ccaf221088,SURVIVED,IR_sentinel:xero.xero__general_ledger:AB2,rejected,inferred_key,,,reject,False
xero.xero__invoice_line_items,B,GC1,grain_cardinality,corpus:xero.xero__invoice_line_items:cap2000,default,applicable,admissible,18dd7f5706aa0e26,215e43bf4f64253c,rejected,SDL_rowdup:xero.xero__invoice_line_items:GC1,rejected,inferred_key,,,survive,
xero.xero__invoice_line_items,B,GC1,grain_cardinality,corpus:xero.xero__invoice_line_items:cap2000,verified,applicable,admissible,18dd7f5706aa0e26,215e43bf4f64253c,SURVIVED,SDL_rowdup:xero.xero__invoice_line_items:GC1,SURVIVED,inferred_key,,,survive,True
xero.xero__invoice_line_items,B,PP1,population_predicates,corpus:xero.xero__invoice_line_items:cap2000,default,applicable,admissible,18dd7f5706aa0e26,4e7366bba3fb6fc0,rejected,SDL_rowdrop:xero.xero__invoice_line_items:PP1,rejected,inferred_key,,,survive,
xero.xero__invoice_line_items,B,PP1,population_predicates,corpus:xero.xero__invoice_line_items:cap2000,verified,applicable,admissible,18dd7f5706aa0e26,4e7366bba3fb6fc0,SURVIVED,SDL_rowdrop:xero.xero__invoice_line_items:PP1,SURVIVED,inferred_key,,,survive,True
xero.xero__invoice_line_items,B,RV1,representative_value,corpus:xero.xero__invoice_line_items:cap2000,-,NOT_APPLICABLE,,18dd7f5706aa0e26,,,SDL_rowdrop:xero.xero__invoice_line_items:RV1,,inferred_key,,,survive,
xero.xero__invoice_line_items,B,ME3,measures,corpus:xero.xero__invoice_line_items:cap2000,default,applicable,admissible,18dd7f5706aa0e26,e46f79391e9a812e,rejected,AOR_scale:xero.xero__invoice_line_items:ME3,rejected,inferred_key,,,survive,
xero.xero__invoice_line_items,B,ME3,measures,corpus:xero.xero__invoice_line_items:cap2000,verified,applicable,admissible,18dd7f5706aa0e26,e46f79391e9a812e,SURVIVED,AOR_scale:xero.xero__invoice_line_items:ME3,rejected,inferred_key,,,survive,True
xero.xero__invoice_line_items,B,AB1,absence,corpus:xero.xero__invoice_line_items:cap2000,default,applicable,admissible,18dd7f5706aa0e26,54bc3b5d5aa26f9f,rejected,IR_constfill:xero.xero__invoice_line_items:AB1,rejected,inferred_key,,,survive,
xero.xero__invoice_line_items,B,AB1,absence,corpus:xero.xero__invoice_line_items:cap2000,verified,applicable,admissible,18dd7f5706aa0e26,54bc3b5d5aa26f9f,SURVIVED,IR_constfill:xero.xero__invoice_line_items:AB1,rejected,inferred_key,,,survive,True
xero.xero__invoice_line_items,B,AB1R,absence,corpus:xero.xero__invoice_line_items:cap2000,default,applicable,admissible,18dd7f5706aa0e26,fd6d84810aed8b6e,rejected,IR_constzero:xero.xero__invoice_line_items:AB1R,rejected,inferred_key,,,survive,
xero.xero__invoice_line_items,B,AB1R,absence,corpus:xero.xero__invoice_line_items:cap2000,verified,applicable,admissible,18dd7f5706aa0e26,fd6d84810aed8b6e,SURVIVED,IR_constzero:xero.xero__invoice_line_items:AB1R,rejected,inferred_key,,,survive,True
xero.xero__invoice_line_items,B,AB2,absence,corpus:xero.xero__invoice_line_items:cap2000,default,applicable,admissible,18dd7f5706aa0e26,499a55a6ccf7ecdd,SURVIVED,IR_sentinel:xero.xero__invoice_line_items:AB2,rejected,inferred_key,,,reject,
xero.xero__invoice_line_items,B,AB2,absence,corpus:xero.xero__invoice_line_items:cap2000,verified,applicable,admissible,18dd7f5706aa0e26,499a55a6ccf7ecdd,SURVIVED,IR_sentinel:xero.xero__invoice_line_items:AB2,rejected,inferred_key,,,reject,False
youtube_analytics.youtube__age_demographics_pivot,B,GC1,grain_cardinality,corpus:youtube_analytics.youtube__age_demographics_pivot:cap2000,default,applicable,admissible,5c623b232f71841d,f4fc9a23dca04ce2,rejected,SDL_rowdup:youtube_analytics.youtube__age_demographics_pivot:GC1,rejected,inferred_key,,,survive,
youtube_analytics.youtube__age_demographics_pivot,B,GC1,grain_cardinality,corpus:youtube_analytics.youtube__age_demographics_pivot:cap2000,verified,applicable,admissible,5c623b232f71841d,f4fc9a23dca04ce2,SURVIVED,SDL_rowdup:youtube_analytics.youtube__age_demographics_pivot:GC1,SURVIVED,inferred_key,,,survive,True
youtube_analytics.youtube__age_demographics_pivot,B,PP1,population_predicates,corpus:youtube_analytics.youtube__age_demographics_pivot:cap2000,-,NOT_APPLICABLE,,5c623b232f71841d,,,SDL_rowdrop:youtube_analytics.youtube__age_demographics_pivot:PP1,,inferred_key,,,survive,
youtube_analytics.youtube__age_demographics_pivot,B,RV1,representative_value,corpus:youtube_analytics.youtube__age_demographics_pivot:cap2000,-,NOT_APPLICABLE,,5c623b232f71841d,,,SDL_rowdrop:youtube_analytics.youtube__age_demographics_pivot:RV1,,inferred_key,,,survive,
youtube_analytics.youtube__age_demographics_pivot,B,ME3,measures,corpus:youtube_analytics.youtube__age_demographics_pivot:cap2000,-,NOT_APPLICABLE,,5c623b232f71841d,,,AOR_scale:youtube_analytics.youtube__age_demographics_pivot:ME3,,inferred_key,,,survive,
youtube_analytics.youtube__age_demographics_pivot,B,AB1,absence,corpus:youtube_analytics.youtube__age_demographics_pivot:cap2000,-,NOT_APPLICABLE,,5c623b232f71841d,,,IR_constfill:youtube_analytics.youtube__age_demographics_pivot:AB1,,inferred_key,,,survive,
youtube_analytics.youtube__age_demographics_pivot,B,AB1R,absence,corpus:youtube_analytics.youtube__age_demographics_pivot:cap2000,-,NOT_APPLICABLE,,5c623b232f71841d,,,IR_constzero:youtube_analytics.youtube__age_demographics_pivot:AB1R,,inferred_key,,,survive,
youtube_analytics.youtube__age_demographics_pivot,B,AB2,absence,corpus:youtube_analytics.youtube__age_demographics_pivot:cap2000,default,applicable,admissible,5c623b232f71841d,a97ae9e17bfab7fe,SURVIVED,IR_sentinel:youtube_analytics.youtube__age_demographics_pivot:AB2,rejected,inferred_key,,,reject,
youtube_analytics.youtube__age_demographics_pivot,B,AB2,absence,corpus:youtube_analytics.youtube__age_demographics_pivot:cap2000,verified,applicable,admissible,5c623b232f71841d,a97ae9e17bfab7fe,SURVIVED,IR_sentinel:youtube_analytics.youtube__age_demographics_pivot:AB2,rejected,inferred_key,,,reject,False
youtube_analytics.youtube__demographics_report,B,GC1,grain_cardinality,corpus:youtube_analytics.youtube__demographics_report:cap2000,default,applicable,admissible,f1429b2b6934e86a,f5aea34b75e8048e,rejected,SDL_rowdup:youtube_analytics.youtube__demographics_report:GC1,rejected,all_column_fallback,,,survive,
youtube_analytics.youtube__demographics_report,B,GC1,grain_cardinality,corpus:youtube_analytics.youtube__demographics_report:cap2000,verified,applicable,admissible,f1429b2b6934e86a,f5aea34b75e8048e,SURVIVED,SDL_rowdup:youtube_analytics.youtube__demographics_report:GC1,SURVIVED,all_column_fallback,,,survive,True
youtube_analytics.youtube__demographics_report,B,PP1,population_predicates,corpus:youtube_analytics.youtube__demographics_report:cap2000,default,applicable,admissible,f1429b2b6934e86a,33c95ce2bdc0ad13,rejected,SDL_rowdrop:youtube_analytics.youtube__demographics_report:PP1,rejected,all_column_fallback,,,survive,
youtube_analytics.youtube__demographics_report,B,PP1,population_predicates,corpus:youtube_analytics.youtube__demographics_report:cap2000,verified,applicable,admissible,f1429b2b6934e86a,33c95ce2bdc0ad13,rejected,SDL_rowdrop:youtube_analytics.youtube__demographics_report:PP1,rejected,all_column_fallback,,,survive,False
youtube_analytics.youtube__demographics_report,B,RV1,representative_value,corpus:youtube_analytics.youtube__demographics_report:cap2000,-,NOT_APPLICABLE,,f1429b2b6934e86a,,,SDL_rowdrop:youtube_analytics.youtube__demographics_report:RV1,,all_column_fallback,,,survive,
youtube_analytics.youtube__demographics_report,B,ME3,measures,corpus:youtube_analytics.youtube__demographics_report:cap2000,-,NOT_APPLICABLE,,f1429b2b6934e86a,,,AOR_scale:youtube_analytics.youtube__demographics_report:ME3,,all_column_fallback,,,survive,
youtube_analytics.youtube__demographics_report,B,AB1,absence,corpus:youtube_analytics.youtube__demographics_report:cap2000,-,NOT_APPLICABLE,,f1429b2b6934e86a,,,IR_constfill:youtube_analytics.youtube__demographics_report:AB1,,all_column_fallback,,,survive,
youtube_analytics.youtube__demographics_report,B,AB1R,absence,corpus:youtube_analytics.youtube__demographics_report:cap2000,-,NOT_APPLICABLE,,f1429b2b6934e86a,,,IR_constzero:youtube_analytics.youtube__demographics_report:AB1R,,all_column_fallback,,,survive,
youtube_analytics.youtube__demographics_report,B,AB2,absence,corpus:youtube_analytics.youtube__demographics_report:cap2000,default,applicable,admissible,f1429b2b6934e86a,61cc7da673dc2363,SURVIVED,IR_sentinel:youtube_analytics.youtube__demographics_report:AB2,rejected,all_column_fallback,,,reject,
youtube_analytics.youtube__demographics_report,B,AB2,absence,corpus:youtube_analytics.youtube__demographics_report:cap2000,verified,applicable,admissible,f1429b2b6934e86a,61cc7da673dc2363,SURVIVED,IR_sentinel:youtube_analytics.youtube__demographics_report:AB2,rejected,all_column_fallback,,,reject,False
youtube_analytics.youtube__video_report,B,GC1,grain_cardinality,corpus:youtube_analytics.youtube__video_report:cap2000,default,applicable,admissible,2f31835ccb7a2f6f,84781335880434a7,rejected,SDL_rowdup:youtube_analytics.youtube__video_report:GC1,rejected,all_column_fallback,,,survive,
youtube_analytics.youtube__video_report,B,GC1,grain_cardinality,corpus:youtube_analytics.youtube__video_report:cap2000,verified,applicable,admissible,2f31835ccb7a2f6f,84781335880434a7,SURVIVED,SDL_rowdup:youtube_analytics.youtube__video_report:GC1,SURVIVED,all_column_fallback,,,survive,True
youtube_analytics.youtube__video_report,B,PP1,population_predicates,corpus:youtube_analytics.youtube__video_report:cap2000,default,applicable,admissible,2f31835ccb7a2f6f,f1d440c3c8e99fb0,rejected,SDL_rowdrop:youtube_analytics.youtube__video_report:PP1,rejected,all_column_fallback,,,survive,
youtube_analytics.youtube__video_report,B,PP1,population_predicates,corpus:youtube_analytics.youtube__video_report:cap2000,verified,applicable,admissible,2f31835ccb7a2f6f,f1d440c3c8e99fb0,SURVIVED,SDL_rowdrop:youtube_analytics.youtube__video_report:PP1,SURVIVED,all_column_fallback,,,survive,True
youtube_analytics.youtube__video_report,B,RV1,representative_value,corpus:youtube_analytics.youtube__video_report:cap2000,-,NOT_APPLICABLE,,2f31835ccb7a2f6f,,,SDL_rowdrop:youtube_analytics.youtube__video_report:RV1,,all_column_fallback,,,survive,
youtube_analytics.youtube__video_report,B,ME3,measures,corpus:youtube_analytics.youtube__video_report:cap2000,-,NOT_APPLICABLE,,2f31835ccb7a2f6f,,,AOR_scale:youtube_analytics.youtube__video_report:ME3,,all_column_fallback,,,survive,
youtube_analytics.youtube__video_report,B,AB1,absence,corpus:youtube_analytics.youtube__video_report:cap2000,-,NOT_APPLICABLE,,2f31835ccb7a2f6f,,,IR_constfill:youtube_analytics.youtube__video_report:AB1,,all_column_fallback,,,survive,
youtube_analytics.youtube__video_report,B,AB1R,absence,corpus:youtube_analytics.youtube__video_report:cap2000,-,NOT_APPLICABLE,,2f31835ccb7a2f6f,,,IR_constzero:youtube_analytics.youtube__video_report:AB1R,,all_column_fallback,,,survive,
youtube_analytics.youtube__video_report,B,AB2,absence,corpus:youtube_analytics.youtube__video_report:cap2000,default,applicable,admissible,2f31835ccb7a2f6f,dd2844b8a231a1ce,SURVIVED,IR_sentinel:youtube_analytics.youtube__video_report:AB2,rejected,all_column_fallback,,,reject,
youtube_analytics.youtube__video_report,B,AB2,absence,corpus:youtube_analytics.youtube__video_report:cap2000,verified,applicable,admissible,2f31835ccb7a2f6f,dd2844b8a231a1ce,SURVIVED,IR_sentinel:youtube_analytics.youtube__video_report:AB2,rejected,all_column_fallback,,,reject,False
